0 verbose cli C:\Program Files\nodejs\node.exe C:\Program Files\nodejs\node_modules\npm\bin\npm-cli.js
1 info using npm@11.13.0
2 info using node@v24.16.0
3 silly config load:file:C:\Program Files\nodejs\node_modules\npm\npmrc
4 silly config load:file:C:\Users\patri\Desktop\Website\SPTC\next\.npmrc
5 silly config load:file:C:\Users\patri\.npmrc
6 silly config load:file:C:\Users\patri\AppData\Roaming\npm\etc\npmrc
7 verbose title npm install
8 verbose argv "install" "--cache" ".npm-cache"
9 verbose logfile logs-max:10 dir:C:\Users\patri\Desktop\Website\SPTC\next\.npm-cache\_logs\2026-07-22T20_27_43_975Z-
10 verbose logfile C:\Users\patri\Desktop\Website\SPTC\next\.npm-cache\_logs\2026-07-22T20_27_43_975Z-debug-0.log
11 silly logfile done cleaning log files
12 silly packumentCache heap:2348810240 maxSize:587202560 maxEntrySize:293601280
13 silly idealTree buildDeps
14 silly reify mark retired [
14 silly reify   'C:\\Users\\patri\\Desktop\\Website\\SPTC\\next\\node_modules\\acorn'
14 silly reify ]
15 silly reify mark retired [
15 silly reify   'C:\\Users\\patri\\Desktop\\Website\\SPTC\\next\\node_modules\\accepts'
15 silly reify ]
16 silly reify mark retired [
16 silly reify   'C:\\Users\\patri\\Desktop\\Website\\SPTC\\next\\node_modules\\acorn-jsx'
16 silly reify ]
17 silly reify mark retired [ 'C:\\Users\\patri\\Desktop\\Website\\SPTC\\next\\node_modules\\ajv' ]
18 silly reify mark retired [
18 silly reify   'C:\\Users\\patri\\Desktop\\Website\\SPTC\\next\\node_modules\\ajv-formats'
18 silly reify ]
19 silly reify mark retired [
19 silly reify   'C:\\Users\\patri\\Desktop\\Website\\SPTC\\next\\node_modules\\ansi-colors'
19 silly reify ]
20 silly reify mark retired [
20 silly reify   'C:\\Users\\patri\\Desktop\\Website\\SPTC\\next\\node_modules\\ansi-styles'
20 silly reify ]
21 silly reify mark retired [
21 silly reify   'C:\\Users\\patri\\Desktop\\Website\\SPTC\\next\\node_modules\\argparse'
21 silly reify ]
22 silly reify mark retired [
22 silly reify   'C:\\Users\\patri\\Desktop\\Website\\SPTC\\next\\node_modules\\array-buffer-byte-length'
22 silly reify ]
23 silly reify mark retired [
23 silly reify   'C:\\Users\\patri\\Desktop\\Website\\SPTC\\next\\node_modules\\ansi-regex'
23 silly reify ]
24 silly reify mark retired [
24 silly reify   'C:\\Users\\patri\\Desktop\\Website\\SPTC\\next\\node_modules\\aria-query'
24 silly reify ]
25 silly reify mark retired [
25 silly reify   'C:\\Users\\patri\\Desktop\\Website\\SPTC\\next\\node_modules\\array-includes'
25 silly reify ]
26 silly reify mark retired [
26 silly reify   'C:\\Users\\patri\\Desktop\\Website\\SPTC\\next\\node_modules\\array.prototype.findlast'
26 silly reify ]
27 silly reify mark retired [
27 silly reify   'C:\\Users\\patri\\Desktop\\Website\\SPTC\\next\\node_modules\\array.prototype.flat'
27 silly reify ]
28 silly reify mark retired [
28 silly reify   'C:\\Users\\patri\\Desktop\\Website\\SPTC\\next\\node_modules\\array.prototype.flatmap'
28 silly reify ]
29 silly reify mark retired [
29 silly reify   'C:\\Users\\patri\\Desktop\\Website\\SPTC\\next\\node_modules\\array.prototype.findlastindex'
29 silly reify ]
30 silly reify mark retired [
30 silly reify   'C:\\Users\\patri\\Desktop\\Website\\SPTC\\next\\node_modules\\array.prototype.tosorted'
30 silly reify ]
31 silly reify mark retired [
31 silly reify   'C:\\Users\\patri\\Desktop\\Website\\SPTC\\next\\node_modules\\arraybuffer.prototype.slice'
31 silly reify ]
32 silly reify mark retired [
32 silly reify   'C:\\Users\\patri\\Desktop\\Website\\SPTC\\next\\node_modules\\assertion-error'
32 silly reify ]
33 silly reify mark retired [
33 silly reify   'C:\\Users\\patri\\Desktop\\Website\\SPTC\\next\\node_modules\\ast-types'
33 silly reify ]
34 silly reify mark retired [
34 silly reify   'C:\\Users\\patri\\Desktop\\Website\\SPTC\\next\\node_modules\\ast-types-flow'
34 silly reify ]
35 silly reify mark retired [
35 silly reify   'C:\\Users\\patri\\Desktop\\Website\\SPTC\\next\\node_modules\\async-function'
35 silly reify ]
36 silly reify mark retired [
36 silly reify   'C:\\Users\\patri\\Desktop\\Website\\SPTC\\next\\node_modules\\atomically'
36 silly reify ]
37 silly reify mark retired [
37 silly reify   'C:\\Users\\patri\\Desktop\\Website\\SPTC\\next\\node_modules\\axe-core'
37 silly reify ]
38 silly reify mark retired [
38 silly reify   'C:\\Users\\patri\\Desktop\\Website\\SPTC\\next\\node_modules\\available-typed-arrays'
38 silly reify ]
39 silly reify mark retired [
39 silly reify   'C:\\Users\\patri\\Desktop\\Website\\SPTC\\next\\node_modules\\balanced-match'
39 silly reify ]
40 silly reify mark retired [
40 silly reify   'C:\\Users\\patri\\Desktop\\Website\\SPTC\\next\\node_modules\\axobject-query'
40 silly reify ]
41 silly reify mark retired [
41 silly reify   'C:\\Users\\patri\\Desktop\\Website\\SPTC\\next\\node_modules\\brace-expansion'
41 silly reify ]
42 silly reify mark retired [
42 silly reify   'C:\\Users\\patri\\Desktop\\Website\\SPTC\\next\\node_modules\\baseline-browser-mapping'
42 silly reify ]
43 silly reify mark retired [
43 silly reify   'C:\\Users\\patri\\Desktop\\Website\\SPTC\\next\\node_modules\\body-parser'
43 silly reify ]
44 silly reify mark retired [
44 silly reify   'C:\\Users\\patri\\Desktop\\Website\\SPTC\\next\\node_modules\\braces'
44 silly reify ]
45 silly reify mark retired [
45 silly reify   'C:\\Users\\patri\\Desktop\\Website\\SPTC\\next\\node_modules\\browserslist'
45 silly reify ]
46 silly reify mark retired [
46 silly reify   'C:\\Users\\patri\\Desktop\\Website\\SPTC\\next\\node_modules\\bundle-name'
46 silly reify ]
47 silly reify mark retired [
47 silly reify   'C:\\Users\\patri\\Desktop\\Website\\SPTC\\next\\node_modules\\call-bind'
47 silly reify ]
48 silly reify mark retired [
48 silly reify   'C:\\Users\\patri\\Desktop\\Website\\SPTC\\next\\node_modules\\bytes'
48 silly reify ]
49 silly reify mark retired [ 'C:\\Users\\patri\\Desktop\\Website\\SPTC\\next\\node_modules\\cac' ]
50 silly reify mark retired [
50 silly reify   'C:\\Users\\patri\\Desktop\\Website\\SPTC\\next\\node_modules\\call-bound'
50 silly reify ]
51 silly reify mark retired [
51 silly reify   'C:\\Users\\patri\\Desktop\\Website\\SPTC\\next\\node_modules\\call-bind-apply-helpers'
51 silly reify ]
52 silly reify mark retired [
52 silly reify   'C:\\Users\\patri\\Desktop\\Website\\SPTC\\next\\node_modules\\callsites'
52 silly reify ]
53 silly reify mark retired [
53 silly reify   'C:\\Users\\patri\\Desktop\\Website\\SPTC\\next\\node_modules\\caniuse-lite'
53 silly reify ]
54 silly reify mark retired [
54 silly reify   'C:\\Users\\patri\\Desktop\\Website\\SPTC\\next\\node_modules\\canvas-confetti'
54 silly reify ]
55 silly reify mark retired [
55 silly reify   'C:\\Users\\patri\\Desktop\\Website\\SPTC\\next\\node_modules\\chai'
55 silly reify ]
56 silly reify mark retired [
56 silly reify   'C:\\Users\\patri\\Desktop\\Website\\SPTC\\next\\node_modules\\chalk'
56 silly reify ]
57 silly reify mark retired [
57 silly reify   'C:\\Users\\patri\\Desktop\\Website\\SPTC\\next\\node_modules\\check-error'
57 silly reify ]
58 silly reify mark retired [
58 silly reify   'C:\\Users\\patri\\Desktop\\Website\\SPTC\\next\\node_modules\\class-variance-authority'
58 silly reify ]
59 silly reify mark retired [
59 silly reify   'C:\\Users\\patri\\Desktop\\Website\\SPTC\\next\\node_modules\\cli-cursor'
59 silly reify ]
60 silly reify mark retired [
60 silly reify   'C:\\Users\\patri\\Desktop\\Website\\SPTC\\next\\node_modules\\cli-spinners'
60 silly reify ]
61 silly reify mark retired [
61 silly reify   'C:\\Users\\patri\\Desktop\\Website\\SPTC\\next\\node_modules\\client-only'
61 silly reify ]
62 silly reify mark retired [
62 silly reify   'C:\\Users\\patri\\Desktop\\Website\\SPTC\\next\\node_modules\\clsx'
62 silly reify ]
63 silly reify mark retired [
63 silly reify   'C:\\Users\\patri\\Desktop\\Website\\SPTC\\next\\node_modules\\code-block-writer'
63 silly reify ]
64 silly reify mark retired [
64 silly reify   'C:\\Users\\patri\\Desktop\\Website\\SPTC\\next\\node_modules\\commander'
64 silly reify ]
65 silly reify mark retired [
65 silly reify   'C:\\Users\\patri\\Desktop\\Website\\SPTC\\next\\node_modules\\color-convert'
65 silly reify ]
66 silly reify mark retired [
66 silly reify   'C:\\Users\\patri\\Desktop\\Website\\SPTC\\next\\node_modules\\concat-map'
66 silly reify ]
67 silly reify mark retired [
67 silly reify   'C:\\Users\\patri\\Desktop\\Website\\SPTC\\next\\node_modules\\color-name'
67 silly reify ]
68 silly reify mark retired [
68 silly reify   'C:\\Users\\patri\\Desktop\\Website\\SPTC\\next\\node_modules\\conf'
68 silly reify ]
69 silly reify mark retired [
69 silly reify   'C:\\Users\\patri\\Desktop\\Website\\SPTC\\next\\node_modules\\content-disposition'
69 silly reify ]
70 silly reify mark retired [
70 silly reify   'C:\\Users\\patri\\Desktop\\Website\\SPTC\\next\\node_modules\\content-type'
70 silly reify ]
71 silly reify mark retired [
71 silly reify   'C:\\Users\\patri\\Desktop\\Website\\SPTC\\next\\node_modules\\convert-source-map'
71 silly reify ]
72 silly reify mark retired [
72 silly reify   'C:\\Users\\patri\\Desktop\\Website\\SPTC\\next\\node_modules\\cookie'
72 silly reify ]
73 silly reify mark retired [
73 silly reify   'C:\\Users\\patri\\Desktop\\Website\\SPTC\\next\\node_modules\\cors'
73 silly reify ]
74 silly reify mark retired [
74 silly reify   'C:\\Users\\patri\\Desktop\\Website\\SPTC\\next\\node_modules\\cookie-signature'
74 silly reify ]
75 silly reify mark retired [
75 silly reify   'C:\\Users\\patri\\Desktop\\Website\\SPTC\\next\\node_modules\\cosmiconfig'
75 silly reify ]
76 silly reify mark retired [
76 silly reify   'C:\\Users\\patri\\Desktop\\Website\\SPTC\\next\\node_modules\\cross-spawn'
76 silly reify ]
77 silly reify mark retired [
77 silly reify   'C:\\Users\\patri\\Desktop\\Website\\SPTC\\next\\node_modules\\cssesc'
77 silly reify ]
78 silly reify mark retired [
78 silly reify   'C:\\Users\\patri\\Desktop\\Website\\SPTC\\next\\node_modules\\csstype'
78 silly reify ]
79 silly reify mark retired [
79 silly reify   'C:\\Users\\patri\\Desktop\\Website\\SPTC\\next\\node_modules\\d3-array'
79 silly reify ]
80 silly reify mark retired [
80 silly reify   'C:\\Users\\patri\\Desktop\\Website\\SPTC\\next\\node_modules\\d3-ease'
80 silly reify ]
81 silly reify mark retired [
81 silly reify   'C:\\Users\\patri\\Desktop\\Website\\SPTC\\next\\node_modules\\d3-color'
81 silly reify ]
82 silly reify mark retired [
82 silly reify   'C:\\Users\\patri\\Desktop\\Website\\SPTC\\next\\node_modules\\d3-format'
82 silly reify ]
83 silly reify mark retired [
83 silly reify   'C:\\Users\\patri\\Desktop\\Website\\SPTC\\next\\node_modules\\d3-interpolate'
83 silly reify ]
84 silly reify mark retired [
84 silly reify   'C:\\Users\\patri\\Desktop\\Website\\SPTC\\next\\node_modules\\d3-path'
84 silly reify ]
85 silly reify mark retired [
85 silly reify   'C:\\Users\\patri\\Desktop\\Website\\SPTC\\next\\node_modules\\d3-scale'
85 silly reify ]
86 silly reify mark retired [
86 silly reify   'C:\\Users\\patri\\Desktop\\Website\\SPTC\\next\\node_modules\\d3-shape'
86 silly reify ]
87 silly reify mark retired [
87 silly reify   'C:\\Users\\patri\\Desktop\\Website\\SPTC\\next\\node_modules\\d3-time'
87 silly reify ]
88 silly reify mark retired [
88 silly reify   'C:\\Users\\patri\\Desktop\\Website\\SPTC\\next\\node_modules\\d3-time-format'
88 silly reify ]
89 silly reify mark retired [
89 silly reify   'C:\\Users\\patri\\Desktop\\Website\\SPTC\\next\\node_modules\\damerau-levenshtein'
89 silly reify ]
90 silly reify mark retired [
90 silly reify   'C:\\Users\\patri\\Desktop\\Website\\SPTC\\next\\node_modules\\data-view-buffer'
90 silly reify ]
91 silly reify mark retired [
91 silly reify   'C:\\Users\\patri\\Desktop\\Website\\SPTC\\next\\node_modules\\data-view-byte-length'
91 silly reify ]
92 silly reify mark retired [
92 silly reify   'C:\\Users\\patri\\Desktop\\Website\\SPTC\\next\\node_modules\\d3-timer'
92 silly reify ]
93 silly reify mark retired [
93 silly reify   'C:\\Users\\patri\\Desktop\\Website\\SPTC\\next\\node_modules\\data-view-byte-offset'
93 silly reify ]
94 silly reify mark retired [
94 silly reify   'C:\\Users\\patri\\Desktop\\Website\\SPTC\\next\\node_modules\\debounce-fn'
94 silly reify ]
95 silly reify mark retired [
95 silly reify   'C:\\Users\\patri\\Desktop\\Website\\SPTC\\next\\node_modules\\debug'
95 silly reify ]
96 silly reify mark retired [
96 silly reify   'C:\\Users\\patri\\Desktop\\Website\\SPTC\\next\\node_modules\\dedent'
96 silly reify ]
97 silly reify mark retired [
97 silly reify   'C:\\Users\\patri\\Desktop\\Website\\SPTC\\next\\node_modules\\decimal.js-light'
97 silly reify ]
98 silly reify mark retired [
98 silly reify   'C:\\Users\\patri\\Desktop\\Website\\SPTC\\next\\node_modules\\deep-is'
98 silly reify ]
99 silly reify mark retired [
99 silly reify   'C:\\Users\\patri\\Desktop\\Website\\SPTC\\next\\node_modules\\deep-eql'
99 silly reify ]
100 silly reify mark retired [
100 silly reify   'C:\\Users\\patri\\Desktop\\Website\\SPTC\\next\\node_modules\\deepmerge'
100 silly reify ]
101 silly reify mark retired [
101 silly reify   'C:\\Users\\patri\\Desktop\\Website\\SPTC\\next\\node_modules\\default-browser-id'
101 silly reify ]
102 silly reify mark retired [
102 silly reify   'C:\\Users\\patri\\Desktop\\Website\\SPTC\\next\\node_modules\\default-browser'
102 silly reify ]
103 silly reify mark retired [
103 silly reify   'C:\\Users\\patri\\Desktop\\Website\\SPTC\\next\\node_modules\\define-data-property'
103 silly reify ]
104 silly reify mark retired [
104 silly reify   'C:\\Users\\patri\\Desktop\\Website\\SPTC\\next\\node_modules\\define-properties'
104 silly reify ]
105 silly reify mark retired [
105 silly reify   'C:\\Users\\patri\\Desktop\\Website\\SPTC\\next\\node_modules\\define-lazy-prop'
105 silly reify ]
106 silly reify mark retired [
106 silly reify   'C:\\Users\\patri\\Desktop\\Website\\SPTC\\next\\node_modules\\depd'
106 silly reify ]
107 silly reify mark retired [
107 silly reify   'C:\\Users\\patri\\Desktop\\Website\\SPTC\\next\\node_modules\\detect-libc'
107 silly reify ]
108 silly reify mark retired [
108 silly reify   'C:\\Users\\patri\\Desktop\\Website\\SPTC\\next\\node_modules\\diff'
108 silly reify ]
109 silly reify mark retired [
109 silly reify   'C:\\Users\\patri\\Desktop\\Website\\SPTC\\next\\node_modules\\doctrine'
109 silly reify ]
110 silly reify mark retired [
110 silly reify   'C:\\Users\\patri\\Desktop\\Website\\SPTC\\next\\node_modules\\dot-prop'
110 silly reify ]
111 silly reify mark retired [
111 silly reify   'C:\\Users\\patri\\Desktop\\Website\\SPTC\\next\\node_modules\\dunder-proto'
111 silly reify ]
112 silly reify mark retired [
112 silly reify   'C:\\Users\\patri\\Desktop\\Website\\SPTC\\next\\node_modules\\dotenv'
112 silly reify ]
113 silly reify mark retired [
113 silly reify   'C:\\Users\\patri\\Desktop\\Website\\SPTC\\next\\node_modules\\ee-first'
113 silly reify ]
114 silly reify mark retired [
114 silly reify   'C:\\Users\\patri\\Desktop\\Website\\SPTC\\next\\node_modules\\electron-to-chromium'
114 silly reify ]
115 silly reify mark retired [
115 silly reify   'C:\\Users\\patri\\Desktop\\Website\\SPTC\\next\\node_modules\\emoji-regex'
115 silly reify ]
116 silly reify mark retired [
116 silly reify   'C:\\Users\\patri\\Desktop\\Website\\SPTC\\next\\node_modules\\encodeurl'
116 silly reify ]
117 silly reify mark retired [
117 silly reify   'C:\\Users\\patri\\Desktop\\Website\\SPTC\\next\\node_modules\\enhanced-resolve'
117 silly reify ]
118 silly reify mark retired [
118 silly reify   'C:\\Users\\patri\\Desktop\\Website\\SPTC\\next\\node_modules\\enquirer'
118 silly reify ]
119 silly reify mark retired [
119 silly reify   'C:\\Users\\patri\\Desktop\\Website\\SPTC\\next\\node_modules\\env-paths'
119 silly reify ]
120 silly reify mark retired [
120 silly reify   'C:\\Users\\patri\\Desktop\\Website\\SPTC\\next\\node_modules\\es-abstract'
120 silly reify ]
121 silly reify mark retired [
121 silly reify   'C:\\Users\\patri\\Desktop\\Website\\SPTC\\next\\node_modules\\error-ex'
121 silly reify ]
122 silly reify mark retired [
122 silly reify   'C:\\Users\\patri\\Desktop\\Website\\SPTC\\next\\node_modules\\es-abstract-get'
122 silly reify ]
123 silly reify mark retired [
123 silly reify   'C:\\Users\\patri\\Desktop\\Website\\SPTC\\next\\node_modules\\es-errors'
123 silly reify ]
124 silly reify mark retired [
124 silly reify   'C:\\Users\\patri\\Desktop\\Website\\SPTC\\next\\node_modules\\es-define-property'
124 silly reify ]
125 silly reify mark retired [
125 silly reify   'C:\\Users\\patri\\Desktop\\Website\\SPTC\\next\\node_modules\\es-iterator-helpers'
125 silly reify ]
126 silly reify mark retired [
126 silly reify   'C:\\Users\\patri\\Desktop\\Website\\SPTC\\next\\node_modules\\es-module-lexer'
126 silly reify ]
127 silly reify mark retired [
127 silly reify   'C:\\Users\\patri\\Desktop\\Website\\SPTC\\next\\node_modules\\es-object-atoms'
127 silly reify ]
128 silly reify mark retired [
128 silly reify   'C:\\Users\\patri\\Desktop\\Website\\SPTC\\next\\node_modules\\es-set-tostringtag'
128 silly reify ]
129 silly reify mark retired [
129 silly reify   'C:\\Users\\patri\\Desktop\\Website\\SPTC\\next\\node_modules\\es-shim-unscopables'
129 silly reify ]
130 silly reify mark retired [
130 silly reify   'C:\\Users\\patri\\Desktop\\Website\\SPTC\\next\\node_modules\\es-to-primitive'
130 silly reify ]
131 silly reify mark retired [
131 silly reify   'C:\\Users\\patri\\Desktop\\Website\\SPTC\\next\\node_modules\\es-toolkit'
131 silly reify ]
132 silly reify mark retired [
132 silly reify   'C:\\Users\\patri\\Desktop\\Website\\SPTC\\next\\node_modules\\esbuild'
132 silly reify ]
133 silly reify mark retired [
133 silly reify   'C:\\Users\\patri\\Desktop\\Website\\SPTC\\next\\node_modules\\escalade'
133 silly reify ]
134 silly reify mark retired [
134 silly reify   'C:\\Users\\patri\\Desktop\\Website\\SPTC\\next\\node_modules\\escape-html'
134 silly reify ]
135 silly reify mark retired [
135 silly reify   'C:\\Users\\patri\\Desktop\\Website\\SPTC\\next\\node_modules\\escape-string-regexp'
135 silly reify ]
136 silly reify mark retired [
136 silly reify   'C:\\Users\\patri\\Desktop\\Website\\SPTC\\next\\node_modules\\eslint'
136 silly reify ]
137 silly reify mark retired [
137 silly reify   'C:\\Users\\patri\\Desktop\\Website\\SPTC\\next\\node_modules\\eslint-config-next'
137 silly reify ]
138 silly reify mark retired [
138 silly reify   'C:\\Users\\patri\\Desktop\\Website\\SPTC\\next\\node_modules\\eslint-import-resolver-node'
138 silly reify ]
139 silly reify mark retired [
139 silly reify   'C:\\Users\\patri\\Desktop\\Website\\SPTC\\next\\node_modules\\eslint-import-resolver-typescript'
139 silly reify ]
140 silly reify mark retired [
140 silly reify   'C:\\Users\\patri\\Desktop\\Website\\SPTC\\next\\node_modules\\eslint-module-utils'
140 silly reify ]
141 silly reify mark retired [
141 silly reify   'C:\\Users\\patri\\Desktop\\Website\\SPTC\\next\\node_modules\\eslint-plugin-import'
141 silly reify ]
142 silly reify mark retired [
142 silly reify   'C:\\Users\\patri\\Desktop\\Website\\SPTC\\next\\node_modules\\eslint-plugin-react'
142 silly reify ]
143 silly reify mark retired [
143 silly reify   'C:\\Users\\patri\\Desktop\\Website\\SPTC\\next\\node_modules\\eslint-plugin-jsx-a11y'
143 silly reify ]
144 silly reify mark retired [
144 silly reify   'C:\\Users\\patri\\Desktop\\Website\\SPTC\\next\\node_modules\\eslint-plugin-react-hooks'
144 silly reify ]
145 silly reify mark retired [
145 silly reify   'C:\\Users\\patri\\Desktop\\Website\\SPTC\\next\\node_modules\\eslint-scope'
145 silly reify ]
146 silly reify mark retired [
146 silly reify   'C:\\Users\\patri\\Desktop\\Website\\SPTC\\next\\node_modules\\eslint-visitor-keys'
146 silly reify ]
147 silly reify mark retired [
147 silly reify   'C:\\Users\\patri\\Desktop\\Website\\SPTC\\next\\node_modules\\espree'
147 silly reify ]
148 silly reify mark retired [
148 silly reify   'C:\\Users\\patri\\Desktop\\Website\\SPTC\\next\\node_modules\\esprima'
148 silly reify ]
149 silly reify mark retired [
149 silly reify   'C:\\Users\\patri\\Desktop\\Website\\SPTC\\next\\node_modules\\esquery'
149 silly reify ]
150 silly reify mark retired [
150 silly reify   'C:\\Users\\patri\\Desktop\\Website\\SPTC\\next\\node_modules\\esrecurse'
150 silly reify ]
151 silly reify mark retired [
151 silly reify   'C:\\Users\\patri\\Desktop\\Website\\SPTC\\next\\node_modules\\estraverse'
151 silly reify ]
152 silly reify mark retired [
152 silly reify   'C:\\Users\\patri\\Desktop\\Website\\SPTC\\next\\node_modules\\estree-walker'
152 silly reify ]
153 silly reify mark retired [
153 silly reify   'C:\\Users\\patri\\Desktop\\Website\\SPTC\\next\\node_modules\\etag'
153 silly reify ]
154 silly reify mark retired [
154 silly reify   'C:\\Users\\patri\\Desktop\\Website\\SPTC\\next\\node_modules\\esutils'
154 silly reify ]
155 silly reify mark retired [
155 silly reify   'C:\\Users\\patri\\Desktop\\Website\\SPTC\\next\\node_modules\\eventemitter3'
155 silly reify ]
156 silly reify mark retired [
156 silly reify   'C:\\Users\\patri\\Desktop\\Website\\SPTC\\next\\node_modules\\eventsource'
156 silly reify ]
157 silly reify mark retired [
157 silly reify   'C:\\Users\\patri\\Desktop\\Website\\SPTC\\next\\node_modules\\eventsource-parser'
157 silly reify ]
158 silly reify mark retired [
158 silly reify   'C:\\Users\\patri\\Desktop\\Website\\SPTC\\next\\node_modules\\expect-type'
158 silly reify ]
159 silly reify mark retired [
159 silly reify   'C:\\Users\\patri\\Desktop\\Website\\SPTC\\next\\node_modules\\execa'
159 silly reify ]
160 silly reify mark retired [
160 silly reify   'C:\\Users\\patri\\Desktop\\Website\\SPTC\\next\\node_modules\\express'
160 silly reify ]
161 silly reify mark retired [
161 silly reify   'C:\\Users\\patri\\Desktop\\Website\\SPTC\\next\\node_modules\\express-rate-limit'
161 silly reify ]
162 silly reify mark retired [
162 silly reify   'C:\\Users\\patri\\Desktop\\Website\\SPTC\\next\\node_modules\\fast-deep-equal'
162 silly reify ]
163 silly reify mark retired [
163 silly reify   'C:\\Users\\patri\\Desktop\\Website\\SPTC\\next\\node_modules\\fast-json-stable-stringify'
163 silly reify ]
164 silly reify mark retired [
164 silly reify   'C:\\Users\\patri\\Desktop\\Website\\SPTC\\next\\node_modules\\fast-glob'
164 silly reify ]
165 silly reify mark retired [
165 silly reify   'C:\\Users\\patri\\Desktop\\Website\\SPTC\\next\\node_modules\\fast-levenshtein'
165 silly reify ]
166 silly reify mark retired [
166 silly reify   'C:\\Users\\patri\\Desktop\\Website\\SPTC\\next\\node_modules\\fast-uri'
166 silly reify ]
167 silly reify mark retired [
167 silly reify   'C:\\Users\\patri\\Desktop\\Website\\SPTC\\next\\node_modules\\fastq'
167 silly reify ]
168 silly reify mark retired [
168 silly reify   'C:\\Users\\patri\\Desktop\\Website\\SPTC\\next\\node_modules\\figures'
168 silly reify ]
169 silly reify mark retired [
169 silly reify   'C:\\Users\\patri\\Desktop\\Website\\SPTC\\next\\node_modules\\file-entry-cache'
169 silly reify ]
170 silly reify mark retired [
170 silly reify   'C:\\Users\\patri\\Desktop\\Website\\SPTC\\next\\node_modules\\fill-range'
170 silly reify ]
171 silly reify mark retired [
171 silly reify   'C:\\Users\\patri\\Desktop\\Website\\SPTC\\next\\node_modules\\find-up'
171 silly reify ]
172 silly reify mark retired [
172 silly reify   'C:\\Users\\patri\\Desktop\\Website\\SPTC\\next\\node_modules\\finalhandler'
172 silly reify ]
173 silly reify mark retired [
173 silly reify   'C:\\Users\\patri\\Desktop\\Website\\SPTC\\next\\node_modules\\flat-cache'
173 silly reify ]
174 silly reify mark retired [
174 silly reify   'C:\\Users\\patri\\Desktop\\Website\\SPTC\\next\\node_modules\\flatted'
174 silly reify ]
175 silly reify mark retired [
175 silly reify   'C:\\Users\\patri\\Desktop\\Website\\SPTC\\next\\node_modules\\for-each'
175 silly reify ]
176 silly reify mark retired [
176 silly reify   'C:\\Users\\patri\\Desktop\\Website\\SPTC\\next\\node_modules\\forwarded'
176 silly reify ]
177 silly reify mark retired [
177 silly reify   'C:\\Users\\patri\\Desktop\\Website\\SPTC\\next\\node_modules\\framer-motion'
177 silly reify ]
178 silly reify mark retired [
178 silly reify   'C:\\Users\\patri\\Desktop\\Website\\SPTC\\next\\node_modules\\fresh'
178 silly reify ]
179 silly reify mark retired [
179 silly reify   'C:\\Users\\patri\\Desktop\\Website\\SPTC\\next\\node_modules\\fs-extra'
179 silly reify ]
180 silly reify mark retired [
180 silly reify   'C:\\Users\\patri\\Desktop\\Website\\SPTC\\next\\node_modules\\function-bind'
180 silly reify ]
181 silly reify mark retired [
181 silly reify   'C:\\Users\\patri\\Desktop\\Website\\SPTC\\next\\node_modules\\function.prototype.name'
181 silly reify ]
182 silly reify mark retired [
182 silly reify   'C:\\Users\\patri\\Desktop\\Website\\SPTC\\next\\node_modules\\functions-have-names'
182 silly reify ]
183 silly reify mark retired [
183 silly reify   'C:\\Users\\patri\\Desktop\\Website\\SPTC\\next\\node_modules\\fuzzysort'
183 silly reify ]
184 silly reify mark retired [
184 silly reify   'C:\\Users\\patri\\Desktop\\Website\\SPTC\\next\\node_modules\\generator-function'
184 silly reify ]
185 silly reify mark retired [
185 silly reify   'C:\\Users\\patri\\Desktop\\Website\\SPTC\\next\\node_modules\\gensync'
185 silly reify ]
186 silly reify mark retired [
186 silly reify   'C:\\Users\\patri\\Desktop\\Website\\SPTC\\next\\node_modules\\get-east-asian-width'
186 silly reify ]
187 silly reify mark retired [
187 silly reify   'C:\\Users\\patri\\Desktop\\Website\\SPTC\\next\\node_modules\\get-intrinsic'
187 silly reify ]
188 silly reify mark retired [
188 silly reify   'C:\\Users\\patri\\Desktop\\Website\\SPTC\\next\\node_modules\\get-own-enumerable-keys'
188 silly reify ]
189 silly reify mark retired [
189 silly reify   'C:\\Users\\patri\\Desktop\\Website\\SPTC\\next\\node_modules\\get-proto'
189 silly reify ]
190 silly reify mark retired [
190 silly reify   'C:\\Users\\patri\\Desktop\\Website\\SPTC\\next\\node_modules\\get-stream'
190 silly reify ]
191 silly reify mark retired [
191 silly reify   'C:\\Users\\patri\\Desktop\\Website\\SPTC\\next\\node_modules\\get-symbol-description'
191 silly reify ]
192 silly reify mark retired [
192 silly reify   'C:\\Users\\patri\\Desktop\\Website\\SPTC\\next\\node_modules\\glob-parent'
192 silly reify ]
193 silly reify mark retired [
193 silly reify   'C:\\Users\\patri\\Desktop\\Website\\SPTC\\next\\node_modules\\get-tsconfig'
193 silly reify ]
194 silly reify mark retired [
194 silly reify   'C:\\Users\\patri\\Desktop\\Website\\SPTC\\next\\node_modules\\globals'
194 silly reify ]
195 silly reify mark retired [
195 silly reify   'C:\\Users\\patri\\Desktop\\Website\\SPTC\\next\\node_modules\\globalthis'
195 silly reify ]
196 silly reify mark retired [
196 silly reify   'C:\\Users\\patri\\Desktop\\Website\\SPTC\\next\\node_modules\\gopd'
196 silly reify ]
197 silly reify mark retired [
197 silly reify   'C:\\Users\\patri\\Desktop\\Website\\SPTC\\next\\node_modules\\graceful-fs'
197 silly reify ]
198 silly reify mark retired [
198 silly reify   'C:\\Users\\patri\\Desktop\\Website\\SPTC\\next\\node_modules\\has-flag'
198 silly reify ]
199 silly reify mark retired [
199 silly reify   'C:\\Users\\patri\\Desktop\\Website\\SPTC\\next\\node_modules\\has-bigints'
199 silly reify ]
200 silly reify mark retired [
200 silly reify   'C:\\Users\\patri\\Desktop\\Website\\SPTC\\next\\node_modules\\has-property-descriptors'
200 silly reify ]
201 silly reify mark retired [
201 silly reify   'C:\\Users\\patri\\Desktop\\Website\\SPTC\\next\\node_modules\\has-proto'
201 silly reify ]
202 silly reify mark retired [
202 silly reify   'C:\\Users\\patri\\Desktop\\Website\\SPTC\\next\\node_modules\\has-symbols'
202 silly reify ]
203 silly reify mark retired [
203 silly reify   'C:\\Users\\patri\\Desktop\\Website\\SPTC\\next\\node_modules\\hasown'
203 silly reify ]
204 silly reify mark retired [
204 silly reify   'C:\\Users\\patri\\Desktop\\Website\\SPTC\\next\\node_modules\\has-tostringtag'
204 silly reify ]
205 silly reify mark retired [
205 silly reify   'C:\\Users\\patri\\Desktop\\Website\\SPTC\\next\\node_modules\\hermes-estree'
205 silly reify ]
206 silly reify mark retired [
206 silly reify   'C:\\Users\\patri\\Desktop\\Website\\SPTC\\next\\node_modules\\hermes-parser'
206 silly reify ]
207 silly reify mark retired [
207 silly reify   'C:\\Users\\patri\\Desktop\\Website\\SPTC\\next\\node_modules\\hono'
207 silly reify ]
208 silly reify mark retired [
208 silly reify   'C:\\Users\\patri\\Desktop\\Website\\SPTC\\next\\node_modules\\http-errors'
208 silly reify ]
209 silly reify mark retired [
209 silly reify   'C:\\Users\\patri\\Desktop\\Website\\SPTC\\next\\node_modules\\human-signals'
209 silly reify ]
210 silly reify mark retired [
210 silly reify   'C:\\Users\\patri\\Desktop\\Website\\SPTC\\next\\node_modules\\iceberg-js'
210 silly reify ]
211 silly reify mark retired [
211 silly reify   'C:\\Users\\patri\\Desktop\\Website\\SPTC\\next\\node_modules\\iconv-lite'
211 silly reify ]
212 silly reify mark retired [
212 silly reify   'C:\\Users\\patri\\Desktop\\Website\\SPTC\\next\\node_modules\\ignore'
212 silly reify ]
213 silly reify mark retired [
213 silly reify   'C:\\Users\\patri\\Desktop\\Website\\SPTC\\next\\node_modules\\immer'
213 silly reify ]
214 silly reify mark retired [
214 silly reify   'C:\\Users\\patri\\Desktop\\Website\\SPTC\\next\\node_modules\\import-fresh'
214 silly reify ]
215 silly reify mark retired [
215 silly reify   'C:\\Users\\patri\\Desktop\\Website\\SPTC\\next\\node_modules\\imurmurhash'
215 silly reify ]
216 silly reify mark retired [
216 silly reify   'C:\\Users\\patri\\Desktop\\Website\\SPTC\\next\\node_modules\\inherits'
216 silly reify ]
217 silly reify mark retired [
217 silly reify   'C:\\Users\\patri\\Desktop\\Website\\SPTC\\next\\node_modules\\internal-slot'
217 silly reify ]
218 silly reify mark retired [
218 silly reify   'C:\\Users\\patri\\Desktop\\Website\\SPTC\\next\\node_modules\\internmap'
218 silly reify ]
219 silly reify mark retired [
219 silly reify   'C:\\Users\\patri\\Desktop\\Website\\SPTC\\next\\node_modules\\ip-address'
219 silly reify ]
220 silly reify mark retired [
220 silly reify   'C:\\Users\\patri\\Desktop\\Website\\SPTC\\next\\node_modules\\ipaddr.js'
220 silly reify ]
221 silly reify mark retired [
221 silly reify   'C:\\Users\\patri\\Desktop\\Website\\SPTC\\next\\node_modules\\is-array-buffer'
221 silly reify ]
222 silly reify mark retired [
222 silly reify   'C:\\Users\\patri\\Desktop\\Website\\SPTC\\next\\node_modules\\is-arrayish'
222 silly reify ]
223 silly reify mark retired [
223 silly reify   'C:\\Users\\patri\\Desktop\\Website\\SPTC\\next\\node_modules\\is-async-function'
223 silly reify ]
224 silly reify mark retired [
224 silly reify   'C:\\Users\\patri\\Desktop\\Website\\SPTC\\next\\node_modules\\is-bigint'
224 silly reify ]
225 silly reify mark retired [
225 silly reify   'C:\\Users\\patri\\Desktop\\Website\\SPTC\\next\\node_modules\\is-boolean-object'
225 silly reify ]
226 silly reify mark retired [
226 silly reify   'C:\\Users\\patri\\Desktop\\Website\\SPTC\\next\\node_modules\\is-bun-module'
226 silly reify ]
227 silly reify mark retired [
227 silly reify   'C:\\Users\\patri\\Desktop\\Website\\SPTC\\next\\node_modules\\is-callable'
227 silly reify ]
228 silly reify mark retired [
228 silly reify   'C:\\Users\\patri\\Desktop\\Website\\SPTC\\next\\node_modules\\is-core-module'
228 silly reify ]
229 silly reify mark retired [
229 silly reify   'C:\\Users\\patri\\Desktop\\Website\\SPTC\\next\\node_modules\\is-data-view'
229 silly reify ]
230 silly reify mark retired [
230 silly reify   'C:\\Users\\patri\\Desktop\\Website\\SPTC\\next\\node_modules\\is-date-object'
230 silly reify ]
231 silly reify mark retired [
231 silly reify   'C:\\Users\\patri\\Desktop\\Website\\SPTC\\next\\node_modules\\is-docker'
231 silly reify ]
232 silly reify mark retired [
232 silly reify   'C:\\Users\\patri\\Desktop\\Website\\SPTC\\next\\node_modules\\is-document.all'
232 silly reify ]
233 silly reify mark retired [
233 silly reify   'C:\\Users\\patri\\Desktop\\Website\\SPTC\\next\\node_modules\\is-extglob'
233 silly reify ]
234 silly reify mark retired [
234 silly reify   'C:\\Users\\patri\\Desktop\\Website\\SPTC\\next\\node_modules\\is-finalizationregistry'
234 silly reify ]
235 silly reify mark retired [
235 silly reify   'C:\\Users\\patri\\Desktop\\Website\\SPTC\\next\\node_modules\\is-generator-function'
235 silly reify ]
236 silly reify mark retired [
236 silly reify   'C:\\Users\\patri\\Desktop\\Website\\SPTC\\next\\node_modules\\is-glob'
236 silly reify ]
237 silly reify mark retired [
237 silly reify   'C:\\Users\\patri\\Desktop\\Website\\SPTC\\next\\node_modules\\is-in-ssh'
237 silly reify ]
238 silly reify mark retired [
238 silly reify   'C:\\Users\\patri\\Desktop\\Website\\SPTC\\next\\node_modules\\is-inside-container'
238 silly reify ]
239 silly reify mark retired [
239 silly reify   'C:\\Users\\patri\\Desktop\\Website\\SPTC\\next\\node_modules\\is-map'
239 silly reify ]
240 silly reify mark retired [
240 silly reify   'C:\\Users\\patri\\Desktop\\Website\\SPTC\\next\\node_modules\\is-interactive'
240 silly reify ]
241 silly reify mark retired [
241 silly reify   'C:\\Users\\patri\\Desktop\\Website\\SPTC\\next\\node_modules\\is-negative-zero'
241 silly reify ]
242 silly reify mark retired [
242 silly reify   'C:\\Users\\patri\\Desktop\\Website\\SPTC\\next\\node_modules\\is-number'
242 silly reify ]
243 silly reify mark retired [
243 silly reify   'C:\\Users\\patri\\Desktop\\Website\\SPTC\\next\\node_modules\\is-number-object'
243 silly reify ]
244 silly reify mark retired [
244 silly reify   'C:\\Users\\patri\\Desktop\\Website\\SPTC\\next\\node_modules\\is-obj'
244 silly reify ]
245 silly reify mark retired [
245 silly reify   'C:\\Users\\patri\\Desktop\\Website\\SPTC\\next\\node_modules\\is-plain-obj'
245 silly reify ]
246 silly reify mark retired [
246 silly reify   'C:\\Users\\patri\\Desktop\\Website\\SPTC\\next\\node_modules\\is-promise'
246 silly reify ]
247 silly reify mark retired [
247 silly reify   'C:\\Users\\patri\\Desktop\\Website\\SPTC\\next\\node_modules\\is-regex'
247 silly reify ]
248 silly reify mark retired [
248 silly reify   'C:\\Users\\patri\\Desktop\\Website\\SPTC\\next\\node_modules\\is-regexp'
248 silly reify ]
249 silly reify mark retired [
249 silly reify   'C:\\Users\\patri\\Desktop\\Website\\SPTC\\next\\node_modules\\is-set'
249 silly reify ]
250 silly reify mark retired [
250 silly reify   'C:\\Users\\patri\\Desktop\\Website\\SPTC\\next\\node_modules\\is-shared-array-buffer'
250 silly reify ]
251 silly reify mark retired [
251 silly reify   'C:\\Users\\patri\\Desktop\\Website\\SPTC\\next\\node_modules\\is-stream'
251 silly reify ]
252 silly reify mark retired [
252 silly reify   'C:\\Users\\patri\\Desktop\\Website\\SPTC\\next\\node_modules\\is-string'
252 silly reify ]
253 silly reify mark retired [
253 silly reify   'C:\\Users\\patri\\Desktop\\Website\\SPTC\\next\\node_modules\\is-symbol'
253 silly reify ]
254 silly reify mark retired [
254 silly reify   'C:\\Users\\patri\\Desktop\\Website\\SPTC\\next\\node_modules\\is-typed-array'
254 silly reify ]
255 silly reify mark retired [
255 silly reify   'C:\\Users\\patri\\Desktop\\Website\\SPTC\\next\\node_modules\\is-unicode-supported'
255 silly reify ]
256 silly reify mark retired [
256 silly reify   'C:\\Users\\patri\\Desktop\\Website\\SPTC\\next\\node_modules\\is-weakmap'
256 silly reify ]
257 silly reify mark retired [
257 silly reify   'C:\\Users\\patri\\Desktop\\Website\\SPTC\\next\\node_modules\\is-weakref'
257 silly reify ]
258 silly reify mark retired [
258 silly reify   'C:\\Users\\patri\\Desktop\\Website\\SPTC\\next\\node_modules\\is-wsl'
258 silly reify ]
259 silly reify mark retired [
259 silly reify   'C:\\Users\\patri\\Desktop\\Website\\SPTC\\next\\node_modules\\is-weakset'
259 silly reify ]
260 silly reify mark retired [
260 silly reify   'C:\\Users\\patri\\Desktop\\Website\\SPTC\\next\\node_modules\\isarray'
260 silly reify ]
261 silly reify mark retired [
261 silly reify   'C:\\Users\\patri\\Desktop\\Website\\SPTC\\next\\node_modules\\isexe'
261 silly reify ]
262 silly reify mark retired [
262 silly reify   'C:\\Users\\patri\\Desktop\\Website\\SPTC\\next\\node_modules\\iterator.prototype'
262 silly reify ]
263 silly reify mark retired [
263 silly reify   'C:\\Users\\patri\\Desktop\\Website\\SPTC\\next\\node_modules\\jiti'
263 silly reify ]
264 silly reify mark retired [
264 silly reify   'C:\\Users\\patri\\Desktop\\Website\\SPTC\\next\\node_modules\\jose'
264 silly reify ]
265 silly reify mark retired [
265 silly reify   'C:\\Users\\patri\\Desktop\\Website\\SPTC\\next\\node_modules\\js-tokens'
265 silly reify ]
266 silly reify mark retired [
266 silly reify   'C:\\Users\\patri\\Desktop\\Website\\SPTC\\next\\node_modules\\js-yaml'
266 silly reify ]
267 silly reify mark retired [
267 silly reify   'C:\\Users\\patri\\Desktop\\Website\\SPTC\\next\\node_modules\\jsesc'
267 silly reify ]
268 silly reify mark retired [
268 silly reify   'C:\\Users\\patri\\Desktop\\Website\\SPTC\\next\\node_modules\\json-buffer'
268 silly reify ]
269 silly reify mark retired [
269 silly reify   'C:\\Users\\patri\\Desktop\\Website\\SPTC\\next\\node_modules\\json-parse-even-better-errors'
269 silly reify ]
270 silly reify mark retired [
270 silly reify   'C:\\Users\\patri\\Desktop\\Website\\SPTC\\next\\node_modules\\json-schema-traverse'
270 silly reify ]
271 silly reify mark retired [
271 silly reify   'C:\\Users\\patri\\Desktop\\Website\\SPTC\\next\\node_modules\\json-schema-typed'
271 silly reify ]
272 silly reify mark retired [
272 silly reify   'C:\\Users\\patri\\Desktop\\Website\\SPTC\\next\\node_modules\\json5'
272 silly reify ]
273 silly reify mark retired [
273 silly reify   'C:\\Users\\patri\\Desktop\\Website\\SPTC\\next\\node_modules\\json-stable-stringify-without-jsonify'
273 silly reify ]
274 silly reify mark retired [
274 silly reify   'C:\\Users\\patri\\Desktop\\Website\\SPTC\\next\\node_modules\\jsonfile'
274 silly reify ]
275 silly reify mark retired [
275 silly reify   'C:\\Users\\patri\\Desktop\\Website\\SPTC\\next\\node_modules\\keyv'
275 silly reify ]
276 silly reify mark retired [
276 silly reify   'C:\\Users\\patri\\Desktop\\Website\\SPTC\\next\\node_modules\\jsx-ast-utils'
276 silly reify ]
277 silly reify mark retired [
277 silly reify   'C:\\Users\\patri\\Desktop\\Website\\SPTC\\next\\node_modules\\kleur'
277 silly reify ]
278 silly reify mark retired [
278 silly reify   'C:\\Users\\patri\\Desktop\\Website\\SPTC\\next\\node_modules\\language-tags'
278 silly reify ]
279 silly reify mark retired [
279 silly reify   'C:\\Users\\patri\\Desktop\\Website\\SPTC\\next\\node_modules\\language-subtag-registry'
279 silly reify ]
280 silly reify mark retired [
280 silly reify   'C:\\Users\\patri\\Desktop\\Website\\SPTC\\next\\node_modules\\levn'
280 silly reify ]
281 silly reify mark retired [
281 silly reify   'C:\\Users\\patri\\Desktop\\Website\\SPTC\\next\\node_modules\\lightningcss-win32-x64-msvc'
281 silly reify ]
282 silly reify mark retired [
282 silly reify   'C:\\Users\\patri\\Desktop\\Website\\SPTC\\next\\node_modules\\lightningcss'
282 silly reify ]
283 silly reify mark retired [
283 silly reify   'C:\\Users\\patri\\Desktop\\Website\\SPTC\\next\\node_modules\\lines-and-columns'
283 silly reify ]
284 silly reify mark retired [
284 silly reify   'C:\\Users\\patri\\Desktop\\Website\\SPTC\\next\\node_modules\\locate-path'
284 silly reify ]
285 silly reify mark retired [
285 silly reify   'C:\\Users\\patri\\Desktop\\Website\\SPTC\\next\\node_modules\\log-symbols'
285 silly reify ]
286 silly reify mark retired [
286 silly reify   'C:\\Users\\patri\\Desktop\\Website\\SPTC\\next\\node_modules\\lodash.merge'
286 silly reify ]
287 silly reify mark retired [
287 silly reify   'C:\\Users\\patri\\Desktop\\Website\\SPTC\\next\\node_modules\\loose-envify'
287 silly reify ]
288 silly reify mark retired [
288 silly reify   'C:\\Users\\patri\\Desktop\\Website\\SPTC\\next\\node_modules\\loupe'
288 silly reify ]
289 silly reify mark retired [
289 silly reify   'C:\\Users\\patri\\Desktop\\Website\\SPTC\\next\\node_modules\\lru-cache'
289 silly reify ]
290 silly reify mark retired [
290 silly reify   'C:\\Users\\patri\\Desktop\\Website\\SPTC\\next\\node_modules\\lucide-react'
290 silly reify ]
291 silly reify mark retired [
291 silly reify   'C:\\Users\\patri\\Desktop\\Website\\SPTC\\next\\node_modules\\math-intrinsics'
291 silly reify ]
292 silly reify mark retired [
292 silly reify   'C:\\Users\\patri\\Desktop\\Website\\SPTC\\next\\node_modules\\magic-string'
292 silly reify ]
293 silly reify mark retired [
293 silly reify   'C:\\Users\\patri\\Desktop\\Website\\SPTC\\next\\node_modules\\media-typer'
293 silly reify ]
294 silly reify mark retired [
294 silly reify   'C:\\Users\\patri\\Desktop\\Website\\SPTC\\next\\node_modules\\merge-descriptors'
294 silly reify ]
295 silly reify mark retired [
295 silly reify   'C:\\Users\\patri\\Desktop\\Website\\SPTC\\next\\node_modules\\merge-stream'
295 silly reify ]
296 silly reify mark retired [
296 silly reify   'C:\\Users\\patri\\Desktop\\Website\\SPTC\\next\\node_modules\\merge2'
296 silly reify ]
297 silly reify mark retired [
297 silly reify   'C:\\Users\\patri\\Desktop\\Website\\SPTC\\next\\node_modules\\micromatch'
297 silly reify ]
298 silly reify mark retired [
298 silly reify   'C:\\Users\\patri\\Desktop\\Website\\SPTC\\next\\node_modules\\mime-db'
298 silly reify ]
299 silly reify mark retired [
299 silly reify   'C:\\Users\\patri\\Desktop\\Website\\SPTC\\next\\node_modules\\mime-types'
299 silly reify ]
300 silly reify mark retired [
300 silly reify   'C:\\Users\\patri\\Desktop\\Website\\SPTC\\next\\node_modules\\mimic-fn'
300 silly reify ]
301 silly reify mark retired [
301 silly reify   'C:\\Users\\patri\\Desktop\\Website\\SPTC\\next\\node_modules\\mimic-function'
301 silly reify ]
302 silly reify mark retired [
302 silly reify   'C:\\Users\\patri\\Desktop\\Website\\SPTC\\next\\node_modules\\minimatch'
302 silly reify ]
303 silly reify mark retired [
303 silly reify   'C:\\Users\\patri\\Desktop\\Website\\SPTC\\next\\node_modules\\minimist'
303 silly reify ]
304 silly reify mark retired [
304 silly reify   'C:\\Users\\patri\\Desktop\\Website\\SPTC\\next\\node_modules\\motion-dom'
304 silly reify ]
305 silly reify mark retired [ 'C:\\Users\\patri\\Desktop\\Website\\SPTC\\next\\node_modules\\ms' ]
306 silly reify mark retired [
306 silly reify   'C:\\Users\\patri\\Desktop\\Website\\SPTC\\next\\node_modules\\motion-utils'
306 silly reify ]
307 silly reify mark retired [
307 silly reify   'C:\\Users\\patri\\Desktop\\Website\\SPTC\\next\\node_modules\\nanoid'
307 silly reify ]
308 silly reify mark retired [
308 silly reify   'C:\\Users\\patri\\Desktop\\Website\\SPTC\\next\\node_modules\\napi-postinstall'
308 silly reify ]
309 silly reify mark retired [
309 silly reify   'C:\\Users\\patri\\Desktop\\Website\\SPTC\\next\\node_modules\\natural-compare'
309 silly reify ]
310 silly reify mark retired [
310 silly reify   'C:\\Users\\patri\\Desktop\\Website\\SPTC\\next\\node_modules\\next-themes'
310 silly reify ]
311 silly reify mark retired [
311 silly reify   'C:\\Users\\patri\\Desktop\\Website\\SPTC\\next\\node_modules\\negotiator'
311 silly reify ]
312 silly reify mark retired [
312 silly reify   'C:\\Users\\patri\\Desktop\\Website\\SPTC\\next\\node_modules\\next'
312 silly reify ]
313 silly reify mark retired [
313 silly reify   'C:\\Users\\patri\\Desktop\\Website\\SPTC\\next\\node_modules\\node-releases'
313 silly reify ]
314 silly reify mark retired [
314 silly reify   'C:\\Users\\patri\\Desktop\\Website\\SPTC\\next\\node_modules\\node-exports-info'
314 silly reify ]
315 silly reify mark retired [
315 silly reify   'C:\\Users\\patri\\Desktop\\Website\\SPTC\\next\\node_modules\\npm-run-path'
315 silly reify ]
316 silly reify mark retired [
316 silly reify   'C:\\Users\\patri\\Desktop\\Website\\SPTC\\next\\node_modules\\object-inspect'
316 silly reify ]
317 silly reify mark retired [
317 silly reify   'C:\\Users\\patri\\Desktop\\Website\\SPTC\\next\\node_modules\\object-assign'
317 silly reify ]
318 silly reify mark retired [
318 silly reify   'C:\\Users\\patri\\Desktop\\Website\\SPTC\\next\\node_modules\\object-keys'
318 silly reify ]
319 silly reify mark retired [
319 silly reify   'C:\\Users\\patri\\Desktop\\Website\\SPTC\\next\\node_modules\\object.assign'
319 silly reify ]
320 silly reify mark retired [
320 silly reify   'C:\\Users\\patri\\Desktop\\Website\\SPTC\\next\\node_modules\\object.entries'
320 silly reify ]
321 silly reify mark retired [
321 silly reify   'C:\\Users\\patri\\Desktop\\Website\\SPTC\\next\\node_modules\\object-treeify'
321 silly reify ]
322 silly reify mark retired [
322 silly reify   'C:\\Users\\patri\\Desktop\\Website\\SPTC\\next\\node_modules\\object.groupby'
322 silly reify ]
323 silly reify mark retired [
323 silly reify   'C:\\Users\\patri\\Desktop\\Website\\SPTC\\next\\node_modules\\object.fromentries'
323 silly reify ]
324 silly reify mark retired [
324 silly reify   'C:\\Users\\patri\\Desktop\\Website\\SPTC\\next\\node_modules\\obug'
324 silly reify ]
325 silly reify mark retired [
325 silly reify   'C:\\Users\\patri\\Desktop\\Website\\SPTC\\next\\node_modules\\object.values'
325 silly reify ]
326 silly reify mark retired [
326 silly reify   'C:\\Users\\patri\\Desktop\\Website\\SPTC\\next\\node_modules\\on-finished'
326 silly reify ]
327 silly reify mark retired [
327 silly reify   'C:\\Users\\patri\\Desktop\\Website\\SPTC\\next\\node_modules\\once'
327 silly reify ]
328 silly reify mark retired [
328 silly reify   'C:\\Users\\patri\\Desktop\\Website\\SPTC\\next\\node_modules\\optionator'
328 silly reify ]
329 silly reify mark retired [
329 silly reify   'C:\\Users\\patri\\Desktop\\Website\\SPTC\\next\\node_modules\\onetime'
329 silly reify ]
330 silly reify mark retired [
330 silly reify   'C:\\Users\\patri\\Desktop\\Website\\SPTC\\next\\node_modules\\open'
330 silly reify ]
331 silly reify mark retired [ 'C:\\Users\\patri\\Desktop\\Website\\SPTC\\next\\node_modules\\ora' ]
332 silly reify mark retired [
332 silly reify   'C:\\Users\\patri\\Desktop\\Website\\SPTC\\next\\node_modules\\own-keys'
332 silly reify ]
333 silly reify mark retired [
333 silly reify   'C:\\Users\\patri\\Desktop\\Website\\SPTC\\next\\node_modules\\p-limit'
333 silly reify ]
334 silly reify mark retired [
334 silly reify   'C:\\Users\\patri\\Desktop\\Website\\SPTC\\next\\node_modules\\p-locate'
334 silly reify ]
335 silly reify mark retired [
335 silly reify   'C:\\Users\\patri\\Desktop\\Website\\SPTC\\next\\node_modules\\parent-module'
335 silly reify ]
336 silly reify mark retired [
336 silly reify   'C:\\Users\\patri\\Desktop\\Website\\SPTC\\next\\node_modules\\p-try'
336 silly reify ]
337 silly reify mark retired [
337 silly reify   'C:\\Users\\patri\\Desktop\\Website\\SPTC\\next\\node_modules\\parseurl'
337 silly reify ]
338 silly reify mark retired [
338 silly reify   'C:\\Users\\patri\\Desktop\\Website\\SPTC\\next\\node_modules\\parse-ms'
338 silly reify ]
339 silly reify mark retired [
339 silly reify   'C:\\Users\\patri\\Desktop\\Website\\SPTC\\next\\node_modules\\parse-json'
339 silly reify ]
340 silly reify mark retired [
340 silly reify   'C:\\Users\\patri\\Desktop\\Website\\SPTC\\next\\node_modules\\path-browserify'
340 silly reify ]
341 silly reify mark retired [
341 silly reify   'C:\\Users\\patri\\Desktop\\Website\\SPTC\\next\\node_modules\\path-exists'
341 silly reify ]
342 silly reify mark retired [
342 silly reify   'C:\\Users\\patri\\Desktop\\Website\\SPTC\\next\\node_modules\\pathe'
342 silly reify ]
343 silly reify mark retired [
343 silly reify   'C:\\Users\\patri\\Desktop\\Website\\SPTC\\next\\node_modules\\path-key'
343 silly reify ]
344 silly reify mark retired [
344 silly reify   'C:\\Users\\patri\\Desktop\\Website\\SPTC\\next\\node_modules\\path-parse'
344 silly reify ]
345 silly reify mark retired [
345 silly reify   'C:\\Users\\patri\\Desktop\\Website\\SPTC\\next\\node_modules\\path-to-regexp'
345 silly reify ]
346 silly reify mark retired [
346 silly reify   'C:\\Users\\patri\\Desktop\\Website\\SPTC\\next\\node_modules\\picocolors'
346 silly reify ]
347 silly reify mark retired [
347 silly reify   'C:\\Users\\patri\\Desktop\\Website\\SPTC\\next\\node_modules\\pathval'
347 silly reify ]
348 silly reify mark retired [
348 silly reify   'C:\\Users\\patri\\Desktop\\Website\\SPTC\\next\\node_modules\\pkg-up'
348 silly reify ]
349 silly reify mark retired [
349 silly reify   'C:\\Users\\patri\\Desktop\\Website\\SPTC\\next\\node_modules\\picomatch'
349 silly reify ]
350 silly reify mark retired [
350 silly reify   'C:\\Users\\patri\\Desktop\\Website\\SPTC\\next\\node_modules\\pkce-challenge'
350 silly reify ]
351 silly reify mark retired [
351 silly reify   'C:\\Users\\patri\\Desktop\\Website\\SPTC\\next\\node_modules\\possible-typed-array-names'
351 silly reify ]
352 silly reify mark retired [
352 silly reify   'C:\\Users\\patri\\Desktop\\Website\\SPTC\\next\\node_modules\\postcss'
352 silly reify ]
353 silly reify mark retired [
353 silly reify   'C:\\Users\\patri\\Desktop\\Website\\SPTC\\next\\node_modules\\postcss-selector-parser'
353 silly reify ]
354 silly reify mark retired [
354 silly reify   'C:\\Users\\patri\\Desktop\\Website\\SPTC\\next\\node_modules\\powershell-utils'
354 silly reify ]
355 silly reify mark retired [
355 silly reify   'C:\\Users\\patri\\Desktop\\Website\\SPTC\\next\\node_modules\\prelude-ls'
355 silly reify ]
356 silly reify mark retired [
356 silly reify   'C:\\Users\\patri\\Desktop\\Website\\SPTC\\next\\node_modules\\pretty-ms'
356 silly reify ]
357 silly reify mark retired [
357 silly reify   'C:\\Users\\patri\\Desktop\\Website\\SPTC\\next\\node_modules\\proxy-addr'
357 silly reify ]
358 silly reify mark retired [
358 silly reify   'C:\\Users\\patri\\Desktop\\Website\\SPTC\\next\\node_modules\\prop-types'
358 silly reify ]
359 silly reify mark retired [
359 silly reify   'C:\\Users\\patri\\Desktop\\Website\\SPTC\\next\\node_modules\\prompts'
359 silly reify ]
360 silly reify mark retired [ 'C:\\Users\\patri\\Desktop\\Website\\SPTC\\next\\node_modules\\qs' ]
361 silly reify mark retired [
361 silly reify   'C:\\Users\\patri\\Desktop\\Website\\SPTC\\next\\node_modules\\punycode'
361 silly reify ]
362 silly reify mark retired [
362 silly reify   'C:\\Users\\patri\\Desktop\\Website\\SPTC\\next\\node_modules\\queue-microtask'
362 silly reify ]
363 silly reify mark retired [
363 silly reify   'C:\\Users\\patri\\Desktop\\Website\\SPTC\\next\\node_modules\\raw-body'
363 silly reify ]
364 silly reify mark retired [
364 silly reify   'C:\\Users\\patri\\Desktop\\Website\\SPTC\\next\\node_modules\\range-parser'
364 silly reify ]
365 silly reify mark retired [
365 silly reify   'C:\\Users\\patri\\Desktop\\Website\\SPTC\\next\\node_modules\\react'
365 silly reify ]
366 silly reify mark retired [
366 silly reify   'C:\\Users\\patri\\Desktop\\Website\\SPTC\\next\\node_modules\\react-dom'
366 silly reify ]
367 silly reify mark retired [
367 silly reify   'C:\\Users\\patri\\Desktop\\Website\\SPTC\\next\\node_modules\\react-icons'
367 silly reify ]
368 silly reify mark retired [
368 silly reify   'C:\\Users\\patri\\Desktop\\Website\\SPTC\\next\\node_modules\\react-is'
368 silly reify ]
369 silly reify mark retired [
369 silly reify   'C:\\Users\\patri\\Desktop\\Website\\SPTC\\next\\node_modules\\recharts'
369 silly reify ]
370 silly reify mark retired [
370 silly reify   'C:\\Users\\patri\\Desktop\\Website\\SPTC\\next\\node_modules\\react-redux'
370 silly reify ]
371 silly reify mark retired [
371 silly reify   'C:\\Users\\patri\\Desktop\\Website\\SPTC\\next\\node_modules\\recast'
371 silly reify ]
372 silly reify mark retired [
372 silly reify   'C:\\Users\\patri\\Desktop\\Website\\SPTC\\next\\node_modules\\redux-thunk'
372 silly reify ]
373 silly reify mark retired [
373 silly reify   'C:\\Users\\patri\\Desktop\\Website\\SPTC\\next\\node_modules\\redux'
373 silly reify ]
374 silly reify mark retired [
374 silly reify   'C:\\Users\\patri\\Desktop\\Website\\SPTC\\next\\node_modules\\reflect.getprototypeof'
374 silly reify ]
375 silly reify mark retired [
375 silly reify   'C:\\Users\\patri\\Desktop\\Website\\SPTC\\next\\node_modules\\require-from-string'
375 silly reify ]
376 silly reify mark retired [
376 silly reify   'C:\\Users\\patri\\Desktop\\Website\\SPTC\\next\\node_modules\\regexp.prototype.flags'
376 silly reify ]
377 silly reify mark retired [
377 silly reify   'C:\\Users\\patri\\Desktop\\Website\\SPTC\\next\\node_modules\\resolve-from'
377 silly reify ]
378 silly reify mark retired [
378 silly reify   'C:\\Users\\patri\\Desktop\\Website\\SPTC\\next\\node_modules\\resolve'
378 silly reify ]
379 silly reify mark retired [
379 silly reify   'C:\\Users\\patri\\Desktop\\Website\\SPTC\\next\\node_modules\\reselect'
379 silly reify ]
380 silly reify mark retired [
380 silly reify   'C:\\Users\\patri\\Desktop\\Website\\SPTC\\next\\node_modules\\resolve-pkg-maps'
380 silly reify ]
381 silly reify mark retired [
381 silly reify   'C:\\Users\\patri\\Desktop\\Website\\SPTC\\next\\node_modules\\restore-cursor'
381 silly reify ]
382 silly reify mark retired [
382 silly reify   'C:\\Users\\patri\\Desktop\\Website\\SPTC\\next\\node_modules\\rollup'
382 silly reify ]
383 silly reify mark retired [
383 silly reify   'C:\\Users\\patri\\Desktop\\Website\\SPTC\\next\\node_modules\\reusify'
383 silly reify ]
384 silly reify mark retired [
384 silly reify   'C:\\Users\\patri\\Desktop\\Website\\SPTC\\next\\node_modules\\run-applescript'
384 silly reify ]
385 silly reify mark retired [
385 silly reify   'C:\\Users\\patri\\Desktop\\Website\\SPTC\\next\\node_modules\\router'
385 silly reify ]
386 silly reify mark retired [
386 silly reify   'C:\\Users\\patri\\Desktop\\Website\\SPTC\\next\\node_modules\\safe-array-concat'
386 silly reify ]
387 silly reify mark retired [
387 silly reify   'C:\\Users\\patri\\Desktop\\Website\\SPTC\\next\\node_modules\\safe-regex-test'
387 silly reify ]
388 silly reify mark retired [
388 silly reify   'C:\\Users\\patri\\Desktop\\Website\\SPTC\\next\\node_modules\\run-parallel'
388 silly reify ]
389 silly reify mark retired [
389 silly reify   'C:\\Users\\patri\\Desktop\\Website\\SPTC\\next\\node_modules\\safer-buffer'
389 silly reify ]
390 silly reify mark retired [
390 silly reify   'C:\\Users\\patri\\Desktop\\Website\\SPTC\\next\\node_modules\\safe-push-apply'
390 silly reify ]
391 silly reify mark retired [
391 silly reify   'C:\\Users\\patri\\Desktop\\Website\\SPTC\\next\\node_modules\\scheduler'
391 silly reify ]
392 silly reify mark retired [
392 silly reify   'C:\\Users\\patri\\Desktop\\Website\\SPTC\\next\\node_modules\\semver'
392 silly reify ]
393 silly reify mark retired [
393 silly reify   'C:\\Users\\patri\\Desktop\\Website\\SPTC\\next\\node_modules\\send'
393 silly reify ]
394 silly reify mark retired [
394 silly reify   'C:\\Users\\patri\\Desktop\\Website\\SPTC\\next\\node_modules\\serve-static'
394 silly reify ]
395 silly reify mark retired [
395 silly reify   'C:\\Users\\patri\\Desktop\\Website\\SPTC\\next\\node_modules\\set-function-length'
395 silly reify ]
396 silly reify mark retired [
396 silly reify   'C:\\Users\\patri\\Desktop\\Website\\SPTC\\next\\node_modules\\set-function-name'
396 silly reify ]
397 silly reify mark retired [
397 silly reify   'C:\\Users\\patri\\Desktop\\Website\\SPTC\\next\\node_modules\\set-proto'
397 silly reify ]
398 silly reify mark retired [
398 silly reify   'C:\\Users\\patri\\Desktop\\Website\\SPTC\\next\\node_modules\\setprototypeof'
398 silly reify ]
399 silly reify mark retired [
399 silly reify   'C:\\Users\\patri\\Desktop\\Website\\SPTC\\next\\node_modules\\shadcn'
399 silly reify ]
400 silly reify mark retired [
400 silly reify   'C:\\Users\\patri\\Desktop\\Website\\SPTC\\next\\node_modules\\shebang-command'
400 silly reify ]
401 silly reify mark retired [
401 silly reify   'C:\\Users\\patri\\Desktop\\Website\\SPTC\\next\\node_modules\\sharp'
401 silly reify ]
402 silly reify mark retired [
402 silly reify   'C:\\Users\\patri\\Desktop\\Website\\SPTC\\next\\node_modules\\side-channel'
402 silly reify ]
403 silly reify mark retired [
403 silly reify   'C:\\Users\\patri\\Desktop\\Website\\SPTC\\next\\node_modules\\shebang-regex'
403 silly reify ]
404 silly reify mark retired [
404 silly reify   'C:\\Users\\patri\\Desktop\\Website\\SPTC\\next\\node_modules\\side-channel-list'
404 silly reify ]
405 silly reify mark retired [
405 silly reify   'C:\\Users\\patri\\Desktop\\Website\\SPTC\\next\\node_modules\\side-channel-map'
405 silly reify ]
406 silly reify mark retired [
406 silly reify   'C:\\Users\\patri\\Desktop\\Website\\SPTC\\next\\node_modules\\side-channel-weakmap'
406 silly reify ]
407 silly reify mark retired [
407 silly reify   'C:\\Users\\patri\\Desktop\\Website\\SPTC\\next\\node_modules\\siginfo'
407 silly reify ]
408 silly reify mark retired [
408 silly reify   'C:\\Users\\patri\\Desktop\\Website\\SPTC\\next\\node_modules\\signal-exit'
408 silly reify ]
409 silly reify mark retired [
409 silly reify   'C:\\Users\\patri\\Desktop\\Website\\SPTC\\next\\node_modules\\sisteransi'
409 silly reify ]
410 silly reify mark retired [
410 silly reify   'C:\\Users\\patri\\Desktop\\Website\\SPTC\\next\\node_modules\\sonner'
410 silly reify ]
411 silly reify mark retired [
411 silly reify   'C:\\Users\\patri\\Desktop\\Website\\SPTC\\next\\node_modules\\source-map'
411 silly reify ]
412 silly reify mark retired [
412 silly reify   'C:\\Users\\patri\\Desktop\\Website\\SPTC\\next\\node_modules\\stable-hash'
412 silly reify ]
413 silly reify mark retired [
413 silly reify   'C:\\Users\\patri\\Desktop\\Website\\SPTC\\next\\node_modules\\source-map-js'
413 silly reify ]
414 silly reify mark retired [
414 silly reify   'C:\\Users\\patri\\Desktop\\Website\\SPTC\\next\\node_modules\\std-env'
414 silly reify ]
415 silly reify mark retired [
415 silly reify   'C:\\Users\\patri\\Desktop\\Website\\SPTC\\next\\node_modules\\stackback'
415 silly reify ]
416 silly reify mark retired [
416 silly reify   'C:\\Users\\patri\\Desktop\\Website\\SPTC\\next\\node_modules\\statuses'
416 silly reify ]
417 silly reify mark retired [
417 silly reify   'C:\\Users\\patri\\Desktop\\Website\\SPTC\\next\\node_modules\\stdin-discarder'
417 silly reify ]
418 silly reify mark retired [
418 silly reify   'C:\\Users\\patri\\Desktop\\Website\\SPTC\\next\\node_modules\\stop-iteration-iterator'
418 silly reify ]
419 silly reify mark retired [
419 silly reify   'C:\\Users\\patri\\Desktop\\Website\\SPTC\\next\\node_modules\\string.prototype.includes'
419 silly reify ]
420 silly reify mark retired [
420 silly reify   'C:\\Users\\patri\\Desktop\\Website\\SPTC\\next\\node_modules\\string.prototype.matchall'
420 silly reify ]
421 silly reify mark retired [
421 silly reify   'C:\\Users\\patri\\Desktop\\Website\\SPTC\\next\\node_modules\\string.prototype.trim'
421 silly reify ]
422 silly reify mark retired [
422 silly reify   'C:\\Users\\patri\\Desktop\\Website\\SPTC\\next\\node_modules\\string.prototype.repeat'
422 silly reify ]
423 silly reify mark retired [
423 silly reify   'C:\\Users\\patri\\Desktop\\Website\\SPTC\\next\\node_modules\\stringify-object'
423 silly reify ]
424 silly reify mark retired [
424 silly reify   'C:\\Users\\patri\\Desktop\\Website\\SPTC\\next\\node_modules\\strip-ansi'
424 silly reify ]
425 silly reify mark retired [
425 silly reify   'C:\\Users\\patri\\Desktop\\Website\\SPTC\\next\\node_modules\\string.prototype.trimend'
425 silly reify ]
426 silly reify mark retired [
426 silly reify   'C:\\Users\\patri\\Desktop\\Website\\SPTC\\next\\node_modules\\strip-bom'
426 silly reify ]
427 silly reify mark retired [
427 silly reify   'C:\\Users\\patri\\Desktop\\Website\\SPTC\\next\\node_modules\\string.prototype.trimstart'
427 silly reify ]
428 silly reify mark retired [
428 silly reify   'C:\\Users\\patri\\Desktop\\Website\\SPTC\\next\\node_modules\\strip-final-newline'
428 silly reify ]
429 silly reify mark retired [
429 silly reify   'C:\\Users\\patri\\Desktop\\Website\\SPTC\\next\\node_modules\\strip-json-comments'
429 silly reify ]
430 silly reify mark retired [
430 silly reify   'C:\\Users\\patri\\Desktop\\Website\\SPTC\\next\\node_modules\\strip-literal'
430 silly reify ]
431 silly reify mark retired [
431 silly reify   'C:\\Users\\patri\\Desktop\\Website\\SPTC\\next\\node_modules\\styled-jsx'
431 silly reify ]
432 silly reify mark retired [
432 silly reify   'C:\\Users\\patri\\Desktop\\Website\\SPTC\\next\\node_modules\\supports-color'
432 silly reify ]
433 silly reify mark retired [
433 silly reify   'C:\\Users\\patri\\Desktop\\Website\\SPTC\\next\\node_modules\\supports-preserve-symlinks-flag'
433 silly reify ]
434 silly reify mark retired [
434 silly reify   'C:\\Users\\patri\\Desktop\\Website\\SPTC\\next\\node_modules\\systeminformation'
434 silly reify ]
435 silly reify mark retired [
435 silly reify   'C:\\Users\\patri\\Desktop\\Website\\SPTC\\next\\node_modules\\tailwind-merge'
435 silly reify ]
436 silly reify mark retired [
436 silly reify   'C:\\Users\\patri\\Desktop\\Website\\SPTC\\next\\node_modules\\tailwindcss'
436 silly reify ]
437 silly reify mark retired [
437 silly reify   'C:\\Users\\patri\\Desktop\\Website\\SPTC\\next\\node_modules\\tiny-invariant'
437 silly reify ]
438 silly reify mark retired [
438 silly reify   'C:\\Users\\patri\\Desktop\\Website\\SPTC\\next\\node_modules\\tapable'
438 silly reify ]
439 silly reify mark retired [
439 silly reify   'C:\\Users\\patri\\Desktop\\Website\\SPTC\\next\\node_modules\\tinybench'
439 silly reify ]
440 silly reify mark retired [
440 silly reify   'C:\\Users\\patri\\Desktop\\Website\\SPTC\\next\\node_modules\\tinyexec'
440 silly reify ]
441 silly reify mark retired [
441 silly reify   'C:\\Users\\patri\\Desktop\\Website\\SPTC\\next\\node_modules\\tinyglobby'
441 silly reify ]
442 silly reify mark retired [
442 silly reify   'C:\\Users\\patri\\Desktop\\Website\\SPTC\\next\\node_modules\\tinypool'
442 silly reify ]
443 silly reify mark retired [
443 silly reify   'C:\\Users\\patri\\Desktop\\Website\\SPTC\\next\\node_modules\\tinyrainbow'
443 silly reify ]
444 silly reify mark retired [
444 silly reify   'C:\\Users\\patri\\Desktop\\Website\\SPTC\\next\\node_modules\\tinyspy'
444 silly reify ]
445 silly reify mark retired [
445 silly reify   'C:\\Users\\patri\\Desktop\\Website\\SPTC\\next\\node_modules\\to-regex-range'
445 silly reify ]
446 silly reify mark retired [
446 silly reify   'C:\\Users\\patri\\Desktop\\Website\\SPTC\\next\\node_modules\\toidentifier'
446 silly reify ]
447 silly reify mark retired [
447 silly reify   'C:\\Users\\patri\\Desktop\\Website\\SPTC\\next\\node_modules\\ts-api-utils'
447 silly reify ]
448 silly reify mark retired [
448 silly reify   'C:\\Users\\patri\\Desktop\\Website\\SPTC\\next\\node_modules\\ts-morph'
448 silly reify ]
449 silly reify mark retired [
449 silly reify   'C:\\Users\\patri\\Desktop\\Website\\SPTC\\next\\node_modules\\tsconfig-paths'
449 silly reify ]
450 silly reify mark retired [
450 silly reify   'C:\\Users\\patri\\Desktop\\Website\\SPTC\\next\\node_modules\\tslib'
450 silly reify ]
451 silly reify mark retired [ 'C:\\Users\\patri\\Desktop\\Website\\SPTC\\next\\node_modules\\tsx' ]
452 silly reify mark retired [
452 silly reify   'C:\\Users\\patri\\Desktop\\Website\\SPTC\\next\\node_modules\\tw-animate-css'
452 silly reify ]
453 silly reify mark retired [
453 silly reify   'C:\\Users\\patri\\Desktop\\Website\\SPTC\\next\\node_modules\\type-check'
453 silly reify ]
454 silly reify mark retired [
454 silly reify   'C:\\Users\\patri\\Desktop\\Website\\SPTC\\next\\node_modules\\type-is'
454 silly reify ]
455 silly reify mark retired [
455 silly reify   'C:\\Users\\patri\\Desktop\\Website\\SPTC\\next\\node_modules\\typed-array-buffer'
455 silly reify ]
456 silly reify mark retired [
456 silly reify   'C:\\Users\\patri\\Desktop\\Website\\SPTC\\next\\node_modules\\typed-array-byte-length'
456 silly reify ]
457 silly reify mark retired [
457 silly reify   'C:\\Users\\patri\\Desktop\\Website\\SPTC\\next\\node_modules\\typed-array-byte-offset'
457 silly reify ]
458 silly reify mark retired [
458 silly reify   'C:\\Users\\patri\\Desktop\\Website\\SPTC\\next\\node_modules\\typed-array-length'
458 silly reify ]
459 silly reify mark retired [
459 silly reify   'C:\\Users\\patri\\Desktop\\Website\\SPTC\\next\\node_modules\\typescript'
459 silly reify ]
460 silly reify mark retired [
460 silly reify   'C:\\Users\\patri\\Desktop\\Website\\SPTC\\next\\node_modules\\typescript-eslint'
460 silly reify ]
461 silly reify mark retired [
461 silly reify   'C:\\Users\\patri\\Desktop\\Website\\SPTC\\next\\node_modules\\unbox-primitive'
461 silly reify ]
462 silly reify mark retired [
462 silly reify   'C:\\Users\\patri\\Desktop\\Website\\SPTC\\next\\node_modules\\undici'
462 silly reify ]
463 silly reify mark retired [
463 silly reify   'C:\\Users\\patri\\Desktop\\Website\\SPTC\\next\\node_modules\\undici-types'
463 silly reify ]
464 silly reify mark retired [
464 silly reify   'C:\\Users\\patri\\Desktop\\Website\\SPTC\\next\\node_modules\\unicorn-magic'
464 silly reify ]
465 silly reify mark retired [
465 silly reify   'C:\\Users\\patri\\Desktop\\Website\\SPTC\\next\\node_modules\\universalify'
465 silly reify ]
466 silly reify mark retired [
466 silly reify   'C:\\Users\\patri\\Desktop\\Website\\SPTC\\next\\node_modules\\unpipe'
466 silly reify ]
467 silly reify mark retired [
467 silly reify   'C:\\Users\\patri\\Desktop\\Website\\SPTC\\next\\node_modules\\unrs-resolver'
467 silly reify ]
468 silly reify mark retired [
468 silly reify   'C:\\Users\\patri\\Desktop\\Website\\SPTC\\next\\node_modules\\update-browserslist-db'
468 silly reify ]
469 silly reify mark retired [
469 silly reify   'C:\\Users\\patri\\Desktop\\Website\\SPTC\\next\\node_modules\\uri-js'
469 silly reify ]
470 silly reify mark retired [
470 silly reify   'C:\\Users\\patri\\Desktop\\Website\\SPTC\\next\\node_modules\\use-sync-external-store'
470 silly reify ]
471 silly reify mark retired [
471 silly reify   'C:\\Users\\patri\\Desktop\\Website\\SPTC\\next\\node_modules\\util-deprecate'
471 silly reify ]
472 silly reify mark retired [
472 silly reify   'C:\\Users\\patri\\Desktop\\Website\\SPTC\\next\\node_modules\\validate-npm-package-name'
472 silly reify ]
473 silly reify mark retired [
473 silly reify   'C:\\Users\\patri\\Desktop\\Website\\SPTC\\next\\node_modules\\vary'
473 silly reify ]
474 silly reify mark retired [
474 silly reify   'C:\\Users\\patri\\Desktop\\Website\\SPTC\\next\\node_modules\\victory-vendor'
474 silly reify ]
475 silly reify mark retired [
475 silly reify   'C:\\Users\\patri\\Desktop\\Website\\SPTC\\next\\node_modules\\vite'
475 silly reify ]
476 silly reify mark retired [
476 silly reify   'C:\\Users\\patri\\Desktop\\Website\\SPTC\\next\\node_modules\\vite-node'
476 silly reify ]
477 silly reify mark retired [
477 silly reify   'C:\\Users\\patri\\Desktop\\Website\\SPTC\\next\\node_modules\\vitest'
477 silly reify ]
478 silly reify mark retired [
478 silly reify   'C:\\Users\\patri\\Desktop\\Website\\SPTC\\next\\node_modules\\which'
478 silly reify ]
479 silly reify mark retired [
479 silly reify   'C:\\Users\\patri\\Desktop\\Website\\SPTC\\next\\node_modules\\which-boxed-primitive'
479 silly reify ]
480 silly reify mark retired [
480 silly reify   'C:\\Users\\patri\\Desktop\\Website\\SPTC\\next\\node_modules\\which-builtin-type'
480 silly reify ]
481 silly reify mark retired [
481 silly reify   'C:\\Users\\patri\\Desktop\\Website\\SPTC\\next\\node_modules\\which-collection'
481 silly reify ]
482 silly reify mark retired [
482 silly reify   'C:\\Users\\patri\\Desktop\\Website\\SPTC\\next\\node_modules\\which-typed-array'
482 silly reify ]
483 silly reify mark retired [
483 silly reify   'C:\\Users\\patri\\Desktop\\Website\\SPTC\\next\\node_modules\\why-is-node-running'
483 silly reify ]
484 silly reify mark retired [
484 silly reify   'C:\\Users\\patri\\Desktop\\Website\\SPTC\\next\\node_modules\\word-wrap'
484 silly reify ]
485 silly reify mark retired [
485 silly reify   'C:\\Users\\patri\\Desktop\\Website\\SPTC\\next\\node_modules\\wrappy'
485 silly reify ]
486 silly reify mark retired [ 'C:\\Users\\patri\\Desktop\\Website\\SPTC\\next\\node_modules\\ws' ]
487 silly reify mark retired [
487 silly reify   'C:\\Users\\patri\\Desktop\\Website\\SPTC\\next\\node_modules\\wsl-utils'
487 silly reify ]
488 silly reify mark retired [
488 silly reify   'C:\\Users\\patri\\Desktop\\Website\\SPTC\\next\\node_modules\\yallist'
488 silly reify ]
489 silly reify mark retired [
489 silly reify   'C:\\Users\\patri\\Desktop\\Website\\SPTC\\next\\node_modules\\yocto-queue'
489 silly reify ]
490 silly reify mark retired [
490 silly reify   'C:\\Users\\patri\\Desktop\\Website\\SPTC\\next\\node_modules\\yocto-spinner'
490 silly reify ]
491 silly reify mark retired [
491 silly reify   'C:\\Users\\patri\\Desktop\\Website\\SPTC\\next\\node_modules\\yoctocolors'
491 silly reify ]
492 silly reify mark retired [ 'C:\\Users\\patri\\Desktop\\Website\\SPTC\\next\\node_modules\\zod' ]
493 silly reify mark retired [
493 silly reify   'C:\\Users\\patri\\Desktop\\Website\\SPTC\\next\\node_modules\\zod-to-json-schema'
493 silly reify ]
494 silly reify mark retired [
494 silly reify   'C:\\Users\\patri\\Desktop\\Website\\SPTC\\next\\node_modules\\zod-validation-error'
494 silly reify ]
495 silly reify mark retired [
495 silly reify   'C:\\Users\\patri\\Desktop\\Website\\SPTC\\next\\node_modules\\@alloc\\quick-lru'
495 silly reify ]
496 silly reify mark retired [
496 silly reify   'C:\\Users\\patri\\Desktop\\Website\\SPTC\\next\\node_modules\\@babel\\code-frame'
496 silly reify ]
497 silly reify mark retired [
497 silly reify   'C:\\Users\\patri\\Desktop\\Website\\SPTC\\next\\node_modules\\@babel\\compat-data'
497 silly reify ]
498 silly reify mark retired [
498 silly reify   'C:\\Users\\patri\\Desktop\\Website\\SPTC\\next\\node_modules\\@babel\\core'
498 silly reify ]
499 silly reify mark retired [
499 silly reify   'C:\\Users\\patri\\Desktop\\Website\\SPTC\\next\\node_modules\\@babel\\helper-compilation-targets'
499 silly reify ]
500 silly reify mark retired [
500 silly reify   'C:\\Users\\patri\\Desktop\\Website\\SPTC\\next\\node_modules\\@babel\\helper-annotate-as-pure'
500 silly reify ]
501 silly reify mark retired [
501 silly reify   'C:\\Users\\patri\\Desktop\\Website\\SPTC\\next\\node_modules\\@babel\\helper-create-class-features-plugin'
501 silly reify ]
502 silly reify mark retired [
502 silly reify   'C:\\Users\\patri\\Desktop\\Website\\SPTC\\next\\node_modules\\@babel\\generator'
502 silly reify ]
503 silly reify mark retired [
503 silly reify   'C:\\Users\\patri\\Desktop\\Website\\SPTC\\next\\node_modules\\@babel\\helper-globals'
503 silly reify ]
504 silly reify mark retired [
504 silly reify   'C:\\Users\\patri\\Desktop\\Website\\SPTC\\next\\node_modules\\@babel\\helper-module-imports'
504 silly reify ]
505 silly reify mark retired [
505 silly reify   'C:\\Users\\patri\\Desktop\\Website\\SPTC\\next\\node_modules\\@babel\\helper-member-expression-to-functions'
505 silly reify ]
506 silly reify mark retired [
506 silly reify   'C:\\Users\\patri\\Desktop\\Website\\SPTC\\next\\node_modules\\@babel\\helper-module-transforms'
506 silly reify ]
507 silly reify mark retired [
507 silly reify   'C:\\Users\\patri\\Desktop\\Website\\SPTC\\next\\node_modules\\@babel\\helper-optimise-call-expression'
507 silly reify ]
508 silly reify mark retired [
508 silly reify   'C:\\Users\\patri\\Desktop\\Website\\SPTC\\next\\node_modules\\@babel\\helper-plugin-utils'
508 silly reify ]
509 silly reify mark retired [
509 silly reify   'C:\\Users\\patri\\Desktop\\Website\\SPTC\\next\\node_modules\\@babel\\helper-replace-supers'
509 silly reify ]
510 silly reify mark retired [
510 silly reify   'C:\\Users\\patri\\Desktop\\Website\\SPTC\\next\\node_modules\\@babel\\helper-skip-transparent-expression-wrappers'
510 silly reify ]
511 silly reify mark retired [
511 silly reify   'C:\\Users\\patri\\Desktop\\Website\\SPTC\\next\\node_modules\\@babel\\helper-string-parser'
511 silly reify ]
512 silly reify mark retired [
512 silly reify   'C:\\Users\\patri\\Desktop\\Website\\SPTC\\next\\node_modules\\@babel\\helper-validator-identifier'
512 silly reify ]
513 silly reify mark retired [
513 silly reify   'C:\\Users\\patri\\Desktop\\Website\\SPTC\\next\\node_modules\\@babel\\helper-validator-option'
513 silly reify ]
514 silly reify mark retired [
514 silly reify   'C:\\Users\\patri\\Desktop\\Website\\SPTC\\next\\node_modules\\@babel\\helpers'
514 silly reify ]
515 silly reify mark retired [
515 silly reify   'C:\\Users\\patri\\Desktop\\Website\\SPTC\\next\\node_modules\\@babel\\parser'
515 silly reify ]
516 silly reify mark retired [
516 silly reify   'C:\\Users\\patri\\Desktop\\Website\\SPTC\\next\\node_modules\\@babel\\plugin-syntax-jsx'
516 silly reify ]
517 silly reify mark retired [
517 silly reify   'C:\\Users\\patri\\Desktop\\Website\\SPTC\\next\\node_modules\\@babel\\plugin-syntax-typescript'
517 silly reify ]
518 silly reify mark retired [
518 silly reify   'C:\\Users\\patri\\Desktop\\Website\\SPTC\\next\\node_modules\\@babel\\plugin-transform-modules-commonjs'
518 silly reify ]
519 silly reify mark retired [
519 silly reify   'C:\\Users\\patri\\Desktop\\Website\\SPTC\\next\\node_modules\\@babel\\plugin-transform-typescript'
519 silly reify ]
520 silly reify mark retired [
520 silly reify   'C:\\Users\\patri\\Desktop\\Website\\SPTC\\next\\node_modules\\@babel\\preset-typescript'
520 silly reify ]
521 silly reify mark retired [
521 silly reify   'C:\\Users\\patri\\Desktop\\Website\\SPTC\\next\\node_modules\\@babel\\traverse'
521 silly reify ]
522 silly reify mark retired [
522 silly reify   'C:\\Users\\patri\\Desktop\\Website\\SPTC\\next\\node_modules\\@babel\\runtime'
522 silly reify ]
523 silly reify mark retired [
523 silly reify   'C:\\Users\\patri\\Desktop\\Website\\SPTC\\next\\node_modules\\@babel\\types'
523 silly reify ]
524 silly reify mark retired [
524 silly reify   'C:\\Users\\patri\\Desktop\\Website\\SPTC\\next\\node_modules\\@babel\\template'
524 silly reify ]
525 silly reify mark retired [
525 silly reify   'C:\\Users\\patri\\Desktop\\Website\\SPTC\\next\\node_modules\\@base-ui\\react'
525 silly reify ]
526 silly reify mark retired [
526 silly reify   'C:\\Users\\patri\\Desktop\\Website\\SPTC\\next\\node_modules\\@base-ui\\utils'
526 silly reify ]
527 silly reify mark retired [
527 silly reify   'C:\\Users\\patri\\Desktop\\Website\\SPTC\\next\\node_modules\\@dotenvx\\dotenvx'
527 silly reify ]
528 silly reify mark retired [
528 silly reify   'C:\\Users\\patri\\Desktop\\Website\\SPTC\\next\\node_modules\\@dotenvx\\primitives'
528 silly reify ]
529 silly reify mark retired [
529 silly reify   'C:\\Users\\patri\\Desktop\\Website\\SPTC\\next\\node_modules\\@esbuild\\win32-x64'
529 silly reify ]
530 silly reify mark retired [
530 silly reify   'C:\\Users\\patri\\Desktop\\Website\\SPTC\\next\\node_modules\\@eslint\\config-array'
530 silly reify ]
531 silly reify mark retired [
531 silly reify   'C:\\Users\\patri\\Desktop\\Website\\SPTC\\next\\node_modules\\@eslint\\config-helpers'
531 silly reify ]
532 silly reify mark retired [
532 silly reify   'C:\\Users\\patri\\Desktop\\Website\\SPTC\\next\\node_modules\\@eslint\\core'
532 silly reify ]
533 silly reify mark retired [
533 silly reify   'C:\\Users\\patri\\Desktop\\Website\\SPTC\\next\\node_modules\\@eslint\\eslintrc'
533 silly reify ]
534 silly reify mark retired [
534 silly reify   'C:\\Users\\patri\\Desktop\\Website\\SPTC\\next\\node_modules\\@eslint\\plugin-kit'
534 silly reify ]
535 silly reify mark retired [
535 silly reify   'C:\\Users\\patri\\Desktop\\Website\\SPTC\\next\\node_modules\\@eslint\\js'
535 silly reify ]
536 silly reify mark retired [
536 silly reify   'C:\\Users\\patri\\Desktop\\Website\\SPTC\\next\\node_modules\\@eslint\\object-schema'
536 silly reify ]
537 silly reify mark retired [
537 silly reify   'C:\\Users\\patri\\Desktop\\Website\\SPTC\\next\\node_modules\\@eslint-community\\eslint-utils'
537 silly reify ]
538 silly reify mark retired [
538 silly reify   'C:\\Users\\patri\\Desktop\\Website\\SPTC\\next\\node_modules\\@eslint-community\\regexpp'
538 silly reify ]
539 silly reify mark retired [
539 silly reify   'C:\\Users\\patri\\Desktop\\Website\\SPTC\\next\\node_modules\\@floating-ui\\core'
539 silly reify ]
540 silly reify mark retired [
540 silly reify   'C:\\Users\\patri\\Desktop\\Website\\SPTC\\next\\node_modules\\@floating-ui\\react-dom'
540 silly reify ]
541 silly reify mark retired [
541 silly reify   'C:\\Users\\patri\\Desktop\\Website\\SPTC\\next\\node_modules\\@floating-ui\\dom'
541 silly reify ]
542 silly reify mark retired [
542 silly reify   'C:\\Users\\patri\\Desktop\\Website\\SPTC\\next\\node_modules\\@floating-ui\\utils'
542 silly reify ]
543 silly reify mark retired [
543 silly reify   'C:\\Users\\patri\\Desktop\\Website\\SPTC\\next\\node_modules\\@hono\\node-server'
543 silly reify ]
544 silly reify mark retired [
544 silly reify   'C:\\Users\\patri\\Desktop\\Website\\SPTC\\next\\node_modules\\@humanfs\\core'
544 silly reify ]
545 silly reify mark retired [
545 silly reify   'C:\\Users\\patri\\Desktop\\Website\\SPTC\\next\\node_modules\\@humanfs\\node'
545 silly reify ]
546 silly reify mark retired [
546 silly reify   'C:\\Users\\patri\\Desktop\\Website\\SPTC\\next\\node_modules\\@humanfs\\types'
546 silly reify ]
547 silly reify mark retired [
547 silly reify   'C:\\Users\\patri\\Desktop\\Website\\SPTC\\next\\node_modules\\@humanwhocodes\\retry'
547 silly reify ]
548 silly reify mark retired [
548 silly reify   'C:\\Users\\patri\\Desktop\\Website\\SPTC\\next\\node_modules\\@humanwhocodes\\module-importer'
548 silly reify ]
549 silly reify mark retired [
549 silly reify   'C:\\Users\\patri\\Desktop\\Website\\SPTC\\next\\node_modules\\@img\\colour'
549 silly reify ]
550 silly reify mark retired [
550 silly reify   'C:\\Users\\patri\\Desktop\\Website\\SPTC\\next\\node_modules\\@img\\sharp-win32-x64'
550 silly reify ]
551 silly reify mark retired [
551 silly reify   'C:\\Users\\patri\\Desktop\\Website\\SPTC\\next\\node_modules\\@jridgewell\\gen-mapping'
551 silly reify ]
552 silly reify mark retired [
552 silly reify   'C:\\Users\\patri\\Desktop\\Website\\SPTC\\next\\node_modules\\@jridgewell\\remapping'
552 silly reify ]
553 silly reify mark retired [
553 silly reify   'C:\\Users\\patri\\Desktop\\Website\\SPTC\\next\\node_modules\\@jridgewell\\resolve-uri'
553 silly reify ]
554 silly reify mark retired [
554 silly reify   'C:\\Users\\patri\\Desktop\\Website\\SPTC\\next\\node_modules\\@jridgewell\\sourcemap-codec'
554 silly reify ]
555 silly reify mark retired [
555 silly reify   'C:\\Users\\patri\\Desktop\\Website\\SPTC\\next\\node_modules\\@jridgewell\\trace-mapping'
555 silly reify ]
556 silly reify mark retired [
556 silly reify   'C:\\Users\\patri\\Desktop\\Website\\SPTC\\next\\node_modules\\@next\\env'
556 silly reify ]
557 silly reify mark retired [
557 silly reify   'C:\\Users\\patri\\Desktop\\Website\\SPTC\\next\\node_modules\\@next\\swc-win32-x64-msvc'
557 silly reify ]
558 silly reify mark retired [
558 silly reify   'C:\\Users\\patri\\Desktop\\Website\\SPTC\\next\\node_modules\\@next\\eslint-plugin-next'
558 silly reify ]
559 silly reify mark retired [
559 silly reify   'C:\\Users\\patri\\Desktop\\Website\\SPTC\\next\\node_modules\\@modelcontextprotocol\\sdk'
559 silly reify ]
560 silly reify mark retired [
560 silly reify   'C:\\Users\\patri\\Desktop\\Website\\SPTC\\next\\node_modules\\@nodelib\\fs.scandir'
560 silly reify ]
561 silly reify mark retired [
561 silly reify   'C:\\Users\\patri\\Desktop\\Website\\SPTC\\next\\node_modules\\@nodelib\\fs.walk'
561 silly reify ]
562 silly reify mark retired [
562 silly reify   'C:\\Users\\patri\\Desktop\\Website\\SPTC\\next\\node_modules\\@nodelib\\fs.stat'
562 silly reify ]
563 silly reify mark retired [
563 silly reify   'C:\\Users\\patri\\Desktop\\Website\\SPTC\\next\\node_modules\\@nolyfill\\is-core-module'
563 silly reify ]
564 silly reify mark retired [
564 silly reify   'C:\\Users\\patri\\Desktop\\Website\\SPTC\\next\\node_modules\\@reduxjs\\toolkit'
564 silly reify ]
565 silly reify mark retired [
565 silly reify   'C:\\Users\\patri\\Desktop\\Website\\SPTC\\next\\node_modules\\@rollup\\rollup-win32-x64-gnu'
565 silly reify ]
566 silly reify mark retired [
566 silly reify   'C:\\Users\\patri\\Desktop\\Website\\SPTC\\next\\node_modules\\@rollup\\rollup-win32-x64-msvc'
566 silly reify ]
567 silly reify mark retired [
567 silly reify   'C:\\Users\\patri\\Desktop\\Website\\SPTC\\next\\node_modules\\@rtsao\\scc'
567 silly reify ]
568 silly reify mark retired [
568 silly reify   'C:\\Users\\patri\\Desktop\\Website\\SPTC\\next\\node_modules\\@sindresorhus\\merge-streams'
568 silly reify ]
569 silly reify mark retired [
569 silly reify   'C:\\Users\\patri\\Desktop\\Website\\SPTC\\next\\node_modules\\@sec-ant\\readable-stream'
569 silly reify ]
570 silly reify mark retired [
570 silly reify   'C:\\Users\\patri\\Desktop\\Website\\SPTC\\next\\node_modules\\@standard-schema\\spec'
570 silly reify ]
571 silly reify mark retired [
571 silly reify   'C:\\Users\\patri\\Desktop\\Website\\SPTC\\next\\node_modules\\@standard-schema\\utils'
571 silly reify ]
572 silly reify mark retired [
572 silly reify   'C:\\Users\\patri\\Desktop\\Website\\SPTC\\next\\node_modules\\@supabase\\auth-js'
572 silly reify ]
573 silly reify mark retired [
573 silly reify   'C:\\Users\\patri\\Desktop\\Website\\SPTC\\next\\node_modules\\@supabase\\phoenix'
573 silly reify ]
574 silly reify mark retired [
574 silly reify   'C:\\Users\\patri\\Desktop\\Website\\SPTC\\next\\node_modules\\@supabase\\functions-js'
574 silly reify ]
575 silly reify mark retired [
575 silly reify   'C:\\Users\\patri\\Desktop\\Website\\SPTC\\next\\node_modules\\@supabase\\realtime-js'
575 silly reify ]
576 silly reify mark retired [
576 silly reify   'C:\\Users\\patri\\Desktop\\Website\\SPTC\\next\\node_modules\\@supabase\\postgrest-js'
576 silly reify ]
577 silly reify mark retired [
577 silly reify   'C:\\Users\\patri\\Desktop\\Website\\SPTC\\next\\node_modules\\@supabase\\storage-js'
577 silly reify ]
578 silly reify mark retired [
578 silly reify   'C:\\Users\\patri\\Desktop\\Website\\SPTC\\next\\node_modules\\@supabase\\supabase-js'
578 silly reify ]
579 silly reify mark retired [
579 silly reify   'C:\\Users\\patri\\Desktop\\Website\\SPTC\\next\\node_modules\\@swc\\helpers'
579 silly reify ]
580 silly reify mark retired [
580 silly reify   'C:\\Users\\patri\\Desktop\\Website\\SPTC\\next\\node_modules\\@tailwindcss\\node'
580 silly reify ]
581 silly reify mark retired [
581 silly reify   'C:\\Users\\patri\\Desktop\\Website\\SPTC\\next\\node_modules\\@tailwindcss\\oxide'
581 silly reify ]
582 silly reify mark retired [
582 silly reify   'C:\\Users\\patri\\Desktop\\Website\\SPTC\\next\\node_modules\\@tailwindcss\\oxide-win32-x64-msvc'
582 silly reify ]
583 silly reify mark retired [
583 silly reify   'C:\\Users\\patri\\Desktop\\Website\\SPTC\\next\\node_modules\\@tailwindcss\\postcss'
583 silly reify ]
584 silly reify mark retired [
584 silly reify   'C:\\Users\\patri\\Desktop\\Website\\SPTC\\next\\node_modules\\@types\\chai'
584 silly reify ]
585 silly reify mark retired [
585 silly reify   'C:\\Users\\patri\\Desktop\\Website\\SPTC\\next\\node_modules\\@types\\d3-array'
585 silly reify ]
586 silly reify mark retired [
586 silly reify   'C:\\Users\\patri\\Desktop\\Website\\SPTC\\next\\node_modules\\@types\\d3-color'
586 silly reify ]
587 silly reify mark retired [
587 silly reify   'C:\\Users\\patri\\Desktop\\Website\\SPTC\\next\\node_modules\\@types\\d3-interpolate'
587 silly reify ]
588 silly reify mark retired [
588 silly reify   'C:\\Users\\patri\\Desktop\\Website\\SPTC\\next\\node_modules\\@types\\d3-path'
588 silly reify ]
589 silly reify mark retired [
589 silly reify   'C:\\Users\\patri\\Desktop\\Website\\SPTC\\next\\node_modules\\@types\\d3-ease'
589 silly reify ]
590 silly reify mark retired [
590 silly reify   'C:\\Users\\patri\\Desktop\\Website\\SPTC\\next\\node_modules\\@types\\d3-scale'
590 silly reify ]
591 silly reify mark retired [
591 silly reify   'C:\\Users\\patri\\Desktop\\Website\\SPTC\\next\\node_modules\\@types\\deep-eql'
591 silly reify ]
592 silly reify mark retired [
592 silly reify   'C:\\Users\\patri\\Desktop\\Website\\SPTC\\next\\node_modules\\@types\\d3-time'
592 silly reify ]
593 silly reify mark retired [
593 silly reify   'C:\\Users\\patri\\Desktop\\Website\\SPTC\\next\\node_modules\\@types\\d3-shape'
593 silly reify ]
594 silly reify mark retired [
594 silly reify   'C:\\Users\\patri\\Desktop\\Website\\SPTC\\next\\node_modules\\@types\\d3-timer'
594 silly reify ]
595 silly reify mark retired [
595 silly reify   'C:\\Users\\patri\\Desktop\\Website\\SPTC\\next\\node_modules\\@types\\estree'
595 silly reify ]
596 silly reify mark retired [
596 silly reify   'C:\\Users\\patri\\Desktop\\Website\\SPTC\\next\\node_modules\\@types\\node'
596 silly reify ]
597 silly reify mark retired [
597 silly reify   'C:\\Users\\patri\\Desktop\\Website\\SPTC\\next\\node_modules\\@types\\json5'
597 silly reify ]
598 silly reify mark retired [
598 silly reify   'C:\\Users\\patri\\Desktop\\Website\\SPTC\\next\\node_modules\\@types\\json-schema'
598 silly reify ]
599 silly reify mark retired [
599 silly reify   'C:\\Users\\patri\\Desktop\\Website\\SPTC\\next\\node_modules\\@types\\react'
599 silly reify ]
600 silly reify mark retired [
600 silly reify   'C:\\Users\\patri\\Desktop\\Website\\SPTC\\next\\node_modules\\@types\\ws'
600 silly reify ]
601 silly reify mark retired [
601 silly reify   'C:\\Users\\patri\\Desktop\\Website\\SPTC\\next\\node_modules\\@types\\react-dom'
601 silly reify ]
602 silly reify mark retired [
602 silly reify   'C:\\Users\\patri\\Desktop\\Website\\SPTC\\next\\node_modules\\@types\\use-sync-external-store'
602 silly reify ]
603 silly reify mark retired [
603 silly reify   'C:\\Users\\patri\\Desktop\\Website\\SPTC\\next\\node_modules\\@ts-morph\\common'
603 silly reify ]
604 silly reify mark retired [
604 silly reify   'C:\\Users\\patri\\Desktop\\Website\\SPTC\\next\\node_modules\\@types\\validate-npm-package-name'
604 silly reify ]
605 silly reify mark retired [
605 silly reify   'C:\\Users\\patri\\Desktop\\Website\\SPTC\\next\\node_modules\\@typescript-eslint\\eslint-plugin'
605 silly reify ]
606 silly reify mark retired [
606 silly reify   'C:\\Users\\patri\\Desktop\\Website\\SPTC\\next\\node_modules\\@typescript-eslint\\project-service'
606 silly reify ]
607 silly reify mark retired [
607 silly reify   'C:\\Users\\patri\\Desktop\\Website\\SPTC\\next\\node_modules\\@typescript-eslint\\parser'
607 silly reify ]
608 silly reify mark retired [
608 silly reify   'C:\\Users\\patri\\Desktop\\Website\\SPTC\\next\\node_modules\\@typescript-eslint\\tsconfig-utils'
608 silly reify ]
609 silly reify mark retired [
609 silly reify   'C:\\Users\\patri\\Desktop\\Website\\SPTC\\next\\node_modules\\@typescript-eslint\\scope-manager'
609 silly reify ]
610 silly reify mark retired [
610 silly reify   'C:\\Users\\patri\\Desktop\\Website\\SPTC\\next\\node_modules\\@typescript-eslint\\type-utils'
610 silly reify ]
611 silly reify mark retired [
611 silly reify   'C:\\Users\\patri\\Desktop\\Website\\SPTC\\next\\node_modules\\@typescript-eslint\\types'
611 silly reify ]
612 silly reify mark retired [
612 silly reify   'C:\\Users\\patri\\Desktop\\Website\\SPTC\\next\\node_modules\\@typescript-eslint\\typescript-estree'
612 silly reify ]
613 silly reify mark retired [
613 silly reify   'C:\\Users\\patri\\Desktop\\Website\\SPTC\\next\\node_modules\\@typescript-eslint\\utils'
613 silly reify ]
614 silly reify mark retired [
614 silly reify   'C:\\Users\\patri\\Desktop\\Website\\SPTC\\next\\node_modules\\@typescript-eslint\\visitor-keys'
614 silly reify ]
615 silly reify mark retired [
615 silly reify   'C:\\Users\\patri\\Desktop\\Website\\SPTC\\next\\node_modules\\@unrs\\resolver-binding-win32-x64-msvc'
615 silly reify ]
616 silly reify mark retired [
616 silly reify   'C:\\Users\\patri\\Desktop\\Website\\SPTC\\next\\node_modules\\@vitest\\expect'
616 silly reify ]
617 silly reify mark retired [
617 silly reify   'C:\\Users\\patri\\Desktop\\Website\\SPTC\\next\\node_modules\\@vitest\\mocker'
617 silly reify ]
618 silly reify mark retired [
618 silly reify   'C:\\Users\\patri\\Desktop\\Website\\SPTC\\next\\node_modules\\@vitest\\runner'
618 silly reify ]
619 silly reify mark retired [
619 silly reify   'C:\\Users\\patri\\Desktop\\Website\\SPTC\\next\\node_modules\\@vitest\\pretty-format'
619 silly reify ]
620 silly reify mark retired [
620 silly reify   'C:\\Users\\patri\\Desktop\\Website\\SPTC\\next\\node_modules\\@vitest\\snapshot'
620 silly reify ]
621 silly reify mark retired [
621 silly reify   'C:\\Users\\patri\\Desktop\\Website\\SPTC\\next\\node_modules\\@vitest\\spy'
621 silly reify ]
622 silly reify mark retired [
622 silly reify   'C:\\Users\\patri\\Desktop\\Website\\SPTC\\next\\node_modules\\@vitest\\utils'
622 silly reify ]
623 silly reify mark retired [
623 silly reify   'C:\\Users\\patri\\Desktop\\Website\\SPTC\\next\\packages\\theme\\node_modules\\typescript'
623 silly reify ]
624 silly reify mark retired [
624 silly reify   'C:\\Users\\patri\\Desktop\\Website\\SPTC\\next\\packages\\domain\\node_modules\\picomatch'
624 silly reify ]
625 silly reify mark retired [
625 silly reify   'C:\\Users\\patri\\Desktop\\Website\\SPTC\\next\\packages\\domain\\node_modules\\typescript'
625 silly reify ]
626 silly reify mark retired [
626 silly reify   'C:\\Users\\patri\\Desktop\\Website\\SPTC\\next\\packages\\domain\\node_modules\\vitest'
626 silly reify ]
627 silly reify moves {
627 silly reify   'C:\\Users\\patri\\Desktop\\Website\\SPTC\\next\\node_modules\\acorn': 'C:\\Users\\patri\\Desktop\\Website\\SPTC\\next\\node_modules\\.acorn-UBKynjTh',
627 silly reify   'C:\\Users\\patri\\Desktop\\Website\\SPTC\\next\\node_modules\\accepts': 'C:\\Users\\patri\\Desktop\\Website\\SPTC\\next\\node_modules\\.accepts-5DU4IwkU',
627 silly reify   'C:\\Users\\patri\\Desktop\\Website\\SPTC\\next\\node_modules\\acorn-jsx': 'C:\\Users\\patri\\Desktop\\Website\\SPTC\\next\\node_modules\\.acorn-jsx-PXtBOJdA',
627 silly reify   'C:\\Users\\patri\\Desktop\\Website\\SPTC\\next\\node_modules\\ajv': 'C:\\Users\\patri\\Desktop\\Website\\SPTC\\next\\node_modules\\.ajv-EuTaEi0m',
627 silly reify   'C:\\Users\\patri\\Desktop\\Website\\SPTC\\next\\node_modules\\ajv-formats': 'C:\\Users\\patri\\Desktop\\Website\\SPTC\\next\\node_modules\\.ajv-formats-fl0gdwkW',
627 silly reify   'C:\\Users\\patri\\Desktop\\Website\\SPTC\\next\\node_modules\\ansi-colors': 'C:\\Users\\patri\\Desktop\\Website\\SPTC\\next\\node_modules\\.ansi-colors-EIbsuPiH',
627 silly reify   'C:\\Users\\patri\\Desktop\\Website\\SPTC\\next\\node_modules\\ansi-styles': 'C:\\Users\\patri\\Desktop\\Website\\SPTC\\next\\node_modules\\.ansi-styles-UVItb8nA',
627 silly reify   'C:\\Users\\patri\\Desktop\\Website\\SPTC\\next\\node_modules\\argparse': 'C:\\Users\\patri\\Desktop\\Website\\SPTC\\next\\node_modules\\.argparse-OmRV84d9',
627 silly reify   'C:\\Users\\patri\\Desktop\\Website\\SPTC\\next\\node_modules\\array-buffer-byte-length': 'C:\\Users\\patri\\Desktop\\Website\\SPTC\\next\\node_modules\\.array-buffer-byte-length-fjXffpSS',
627 silly reify   'C:\\Users\\patri\\Desktop\\Website\\SPTC\\next\\node_modules\\ansi-regex': 'C:\\Users\\patri\\Desktop\\Website\\SPTC\\next\\node_modules\\.ansi-regex-N3nqqQuh',
627 silly reify   'C:\\Users\\patri\\Desktop\\Website\\SPTC\\next\\node_modules\\aria-query': 'C:\\Users\\patri\\Desktop\\Website\\SPTC\\next\\node_modules\\.aria-query-THFz6I2B',
627 silly reify   'C:\\Users\\patri\\Desktop\\Website\\SPTC\\next\\node_modules\\array-includes': 'C:\\Users\\patri\\Desktop\\Website\\SPTC\\next\\node_modules\\.array-includes-uzD0esYH',
627 silly reify   'C:\\Users\\patri\\Desktop\\Website\\SPTC\\next\\node_modules\\array.prototype.findlast': 'C:\\Users\\patri\\Desktop\\Website\\SPTC\\next\\node_modules\\.array.prototype.findlast-XDasPZOV',
627 silly reify   'C:\\Users\\patri\\Desktop\\Website\\SPTC\\next\\node_modules\\array.prototype.flat': 'C:\\Users\\patri\\Desktop\\Website\\SPTC\\next\\node_modules\\.array.prototype.flat-wpOXRoHc',
627 silly reify   'C:\\Users\\patri\\Desktop\\Website\\SPTC\\next\\node_modules\\array.prototype.flatmap': 'C:\\Users\\patri\\Desktop\\Website\\SPTC\\next\\node_modules\\.array.prototype.flatmap-fVRU5KFF',
627 silly reify   'C:\\Users\\patri\\Desktop\\Website\\SPTC\\next\\node_modules\\array.prototype.findlastindex': 'C:\\Users\\patri\\Desktop\\Website\\SPTC\\next\\node_modules\\.array.prototype.findlastindex-U9nJZEjT',
627 silly reify   'C:\\Users\\patri\\Desktop\\Website\\SPTC\\next\\node_modules\\array.prototype.tosorted': 'C:\\Users\\patri\\Desktop\\Website\\SPTC\\next\\node_modules\\.array.prototype.tosorted-t1hqAURv',
627 silly reify   'C:\\Users\\patri\\Desktop\\Website\\SPTC\\next\\node_modules\\arraybuffer.prototype.slice': 'C:\\Users\\patri\\Desktop\\Website\\SPTC\\next\\node_modules\\.arraybuffer.prototype.slice-NDxoJn2z',
627 silly reify   'C:\\Users\\patri\\Desktop\\Website\\SPTC\\next\\node_modules\\assertion-error': 'C:\\Users\\patri\\Desktop\\Website\\SPTC\\next\\node_modules\\.assertion-error-PoB9Tish',
627 silly reify   'C:\\Users\\patri\\Desktop\\Website\\SPTC\\next\\node_modules\\ast-types': 'C:\\Users\\patri\\Desktop\\Website\\SPTC\\next\\node_modules\\.ast-types-2p90KBTR',
627 silly reify   'C:\\Users\\patri\\Desktop\\Website\\SPTC\\next\\node_modules\\ast-types-flow': 'C:\\Users\\patri\\Desktop\\Website\\SPTC\\next\\node_modules\\.ast-types-flow-xY7kQes0',
627 silly reify   'C:\\Users\\patri\\Desktop\\Website\\SPTC\\next\\node_modules\\async-function': 'C:\\Users\\patri\\Desktop\\Website\\SPTC\\next\\node_modules\\.async-function-wLiCWUiw',
627 silly reify   'C:\\Users\\patri\\Desktop\\Website\\SPTC\\next\\node_modules\\atomically': 'C:\\Users\\patri\\Desktop\\Website\\SPTC\\next\\node_modules\\.atomically-4FRH5osi',
627 silly reify   'C:\\Users\\patri\\Desktop\\Website\\SPTC\\next\\node_modules\\axe-core': 'C:\\Users\\patri\\Desktop\\Website\\SPTC\\next\\node_modules\\.axe-core-4BlaErh7',
627 silly reify   'C:\\Users\\patri\\Desktop\\Website\\SPTC\\next\\node_modules\\available-typed-arrays': 'C:\\Users\\patri\\Desktop\\Website\\SPTC\\next\\node_modules\\.available-typed-arrays-Sd4LH2KX',
627 silly reify   'C:\\Users\\patri\\Desktop\\Website\\SPTC\\next\\node_modules\\balanced-match': 'C:\\Users\\patri\\Desktop\\Website\\SPTC\\next\\node_modules\\.balanced-match-z3l3EBxu',
627 silly reify   'C:\\Users\\patri\\Desktop\\Website\\SPTC\\next\\node_modules\\axobject-query': 'C:\\Users\\patri\\Desktop\\Website\\SPTC\\next\\node_modules\\.axobject-query-560VFlwq',
627 silly reify   'C:\\Users\\patri\\Desktop\\Website\\SPTC\\next\\node_modules\\brace-expansion': 'C:\\Users\\patri\\Desktop\\Website\\SPTC\\next\\node_modules\\.brace-expansion-P5OmOh6v',
627 silly reify   'C:\\Users\\patri\\Desktop\\Website\\SPTC\\next\\node_modules\\baseline-browser-mapping': 'C:\\Users\\patri\\Desktop\\Website\\SPTC\\next\\node_modules\\.baseline-browser-mapping-DyciDsxS',
627 silly reify   'C:\\Users\\patri\\Desktop\\Website\\SPTC\\next\\node_modules\\body-parser': 'C:\\Users\\patri\\Desktop\\Website\\SPTC\\next\\node_modules\\.body-parser-a10sj6pN',
627 silly reify   'C:\\Users\\patri\\Desktop\\Website\\SPTC\\next\\node_modules\\braces': 'C:\\Users\\patri\\Desktop\\Website\\SPTC\\next\\node_modules\\.braces-soO4U6pm',
627 silly reify   'C:\\Users\\patri\\Desktop\\Website\\SPTC\\next\\node_modules\\browserslist': 'C:\\Users\\patri\\Desktop\\Website\\SPTC\\next\\node_modules\\.browserslist-BxK8Vado',
627 silly reify   'C:\\Users\\patri\\Desktop\\Website\\SPTC\\next\\node_modules\\bundle-name': 'C:\\Users\\patri\\Desktop\\Website\\SPTC\\next\\node_modules\\.bundle-name-t50iOlS2',
627 silly reify   'C:\\Users\\patri\\Desktop\\Website\\SPTC\\next\\node_modules\\call-bind': 'C:\\Users\\patri\\Desktop\\Website\\SPTC\\next\\node_modules\\.call-bind-nuQRq5Tv',
627 silly reify   'C:\\Users\\patri\\Desktop\\Website\\SPTC\\next\\node_modules\\bytes': 'C:\\Users\\patri\\Desktop\\Website\\SPTC\\next\\node_modules\\.bytes-rUn8iajG',
627 silly reify   'C:\\Users\\patri\\Desktop\\Website\\SPTC\\next\\node_modules\\cac': 'C:\\Users\\patri\\Desktop\\Website\\SPTC\\next\\node_modules\\.cac-qplPqX0Y',
627 silly reify   'C:\\Users\\patri\\Desktop\\Website\\SPTC\\next\\node_modules\\call-bound': 'C:\\Users\\patri\\Desktop\\Website\\SPTC\\next\\node_modules\\.call-bound-YoeaxdWF',
627 silly reify   'C:\\Users\\patri\\Desktop\\Website\\SPTC\\next\\node_modules\\call-bind-apply-helpers': 'C:\\Users\\patri\\Desktop\\Website\\SPTC\\next\\node_modules\\.call-bind-apply-helpers-ZAT5CgGp',
627 silly reify   'C:\\Users\\patri\\Desktop\\Website\\SPTC\\next\\node_modules\\callsites': 'C:\\Users\\patri\\Desktop\\Website\\SPTC\\next\\node_modules\\.callsites-vM7rYYMK',
627 silly reify   'C:\\Users\\patri\\Desktop\\Website\\SPTC\\next\\node_modules\\caniuse-lite': 'C:\\Users\\patri\\Desktop\\Website\\SPTC\\next\\node_modules\\.caniuse-lite-INlBIN1C',
627 silly reify   'C:\\Users\\patri\\Desktop\\Website\\SPTC\\next\\node_modules\\canvas-confetti': 'C:\\Users\\patri\\Desktop\\Website\\SPTC\\next\\node_modules\\.canvas-confetti-ciP55bIr',
627 silly reify   'C:\\Users\\patri\\Desktop\\Website\\SPTC\\next\\node_modules\\chai': 'C:\\Users\\patri\\Desktop\\Website\\SPTC\\next\\node_modules\\.chai-JCxBfdty',
627 silly reify   'C:\\Users\\patri\\Desktop\\Website\\SPTC\\next\\node_modules\\chalk': 'C:\\Users\\patri\\Desktop\\Website\\SPTC\\next\\node_modules\\.chalk-apJiErGy',
627 silly reify   'C:\\Users\\patri\\Desktop\\Website\\SPTC\\next\\node_modules\\check-error': 'C:\\Users\\patri\\Desktop\\Website\\SPTC\\next\\node_modules\\.check-error-gvF4yAcq',
627 silly reify   'C:\\Users\\patri\\Desktop\\Website\\SPTC\\next\\node_modules\\class-variance-authority': 'C:\\Users\\patri\\Desktop\\Website\\SPTC\\next\\node_modules\\.class-variance-authority-OvxNUqS9',
627 silly reify   'C:\\Users\\patri\\Desktop\\Website\\SPTC\\next\\node_modules\\cli-cursor': 'C:\\Users\\patri\\Desktop\\Website\\SPTC\\next\\node_modules\\.cli-cursor-VeP4YBj4',
627 silly reify   'C:\\Users\\patri\\Desktop\\Website\\SPTC\\next\\node_modules\\cli-spinners': 'C:\\Users\\patri\\Desktop\\Website\\SPTC\\next\\node_modules\\.cli-spinners-6mSKqc85',
627 silly reify   'C:\\Users\\patri\\Desktop\\Website\\SPTC\\next\\node_modules\\client-only': 'C:\\Users\\patri\\Desktop\\Website\\SPTC\\next\\node_modules\\.client-only-l0sAreEy',
627 silly reify   'C:\\Users\\patri\\Desktop\\Website\\SPTC\\next\\node_modules\\clsx': 'C:\\Users\\patri\\Desktop\\Website\\SPTC\\next\\node_modules\\.clsx-oRV1Cmnu',
627 silly reify   'C:\\Users\\patri\\Desktop\\Website\\SPTC\\next\\node_modules\\code-block-writer': 'C:\\Users\\patri\\Desktop\\Website\\SPTC\\next\\node_modules\\.code-block-writer-JHwafzAq',
627 silly reify   'C:\\Users\\patri\\Desktop\\Website\\SPTC\\next\\node_modules\\commander': 'C:\\Users\\patri\\Desktop\\Website\\SPTC\\next\\node_modules\\.commander-mFlKshd8',
627 silly reify   'C:\\Users\\patri\\Desktop\\Website\\SPTC\\next\\node_modules\\color-convert': 'C:\\Users\\patri\\Desktop\\Website\\SPTC\\next\\node_modules\\.color-convert-E01aTu9S',
627 silly reify   'C:\\Users\\patri\\Desktop\\Website\\SPTC\\next\\node_modules\\concat-map': 'C:\\Users\\patri\\Desktop\\Website\\SPTC\\next\\node_modules\\.concat-map-QLmpviE3',
627 silly reify   'C:\\Users\\patri\\Desktop\\Website\\SPTC\\next\\node_modules\\color-name': 'C:\\Users\\patri\\Desktop\\Website\\SPTC\\next\\node_modules\\.color-name-fUUpBj9I',
627 silly reify   'C:\\Users\\patri\\Desktop\\Website\\SPTC\\next\\node_modules\\conf': 'C:\\Users\\patri\\Desktop\\Website\\SPTC\\next\\node_modules\\.conf-mEt7wTBw',
627 silly reify   'C:\\Users\\patri\\Desktop\\Website\\SPTC\\next\\node_modules\\content-disposition': 'C:\\Users\\patri\\Desktop\\Website\\SPTC\\next\\node_modules\\.content-disposition-ts6CldIL',
627 silly reify   'C:\\Users\\patri\\Desktop\\Website\\SPTC\\next\\node_modules\\content-type': 'C:\\Users\\patri\\Desktop\\Website\\SPTC\\next\\node_modules\\.content-type-CgTqwvva',
627 silly reify   'C:\\Users\\patri\\Desktop\\Website\\SPTC\\next\\node_modules\\convert-source-map': 'C:\\Users\\patri\\Desktop\\Website\\SPTC\\next\\node_modules\\.convert-source-map-NSqkg4J6',
627 silly reify   'C:\\Users\\patri\\Desktop\\Website\\SPTC\\next\\node_modules\\cookie': 'C:\\Users\\patri\\Desktop\\Website\\SPTC\\next\\node_modules\\.cookie-XZ898Jd3',
627 silly reify   'C:\\Users\\patri\\Desktop\\Website\\SPTC\\next\\node_modules\\cors': 'C:\\Users\\patri\\Desktop\\Website\\SPTC\\next\\node_modules\\.cors-7Q2PB24S',
627 silly reify   'C:\\Users\\patri\\Desktop\\Website\\SPTC\\next\\node_modules\\cookie-signature': 'C:\\Users\\patri\\Desktop\\Website\\SPTC\\next\\node_modules\\.cookie-signature-ihh59qd4',
627 silly reify   'C:\\Users\\patri\\Desktop\\Website\\SPTC\\next\\node_modules\\cosmiconfig': 'C:\\Users\\patri\\Desktop\\Website\\SPTC\\next\\node_modules\\.cosmiconfig-tphvLFDp',
627 silly reify   'C:\\Users\\patri\\Desktop\\Website\\SPTC\\next\\node_modules\\cross-spawn': 'C:\\Users\\patri\\Desktop\\Website\\SPTC\\next\\node_modules\\.cross-spawn-rKCtgOu1',
627 silly reify   'C:\\Users\\patri\\Desktop\\Website\\SPTC\\next\\node_modules\\cssesc': 'C:\\Users\\patri\\Desktop\\Website\\SPTC\\next\\node_modules\\.cssesc-hFPIdYsR',
627 silly reify   'C:\\Users\\patri\\Desktop\\Website\\SPTC\\next\\node_modules\\csstype': 'C:\\Users\\patri\\Desktop\\Website\\SPTC\\next\\node_modules\\.csstype-Ha975hBx',
627 silly reify   'C:\\Users\\patri\\Desktop\\Website\\SPTC\\next\\node_modules\\d3-array': 'C:\\Users\\patri\\Desktop\\Website\\SPTC\\next\\node_modules\\.d3-array-wxyduozn',
627 silly reify   'C:\\Users\\patri\\Desktop\\Website\\SPTC\\next\\node_modules\\d3-ease': 'C:\\Users\\patri\\Desktop\\Website\\SPTC\\next\\node_modules\\.d3-ease-cKsN4q1y',
627 silly reify   'C:\\Users\\patri\\Desktop\\Website\\SPTC\\next\\node_modules\\d3-color': 'C:\\Users\\patri\\Desktop\\Website\\SPTC\\next\\node_modules\\.d3-color-dAlZBlzF',
627 silly reify   'C:\\Users\\patri\\Desktop\\Website\\SPTC\\next\\node_modules\\d3-format': 'C:\\Users\\patri\\Desktop\\Website\\SPTC\\next\\node_modules\\.d3-format-9cEpgLze',
627 silly reify   'C:\\Users\\patri\\Desktop\\Website\\SPTC\\next\\node_modules\\d3-interpolate': 'C:\\Users\\patri\\Desktop\\Website\\SPTC\\next\\node_modules\\.d3-interpolate-iOM5Itrl',
627 silly reify   'C:\\Users\\patri\\Desktop\\Website\\SPTC\\next\\node_modules\\d3-path': 'C:\\Users\\patri\\Desktop\\Website\\SPTC\\next\\node_modules\\.d3-path-hQsSm3GN',
627 silly reify   'C:\\Users\\patri\\Desktop\\Website\\SPTC\\next\\node_modules\\d3-scale': 'C:\\Users\\patri\\Desktop\\Website\\SPTC\\next\\node_modules\\.d3-scale-8jQPqhKM',
627 silly reify   'C:\\Users\\patri\\Desktop\\Website\\SPTC\\next\\node_modules\\d3-shape': 'C:\\Users\\patri\\Desktop\\Website\\SPTC\\next\\node_modules\\.d3-shape-oDGLvToB',
627 silly reify   'C:\\Users\\patri\\Desktop\\Website\\SPTC\\next\\node_modules\\d3-time': 'C:\\Users\\patri\\Desktop\\Website\\SPTC\\next\\node_modules\\.d3-time-5fyYBIWm',
627 silly reify   'C:\\Users\\patri\\Desktop\\Website\\SPTC\\next\\node_modules\\d3-time-format': 'C:\\Users\\patri\\Desktop\\Website\\SPTC\\next\\node_modules\\.d3-time-format-45xI8bVQ',
627 silly reify   'C:\\Users\\patri\\Desktop\\Website\\SPTC\\next\\node_modules\\damerau-levenshtein': 'C:\\Users\\patri\\Desktop\\Website\\SPTC\\next\\node_modules\\.damerau-levenshtein-kYiS7Exn',
627 silly reify   'C:\\Users\\patri\\Desktop\\Website\\SPTC\\next\\node_modules\\data-view-buffer': 'C:\\Users\\patri\\Desktop\\Website\\SPTC\\next\\node_modules\\.data-view-buffer-U0HnU5aj',
627 silly reify   'C:\\Users\\patri\\Desktop\\Website\\SPTC\\next\\node_modules\\data-view-byte-length': 'C:\\Users\\patri\\Desktop\\Website\\SPTC\\next\\node_modules\\.data-view-byte-length-PwlozY0x',
627 silly reify   'C:\\Users\\patri\\Desktop\\Website\\SPTC\\next\\node_modules\\d3-timer': 'C:\\Users\\patri\\Desktop\\Website\\SPTC\\next\\node_modules\\.d3-timer-Aawb2EZr',
627 silly reify   'C:\\Users\\patri\\Desktop\\Website\\SPTC\\next\\node_modules\\data-view-byte-offset': 'C:\\Users\\patri\\Desktop\\Website\\SPTC\\next\\node_modules\\.data-view-byte-offset-fawHyww6',
627 silly reify   'C:\\Users\\patri\\Desktop\\Website\\SPTC\\next\\node_modules\\debounce-fn': 'C:\\Users\\patri\\Desktop\\Website\\SPTC\\next\\node_modules\\.debounce-fn-qsjFUKy9',
627 silly reify   'C:\\Users\\patri\\Desktop\\Website\\SPTC\\next\\node_modules\\debug': 'C:\\Users\\patri\\Desktop\\Website\\SPTC\\next\\node_modules\\.debug-sfncjmUX',
627 silly reify   'C:\\Users\\patri\\Desktop\\Website\\SPTC\\next\\node_modules\\dedent': 'C:\\Users\\patri\\Desktop\\Website\\SPTC\\next\\node_modules\\.dedent-in9XwYmp',
627 silly reify   'C:\\Users\\patri\\Desktop\\Website\\SPTC\\next\\node_modules\\decimal.js-light': 'C:\\Users\\patri\\Desktop\\Website\\SPTC\\next\\node_modules\\.decimal.js-light-bUhRElQd',
627 silly reify   'C:\\Users\\patri\\Desktop\\Website\\SPTC\\next\\node_modules\\deep-is': 'C:\\Users\\patri\\Desktop\\Website\\SPTC\\next\\node_modules\\.deep-is-fWJ3l41M',
627 silly reify   'C:\\Users\\patri\\Desktop\\Website\\SPTC\\next\\node_modules\\deep-eql': 'C:\\Users\\patri\\Desktop\\Website\\SPTC\\next\\node_modules\\.deep-eql-sGoQo84F',
627 silly reify   'C:\\Users\\patri\\Desktop\\Website\\SPTC\\next\\node_modules\\deepmerge': 'C:\\Users\\patri\\Desktop\\Website\\SPTC\\next\\node_modules\\.deepmerge-fs9BkI6M',
627 silly reify   'C:\\Users\\patri\\Desktop\\Website\\SPTC\\next\\node_modules\\default-browser-id': 'C:\\Users\\patri\\Desktop\\Website\\SPTC\\next\\node_modules\\.default-browser-id-2lNttcvm',
627 silly reify   'C:\\Users\\patri\\Desktop\\Website\\SPTC\\next\\node_modules\\default-browser': 'C:\\Users\\patri\\Desktop\\Website\\SPTC\\next\\node_modules\\.default-browser-8gqF5ho7',
627 silly reify   'C:\\Users\\patri\\Desktop\\Website\\SPTC\\next\\node_modules\\define-data-property': 'C:\\Users\\patri\\Desktop\\Website\\SPTC\\next\\node_modules\\.define-data-property-4DbtKJoo',
627 silly reify   'C:\\Users\\patri\\Desktop\\Website\\SPTC\\next\\node_modules\\define-properties': 'C:\\Users\\patri\\Desktop\\Website\\SPTC\\next\\node_modules\\.define-properties-5xanQ2Mh',
627 silly reify   'C:\\Users\\patri\\Desktop\\Website\\SPTC\\next\\node_modules\\define-lazy-prop': 'C:\\Users\\patri\\Desktop\\Website\\SPTC\\next\\node_modules\\.define-lazy-prop-PBsnmMch',
627 silly reify   'C:\\Users\\patri\\Desktop\\Website\\SPTC\\next\\node_modules\\depd': 'C:\\Users\\patri\\Desktop\\Website\\SPTC\\next\\node_modules\\.depd-dzucweM9',
627 silly reify   'C:\\Users\\patri\\Desktop\\Website\\SPTC\\next\\node_modules\\detect-libc': 'C:\\Users\\patri\\Desktop\\Website\\SPTC\\next\\node_modules\\.detect-libc-3zoabVCh',
627 silly reify   'C:\\Users\\patri\\Desktop\\Website\\SPTC\\next\\node_modules\\diff': 'C:\\Users\\patri\\Desktop\\Website\\SPTC\\next\\node_modules\\.diff-dw0jJ4F9',
627 silly reify   'C:\\Users\\patri\\Desktop\\Website\\SPTC\\next\\node_modules\\doctrine': 'C:\\Users\\patri\\Desktop\\Website\\SPTC\\next\\node_modules\\.doctrine-t1rMthe1',
627 silly reify   'C:\\Users\\patri\\Desktop\\Website\\SPTC\\next\\node_modules\\dot-prop': 'C:\\Users\\patri\\Desktop\\Website\\SPTC\\next\\node_modules\\.dot-prop-ClYRZCgO',
627 silly reify   'C:\\Users\\patri\\Desktop\\Website\\SPTC\\next\\node_modules\\dunder-proto': 'C:\\Users\\patri\\Desktop\\Website\\SPTC\\next\\node_modules\\.dunder-proto-kDAqbwRB',
627 silly reify   'C:\\Users\\patri\\Desktop\\Website\\SPTC\\next\\node_modules\\dotenv': 'C:\\Users\\patri\\Desktop\\Website\\SPTC\\next\\node_modules\\.dotenv-zVWVTcjE',
627 silly reify   'C:\\Users\\patri\\Desktop\\Website\\SPTC\\next\\node_modules\\ee-first': 'C:\\Users\\patri\\Desktop\\Website\\SPTC\\next\\node_modules\\.ee-first-QN8sz9lN',
627 silly reify   'C:\\Users\\patri\\Desktop\\Website\\SPTC\\next\\node_modules\\electron-to-chromium': 'C:\\Users\\patri\\Desktop\\Website\\SPTC\\next\\node_modules\\.electron-to-chromium-izvCBXRk',
627 silly reify   'C:\\Users\\patri\\Desktop\\Website\\SPTC\\next\\node_modules\\emoji-regex': 'C:\\Users\\patri\\Desktop\\Website\\SPTC\\next\\node_modules\\.emoji-regex-vUqNbF2a',
627 silly reify   'C:\\Users\\patri\\Desktop\\Website\\SPTC\\next\\node_modules\\encodeurl': 'C:\\Users\\patri\\Desktop\\Website\\SPTC\\next\\node_modules\\.encodeurl-9Gd6zRmo',
627 silly reify   'C:\\Users\\patri\\Desktop\\Website\\SPTC\\next\\node_modules\\enhanced-resolve': 'C:\\Users\\patri\\Desktop\\Website\\SPTC\\next\\node_modules\\.enhanced-resolve-zMo3cXZJ',
627 silly reify   'C:\\Users\\patri\\Desktop\\Website\\SPTC\\next\\node_modules\\enquirer': 'C:\\Users\\patri\\Desktop\\Website\\SPTC\\next\\node_modules\\.enquirer-efyS25yK',
627 silly reify   'C:\\Users\\patri\\Desktop\\Website\\SPTC\\next\\node_modules\\env-paths': 'C:\\Users\\patri\\Desktop\\Website\\SPTC\\next\\node_modules\\.env-paths-pOg82CTE',
627 silly reify   'C:\\Users\\patri\\Desktop\\Website\\SPTC\\next\\node_modules\\es-abstract': 'C:\\Users\\patri\\Desktop\\Website\\SPTC\\next\\node_modules\\.es-abstract-9iMemd7q',
627 silly reify   'C:\\Users\\patri\\Desktop\\Website\\SPTC\\next\\node_modules\\error-ex': 'C:\\Users\\patri\\Desktop\\Website\\SPTC\\next\\node_modules\\.error-ex-msCvPJ7a',
627 silly reify   'C:\\Users\\patri\\Desktop\\Website\\SPTC\\next\\node_modules\\es-abstract-get': 'C:\\Users\\patri\\Desktop\\Website\\SPTC\\next\\node_modules\\.es-abstract-get-m8Xq6cOq',
627 silly reify   'C:\\Users\\patri\\Desktop\\Website\\SPTC\\next\\node_modules\\es-errors': 'C:\\Users\\patri\\Desktop\\Website\\SPTC\\next\\node_modules\\.es-errors-JAHdrofr',
627 silly reify   'C:\\Users\\patri\\Desktop\\Website\\SPTC\\next\\node_modules\\es-define-property': 'C:\\Users\\patri\\Desktop\\Website\\SPTC\\next\\node_modules\\.es-define-property-DHP7uf6O',
627 silly reify   'C:\\Users\\patri\\Desktop\\Website\\SPTC\\next\\node_modules\\es-iterator-helpers': 'C:\\Users\\patri\\Desktop\\Website\\SPTC\\next\\node_modules\\.es-iterator-helpers-zRhNEzez',
627 silly reify   'C:\\Users\\patri\\Desktop\\Website\\SPTC\\next\\node_modules\\es-module-lexer': 'C:\\Users\\patri\\Desktop\\Website\\SPTC\\next\\node_modules\\.es-module-lexer-cO2GA4ce',
627 silly reify   'C:\\Users\\patri\\Desktop\\Website\\SPTC\\next\\node_modules\\es-object-atoms': 'C:\\Users\\patri\\Desktop\\Website\\SPTC\\next\\node_modules\\.es-object-atoms-85Cb1S0M',
627 silly reify   'C:\\Users\\patri\\Desktop\\Website\\SPTC\\next\\node_modules\\es-set-tostringtag': 'C:\\Users\\patri\\Desktop\\Website\\SPTC\\next\\node_modules\\.es-set-tostringtag-1AIvADnu',
627 silly reify   'C:\\Users\\patri\\Desktop\\Website\\SPTC\\next\\node_modules\\es-shim-unscopables': 'C:\\Users\\patri\\Desktop\\Website\\SPTC\\next\\node_modules\\.es-shim-unscopables-m4v1Eocc',
627 silly reify   'C:\\Users\\patri\\Desktop\\Website\\SPTC\\next\\node_modules\\es-to-primitive': 'C:\\Users\\patri\\Desktop\\Website\\SPTC\\next\\node_modules\\.es-to-primitive-ofcO2lTG',
627 silly reify   'C:\\Users\\patri\\Desktop\\Website\\SPTC\\next\\node_modules\\es-toolkit': 'C:\\Users\\patri\\Desktop\\Website\\SPTC\\next\\node_modules\\.es-toolkit-ivINyV7I',
627 silly reify   'C:\\Users\\patri\\Desktop\\Website\\SPTC\\next\\node_modules\\esbuild': 'C:\\Users\\patri\\Desktop\\Website\\SPTC\\next\\node_modules\\.esbuild-XTaZ02aE',
627 silly reify   'C:\\Users\\patri\\Desktop\\Website\\SPTC\\next\\node_modules\\escalade': 'C:\\Users\\patri\\Desktop\\Website\\SPTC\\next\\node_modules\\.escalade-sCfclJs8',
627 silly reify   'C:\\Users\\patri\\Desktop\\Website\\SPTC\\next\\node_modules\\escape-html': 'C:\\Users\\patri\\Desktop\\Website\\SPTC\\next\\node_modules\\.escape-html-7UI7hUe0',
627 silly reify   'C:\\Users\\patri\\Desktop\\Website\\SPTC\\next\\node_modules\\escape-string-regexp': 'C:\\Users\\patri\\Desktop\\Website\\SPTC\\next\\node_modules\\.escape-string-regexp-DGhXocPf',
627 silly reify   'C:\\Users\\patri\\Desktop\\Website\\SPTC\\next\\node_modules\\eslint': 'C:\\Users\\patri\\Desktop\\Website\\SPTC\\next\\node_modules\\.eslint-Xlt54bDv',
627 silly reify   'C:\\Users\\patri\\Desktop\\Website\\SPTC\\next\\node_modules\\eslint-config-next': 'C:\\Users\\patri\\Desktop\\Website\\SPTC\\next\\node_modules\\.eslint-config-next-YnLKR8k5',
627 silly reify   'C:\\Users\\patri\\Desktop\\Website\\SPTC\\next\\node_modules\\eslint-import-resolver-node': 'C:\\Users\\patri\\Desktop\\Website\\SPTC\\next\\node_modules\\.eslint-import-resolver-node-YLxW2j54',
627 silly reify   'C:\\Users\\patri\\Desktop\\Website\\SPTC\\next\\node_modules\\eslint-import-resolver-typescript': 'C:\\Users\\patri\\Desktop\\Website\\SPTC\\next\\node_modules\\.eslint-import-resolver-typescript-OHf01nK8',
627 silly reify   'C:\\Users\\patri\\Desktop\\Website\\SPTC\\next\\node_modules\\eslint-module-utils': 'C:\\Users\\patri\\Desktop\\Website\\SPTC\\next\\node_modules\\.eslint-module-utils-lpQ7LJMr',
627 silly reify   'C:\\Users\\patri\\Desktop\\Website\\SPTC\\next\\node_modules\\eslint-plugin-import': 'C:\\Users\\patri\\Desktop\\Website\\SPTC\\next\\node_modules\\.eslint-plugin-import-MRhmtDWR',
627 silly reify   'C:\\Users\\patri\\Desktop\\Website\\SPTC\\next\\node_modules\\eslint-plugin-react': 'C:\\Users\\patri\\Desktop\\Website\\SPTC\\next\\node_modules\\.eslint-plugin-react-K9xnUDKB',
627 silly reify   'C:\\Users\\patri\\Desktop\\Website\\SPTC\\next\\node_modules\\eslint-plugin-jsx-a11y': 'C:\\Users\\patri\\Desktop\\Website\\SPTC\\next\\node_modules\\.eslint-plugin-jsx-a11y-hGASpHZj',
627 silly reify   'C:\\Users\\patri\\Desktop\\Website\\SPTC\\next\\node_modules\\eslint-plugin-react-hooks': 'C:\\Users\\patri\\Desktop\\Website\\SPTC\\next\\node_modules\\.eslint-plugin-react-hooks-rZn0A5Wr',
627 silly reify   'C:\\Users\\patri\\Desktop\\Website\\SPTC\\next\\node_modules\\eslint-scope': 'C:\\Users\\patri\\Desktop\\Website\\SPTC\\next\\node_modules\\.eslint-scope-9qACggRl',
627 silly reify   'C:\\Users\\patri\\Desktop\\Website\\SPTC\\next\\node_modules\\eslint-visitor-keys': 'C:\\Users\\patri\\Desktop\\Website\\SPTC\\next\\node_modules\\.eslint-visitor-keys-TVQ6NGTZ',
627 silly reify   'C:\\Users\\patri\\Desktop\\Website\\SPTC\\next\\node_modules\\espree': 'C:\\Users\\patri\\Desktop\\Website\\SPTC\\next\\node_modules\\.espree-Qn4DvJsW',
627 silly reify   'C:\\Users\\patri\\Desktop\\Website\\SPTC\\next\\node_modules\\esprima': 'C:\\Users\\patri\\Desktop\\Website\\SPTC\\next\\node_modules\\.esprima-sHUv5tI0',
627 silly reify   'C:\\Users\\patri\\Desktop\\Website\\SPTC\\next\\node_modules\\esquery': 'C:\\Users\\patri\\Desktop\\Website\\SPTC\\next\\node_modules\\.esquery-Xu7dgz3k',
627 silly reify   'C:\\Users\\patri\\Desktop\\Website\\SPTC\\next\\node_modules\\esrecurse': 'C:\\Users\\patri\\Desktop\\Website\\SPTC\\next\\node_modules\\.esrecurse-RQ4lpzK8',
627 silly reify   'C:\\Users\\patri\\Desktop\\Website\\SPTC\\next\\node_modules\\estraverse': 'C:\\Users\\patri\\Desktop\\Website\\SPTC\\next\\node_modules\\.estraverse-iuStF4cO',
627 silly reify   'C:\\Users\\patri\\Desktop\\Website\\SPTC\\next\\node_modules\\estree-walker': 'C:\\Users\\patri\\Desktop\\Website\\SPTC\\next\\node_modules\\.estree-walker-9YMFwQ7p',
627 silly reify   'C:\\Users\\patri\\Desktop\\Website\\SPTC\\next\\node_modules\\etag': 'C:\\Users\\patri\\Desktop\\Website\\SPTC\\next\\node_modules\\.etag-Moeu6pKb',
627 silly reify   'C:\\Users\\patri\\Desktop\\Website\\SPTC\\next\\node_modules\\esutils': 'C:\\Users\\patri\\Desktop\\Website\\SPTC\\next\\node_modules\\.esutils-8KPvvbjI',
627 silly reify   'C:\\Users\\patri\\Desktop\\Website\\SPTC\\next\\node_modules\\eventemitter3': 'C:\\Users\\patri\\Desktop\\Website\\SPTC\\next\\node_modules\\.eventemitter3-8oslZAl5',
627 silly reify   'C:\\Users\\patri\\Desktop\\Website\\SPTC\\next\\node_modules\\eventsource': 'C:\\Users\\patri\\Desktop\\Website\\SPTC\\next\\node_modules\\.eventsource-SR4Kx0xP',
627 silly reify   'C:\\Users\\patri\\Desktop\\Website\\SPTC\\next\\node_modules\\eventsource-parser': 'C:\\Users\\patri\\Desktop\\Website\\SPTC\\next\\node_modules\\.eventsource-parser-sRgaX1QY',
627 silly reify   'C:\\Users\\patri\\Desktop\\Website\\SPTC\\next\\node_modules\\expect-type': 'C:\\Users\\patri\\Desktop\\Website\\SPTC\\next\\node_modules\\.expect-type-ZYDWsPhc',
627 silly reify   'C:\\Users\\patri\\Desktop\\Website\\SPTC\\next\\node_modules\\execa': 'C:\\Users\\patri\\Desktop\\Website\\SPTC\\next\\node_modules\\.execa-DspIMVKL',
627 silly reify   'C:\\Users\\patri\\Desktop\\Website\\SPTC\\next\\node_modules\\express': 'C:\\Users\\patri\\Desktop\\Website\\SPTC\\next\\node_modules\\.express-lr2dEEps',
627 silly reify   'C:\\Users\\patri\\Desktop\\Website\\SPTC\\next\\node_modules\\express-rate-limit': 'C:\\Users\\patri\\Desktop\\Website\\SPTC\\next\\node_modules\\.express-rate-limit-r3fAR4vr',
627 silly reify   'C:\\Users\\patri\\Desktop\\Website\\SPTC\\next\\node_modules\\fast-deep-equal': 'C:\\Users\\patri\\Desktop\\Website\\SPTC\\next\\node_modules\\.fast-deep-equal-OoLMgGTE',
627 silly reify   'C:\\Users\\patri\\Desktop\\Website\\SPTC\\next\\node_modules\\fast-json-stable-stringify': 'C:\\Users\\patri\\Desktop\\Website\\SPTC\\next\\node_modules\\.fast-json-stable-stringify-S4njPFOa',
627 silly reify   'C:\\Users\\patri\\Desktop\\Website\\SPTC\\next\\node_modules\\fast-glob': 'C:\\Users\\patri\\Desktop\\Website\\SPTC\\next\\node_modules\\.fast-glob-Z2AfHTvb',
627 silly reify   'C:\\Users\\patri\\Desktop\\Website\\SPTC\\next\\node_modules\\fast-levenshtein': 'C:\\Users\\patri\\Desktop\\Website\\SPTC\\next\\node_modules\\.fast-levenshtein-Ni9aF3jN',
627 silly reify   'C:\\Users\\patri\\Desktop\\Website\\SPTC\\next\\node_modules\\fast-uri': 'C:\\Users\\patri\\Desktop\\Website\\SPTC\\next\\node_modules\\.fast-uri-r2mO839A',
627 silly reify   'C:\\Users\\patri\\Desktop\\Website\\SPTC\\next\\node_modules\\fastq': 'C:\\Users\\patri\\Desktop\\Website\\SPTC\\next\\node_modules\\.fastq-tsJY4BWn',
627 silly reify   'C:\\Users\\patri\\Desktop\\Website\\SPTC\\next\\node_modules\\figures': 'C:\\Users\\patri\\Desktop\\Website\\SPTC\\next\\node_modules\\.figures-oc0TaHj5',
627 silly reify   'C:\\Users\\patri\\Desktop\\Website\\SPTC\\next\\node_modules\\file-entry-cache': 'C:\\Users\\patri\\Desktop\\Website\\SPTC\\next\\node_modules\\.file-entry-cache-IFeigeXA',
627 silly reify   'C:\\Users\\patri\\Desktop\\Website\\SPTC\\next\\node_modules\\fill-range': 'C:\\Users\\patri\\Desktop\\Website\\SPTC\\next\\node_modules\\.fill-range-sfiQ6FzP',
627 silly reify   'C:\\Users\\patri\\Desktop\\Website\\SPTC\\next\\node_modules\\find-up': 'C:\\Users\\patri\\Desktop\\Website\\SPTC\\next\\node_modules\\.find-up-CdSbcJ4C',
627 silly reify   'C:\\Users\\patri\\Desktop\\Website\\SPTC\\next\\node_modules\\finalhandler': 'C:\\Users\\patri\\Desktop\\Website\\SPTC\\next\\node_modules\\.finalhandler-rtKvLmwB',
627 silly reify   'C:\\Users\\patri\\Desktop\\Website\\SPTC\\next\\node_modules\\flat-cache': 'C:\\Users\\patri\\Desktop\\Website\\SPTC\\next\\node_modules\\.flat-cache-Ja8xipP1',
627 silly reify   'C:\\Users\\patri\\Desktop\\Website\\SPTC\\next\\node_modules\\flatted': 'C:\\Users\\patri\\Desktop\\Website\\SPTC\\next\\node_modules\\.flatted-rV6b7KHx',
627 silly reify   'C:\\Users\\patri\\Desktop\\Website\\SPTC\\next\\node_modules\\for-each': 'C:\\Users\\patri\\Desktop\\Website\\SPTC\\next\\node_modules\\.for-each-tKvNd7HQ',
627 silly reify   'C:\\Users\\patri\\Desktop\\Website\\SPTC\\next\\node_modules\\forwarded': 'C:\\Users\\patri\\Desktop\\Website\\SPTC\\next\\node_modules\\.forwarded-tUA50DJi',
627 silly reify   'C:\\Users\\patri\\Desktop\\Website\\SPTC\\next\\node_modules\\framer-motion': 'C:\\Users\\patri\\Desktop\\Website\\SPTC\\next\\node_modules\\.framer-motion-vdgyuvF9',
627 silly reify   'C:\\Users\\patri\\Desktop\\Website\\SPTC\\next\\node_modules\\fresh': 'C:\\Users\\patri\\Desktop\\Website\\SPTC\\next\\node_modules\\.fresh-Q7m5pB3r',
627 silly reify   'C:\\Users\\patri\\Desktop\\Website\\SPTC\\next\\node_modules\\fs-extra': 'C:\\Users\\patri\\Desktop\\Website\\SPTC\\next\\node_modules\\.fs-extra-S7JvdjO9',
627 silly reify   'C:\\Users\\patri\\Desktop\\Website\\SPTC\\next\\node_modules\\function-bind': 'C:\\Users\\patri\\Desktop\\Website\\SPTC\\next\\node_modules\\.function-bind-xBArd5aP',
627 silly reify   'C:\\Users\\patri\\Desktop\\Website\\SPTC\\next\\node_modules\\function.prototype.name': 'C:\\Users\\patri\\Desktop\\Website\\SPTC\\next\\node_modules\\.function.prototype.name-Xj6rSBdB',
627 silly reify   'C:\\Users\\patri\\Desktop\\Website\\SPTC\\next\\node_modules\\functions-have-names': 'C:\\Users\\patri\\Desktop\\Website\\SPTC\\next\\node_modules\\.functions-have-names-5Sn5ykBo',
627 silly reify   'C:\\Users\\patri\\Desktop\\Website\\SPTC\\next\\node_modules\\fuzzysort': 'C:\\Users\\patri\\Desktop\\Website\\SPTC\\next\\node_modules\\.fuzzysort-5K3U15o0',
627 silly reify   'C:\\Users\\patri\\Desktop\\Website\\SPTC\\next\\node_modules\\generator-function': 'C:\\Users\\patri\\Desktop\\Website\\SPTC\\next\\node_modules\\.generator-function-EF0WoR3w',
627 silly reify   'C:\\Users\\patri\\Desktop\\Website\\SPTC\\next\\node_modules\\gensync': 'C:\\Users\\patri\\Desktop\\Website\\SPTC\\next\\node_modules\\.gensync-6FnmcRwT',
627 silly reify   'C:\\Users\\patri\\Desktop\\Website\\SPTC\\next\\node_modules\\get-east-asian-width': 'C:\\Users\\patri\\Desktop\\Website\\SPTC\\next\\node_modules\\.get-east-asian-width-mKjp9Wi8',
627 silly reify   'C:\\Users\\patri\\Desktop\\Website\\SPTC\\next\\node_modules\\get-intrinsic': 'C:\\Users\\patri\\Desktop\\Website\\SPTC\\next\\node_modules\\.get-intrinsic-EHtUW1u1',
627 silly reify   'C:\\Users\\patri\\Desktop\\Website\\SPTC\\next\\node_modules\\get-own-enumerable-keys': 'C:\\Users\\patri\\Desktop\\Website\\SPTC\\next\\node_modules\\.get-own-enumerable-keys-61EBYxcq',
627 silly reify   'C:\\Users\\patri\\Desktop\\Website\\SPTC\\next\\node_modules\\get-proto': 'C:\\Users\\patri\\Desktop\\Website\\SPTC\\next\\node_modules\\.get-proto-iFFYb6k3',
627 silly reify   'C:\\Users\\patri\\Desktop\\Website\\SPTC\\next\\node_modules\\get-stream': 'C:\\Users\\patri\\Desktop\\Website\\SPTC\\next\\node_modules\\.get-stream-YCtOytYt',
627 silly reify   'C:\\Users\\patri\\Desktop\\Website\\SPTC\\next\\node_modules\\get-symbol-description': 'C:\\Users\\patri\\Desktop\\Website\\SPTC\\next\\node_modules\\.get-symbol-description-C9K3Xhqd',
627 silly reify   'C:\\Users\\patri\\Desktop\\Website\\SPTC\\next\\node_modules\\glob-parent': 'C:\\Users\\patri\\Desktop\\Website\\SPTC\\next\\node_modules\\.glob-parent-FvOgt9RP',
627 silly reify   'C:\\Users\\patri\\Desktop\\Website\\SPTC\\next\\node_modules\\get-tsconfig': 'C:\\Users\\patri\\Desktop\\Website\\SPTC\\next\\node_modules\\.get-tsconfig-iSLwFGjc',
627 silly reify   'C:\\Users\\patri\\Desktop\\Website\\SPTC\\next\\node_modules\\globals': 'C:\\Users\\patri\\Desktop\\Website\\SPTC\\next\\node_modules\\.globals-yzsW924l',
627 silly reify   'C:\\Users\\patri\\Desktop\\Website\\SPTC\\next\\node_modules\\globalthis': 'C:\\Users\\patri\\Desktop\\Website\\SPTC\\next\\node_modules\\.globalthis-MdB8zKZ0',
627 silly reify   'C:\\Users\\patri\\Desktop\\Website\\SPTC\\next\\node_modules\\gopd': 'C:\\Users\\patri\\Desktop\\Website\\SPTC\\next\\node_modules\\.gopd-deJrhlbR',
627 silly reify   'C:\\Users\\patri\\Desktop\\Website\\SPTC\\next\\node_modules\\graceful-fs': 'C:\\Users\\patri\\Desktop\\Website\\SPTC\\next\\node_modules\\.graceful-fs-DBUBdylr',
627 silly reify   'C:\\Users\\patri\\Desktop\\Website\\SPTC\\next\\node_modules\\has-flag': 'C:\\Users\\patri\\Desktop\\Website\\SPTC\\next\\node_modules\\.has-flag-0JkmvKO0',
627 silly reify   'C:\\Users\\patri\\Desktop\\Website\\SPTC\\next\\node_modules\\has-bigints': 'C:\\Users\\patri\\Desktop\\Website\\SPTC\\next\\node_modules\\.has-bigints-EUiLCADU',
627 silly reify   'C:\\Users\\patri\\Desktop\\Website\\SPTC\\next\\node_modules\\has-property-descriptors': 'C:\\Users\\patri\\Desktop\\Website\\SPTC\\next\\node_modules\\.has-property-descriptors-OKeevSpX',
627 silly reify   'C:\\Users\\patri\\Desktop\\Website\\SPTC\\next\\node_modules\\has-proto': 'C:\\Users\\patri\\Desktop\\Website\\SPTC\\next\\node_modules\\.has-proto-K10F0xp3',
627 silly reify   'C:\\Users\\patri\\Desktop\\Website\\SPTC\\next\\node_modules\\has-symbols': 'C:\\Users\\patri\\Desktop\\Website\\SPTC\\next\\node_modules\\.has-symbols-3H0M4x4n',
627 silly reify   'C:\\Users\\patri\\Desktop\\Website\\SPTC\\next\\node_modules\\hasown': 'C:\\Users\\patri\\Desktop\\Website\\SPTC\\next\\node_modules\\.hasown-jY1VSQpz',
627 silly reify   'C:\\Users\\patri\\Desktop\\Website\\SPTC\\next\\node_modules\\has-tostringtag': 'C:\\Users\\patri\\Desktop\\Website\\SPTC\\next\\node_modules\\.has-tostringtag-3i4IyRlM',
627 silly reify   'C:\\Users\\patri\\Desktop\\Website\\SPTC\\next\\node_modules\\hermes-estree': 'C:\\Users\\patri\\Desktop\\Website\\SPTC\\next\\node_modules\\.hermes-estree-FlfXgEhe',
627 silly reify   'C:\\Users\\patri\\Desktop\\Website\\SPTC\\next\\node_modules\\hermes-parser': 'C:\\Users\\patri\\Desktop\\Website\\SPTC\\next\\node_modules\\.hermes-parser-CQsahaFP',
627 silly reify   'C:\\Users\\patri\\Desktop\\Website\\SPTC\\next\\node_modules\\hono': 'C:\\Users\\patri\\Desktop\\Website\\SPTC\\next\\node_modules\\.hono-l7oeMLAK',
627 silly reify   'C:\\Users\\patri\\Desktop\\Website\\SPTC\\next\\node_modules\\http-errors': 'C:\\Users\\patri\\Desktop\\Website\\SPTC\\next\\node_modules\\.http-errors-fPPAdARs',
627 silly reify   'C:\\Users\\patri\\Desktop\\Website\\SPTC\\next\\node_modules\\human-signals': 'C:\\Users\\patri\\Desktop\\Website\\SPTC\\next\\node_modules\\.human-signals-Nk4MMiIt',
627 silly reify   'C:\\Users\\patri\\Desktop\\Website\\SPTC\\next\\node_modules\\iceberg-js': 'C:\\Users\\patri\\Desktop\\Website\\SPTC\\next\\node_modules\\.iceberg-js-wU58HvBG',
627 silly reify   'C:\\Users\\patri\\Desktop\\Website\\SPTC\\next\\node_modules\\iconv-lite': 'C:\\Users\\patri\\Desktop\\Website\\SPTC\\next\\node_modules\\.iconv-lite-gohAi9sd',
627 silly reify   'C:\\Users\\patri\\Desktop\\Website\\SPTC\\next\\node_modules\\ignore': 'C:\\Users\\patri\\Desktop\\Website\\SPTC\\next\\node_modules\\.ignore-oZMGXyjI',
627 silly reify   'C:\\Users\\patri\\Desktop\\Website\\SPTC\\next\\node_modules\\immer': 'C:\\Users\\patri\\Desktop\\Website\\SPTC\\next\\node_modules\\.immer-FYsI59zo',
627 silly reify   'C:\\Users\\patri\\Desktop\\Website\\SPTC\\next\\node_modules\\import-fresh': 'C:\\Users\\patri\\Desktop\\Website\\SPTC\\next\\node_modules\\.import-fresh-WsoEBmDP',
627 silly reify   'C:\\Users\\patri\\Desktop\\Website\\SPTC\\next\\node_modules\\imurmurhash': 'C:\\Users\\patri\\Desktop\\Website\\SPTC\\next\\node_modules\\.imurmurhash-yaihePHY',
627 silly reify   'C:\\Users\\patri\\Desktop\\Website\\SPTC\\next\\node_modules\\inherits': 'C:\\Users\\patri\\Desktop\\Website\\SPTC\\next\\node_modules\\.inherits-MkYrh7Kk',
627 silly reify   'C:\\Users\\patri\\Desktop\\Website\\SPTC\\next\\node_modules\\internal-slot': 'C:\\Users\\patri\\Desktop\\Website\\SPTC\\next\\node_modules\\.internal-slot-jRy4FEJS',
627 silly reify   'C:\\Users\\patri\\Desktop\\Website\\SPTC\\next\\node_modules\\internmap': 'C:\\Users\\patri\\Desktop\\Website\\SPTC\\next\\node_modules\\.internmap-i8eLgTX2',
627 silly reify   'C:\\Users\\patri\\Desktop\\Website\\SPTC\\next\\node_modules\\ip-address': 'C:\\Users\\patri\\Desktop\\Website\\SPTC\\next\\node_modules\\.ip-address-8TYk9z2J',
627 silly reify   'C:\\Users\\patri\\Desktop\\Website\\SPTC\\next\\node_modules\\ipaddr.js': 'C:\\Users\\patri\\Desktop\\Website\\SPTC\\next\\node_modules\\.ipaddr.js-m1pSD9cZ',
627 silly reify   'C:\\Users\\patri\\Desktop\\Website\\SPTC\\next\\node_modules\\is-array-buffer': 'C:\\Users\\patri\\Desktop\\Website\\SPTC\\next\\node_modules\\.is-array-buffer-h2JDRbyW',
627 silly reify   'C:\\Users\\patri\\Desktop\\Website\\SPTC\\next\\node_modules\\is-arrayish': 'C:\\Users\\patri\\Desktop\\Website\\SPTC\\next\\node_modules\\.is-arrayish-5bYGnJH1',
627 silly reify   'C:\\Users\\patri\\Desktop\\Website\\SPTC\\next\\node_modules\\is-async-function': 'C:\\Users\\patri\\Desktop\\Website\\SPTC\\next\\node_modules\\.is-async-function-7eQsJZ2H',
627 silly reify   'C:\\Users\\patri\\Desktop\\Website\\SPTC\\next\\node_modules\\is-bigint': 'C:\\Users\\patri\\Desktop\\Website\\SPTC\\next\\node_modules\\.is-bigint-rVHLVitt',
627 silly reify   'C:\\Users\\patri\\Desktop\\Website\\SPTC\\next\\node_modules\\is-boolean-object': 'C:\\Users\\patri\\Desktop\\Website\\SPTC\\next\\node_modules\\.is-boolean-object-PQAHIwT2',
627 silly reify   'C:\\Users\\patri\\Desktop\\Website\\SPTC\\next\\node_modules\\is-bun-module': 'C:\\Users\\patri\\Desktop\\Website\\SPTC\\next\\node_modules\\.is-bun-module-qC0YiUKP',
627 silly reify   'C:\\Users\\patri\\Desktop\\Website\\SPTC\\next\\node_modules\\is-callable': 'C:\\Users\\patri\\Desktop\\Website\\SPTC\\next\\node_modules\\.is-callable-tiqrmOxg',
627 silly reify   'C:\\Users\\patri\\Desktop\\Website\\SPTC\\next\\node_modules\\is-core-module': 'C:\\Users\\patri\\Desktop\\Website\\SPTC\\next\\node_modules\\.is-core-module-681iTaCv',
627 silly reify   'C:\\Users\\patri\\Desktop\\Website\\SPTC\\next\\node_modules\\is-data-view': 'C:\\Users\\patri\\Desktop\\Website\\SPTC\\next\\node_modules\\.is-data-view-U3enwybj',
627 silly reify   'C:\\Users\\patri\\Desktop\\Website\\SPTC\\next\\node_modules\\is-date-object': 'C:\\Users\\patri\\Desktop\\Website\\SPTC\\next\\node_modules\\.is-date-object-eNLc7Bzh',
627 silly reify   'C:\\Users\\patri\\Desktop\\Website\\SPTC\\next\\node_modules\\is-docker': 'C:\\Users\\patri\\Desktop\\Website\\SPTC\\next\\node_modules\\.is-docker-73LDbT3Y',
627 silly reify   'C:\\Users\\patri\\Desktop\\Website\\SPTC\\next\\node_modules\\is-document.all': 'C:\\Users\\patri\\Desktop\\Website\\SPTC\\next\\node_modules\\.is-document.all-plr0kAX3',
627 silly reify   'C:\\Users\\patri\\Desktop\\Website\\SPTC\\next\\node_modules\\is-extglob': 'C:\\Users\\patri\\Desktop\\Website\\SPTC\\next\\node_modules\\.is-extglob-Qz5HFKsB',
627 silly reify   'C:\\Users\\patri\\Desktop\\Website\\SPTC\\next\\node_modules\\is-finalizationregistry': 'C:\\Users\\patri\\Desktop\\Website\\SPTC\\next\\node_modules\\.is-finalizationregistry-R2IE7NRo',
627 silly reify   'C:\\Users\\patri\\Desktop\\Website\\SPTC\\next\\node_modules\\is-generator-function': 'C:\\Users\\patri\\Desktop\\Website\\SPTC\\next\\node_modules\\.is-generator-function-rAma7zJt',
627 silly reify   'C:\\Users\\patri\\Desktop\\Website\\SPTC\\next\\node_modules\\is-glob': 'C:\\Users\\patri\\Desktop\\Website\\SPTC\\next\\node_modules\\.is-glob-UHKpAjXx',
627 silly reify   'C:\\Users\\patri\\Desktop\\Website\\SPTC\\next\\node_modules\\is-in-ssh': 'C:\\Users\\patri\\Desktop\\Website\\SPTC\\next\\node_modules\\.is-in-ssh-ZFot2IM7',
627 silly reify   'C:\\Users\\patri\\Desktop\\Website\\SPTC\\next\\node_modules\\is-inside-container': 'C:\\Users\\patri\\Desktop\\Website\\SPTC\\next\\node_modules\\.is-inside-container-dtv5Ia0X',
627 silly reify   'C:\\Users\\patri\\Desktop\\Website\\SPTC\\next\\node_modules\\is-map': 'C:\\Users\\patri\\Desktop\\Website\\SPTC\\next\\node_modules\\.is-map-fKIcOidv',
627 silly reify   'C:\\Users\\patri\\Desktop\\Website\\SPTC\\next\\node_modules\\is-interactive': 'C:\\Users\\patri\\Desktop\\Website\\SPTC\\next\\node_modules\\.is-interactive-or82BY1j',
627 silly reify   'C:\\Users\\patri\\Desktop\\Website\\SPTC\\next\\node_modules\\is-negative-zero': 'C:\\Users\\patri\\Desktop\\Website\\SPTC\\next\\node_modules\\.is-negative-zero-bKGL99ZU',
627 silly reify   'C:\\Users\\patri\\Desktop\\Website\\SPTC\\next\\node_modules\\is-number': 'C:\\Users\\patri\\Desktop\\Website\\SPTC\\next\\node_modules\\.is-number-I4ciKVRt',
627 silly reify   'C:\\Users\\patri\\Desktop\\Website\\SPTC\\next\\node_modules\\is-number-object': 'C:\\Users\\patri\\Desktop\\Website\\SPTC\\next\\node_modules\\.is-number-object-qS4miBo0',
627 silly reify   'C:\\Users\\patri\\Desktop\\Website\\SPTC\\next\\node_modules\\is-obj': 'C:\\Users\\patri\\Desktop\\Website\\SPTC\\next\\node_modules\\.is-obj-6LV0nKRW',
627 silly reify   'C:\\Users\\patri\\Desktop\\Website\\SPTC\\next\\node_modules\\is-plain-obj': 'C:\\Users\\patri\\Desktop\\Website\\SPTC\\next\\node_modules\\.is-plain-obj-Sr4JoJXL',
627 silly reify   'C:\\Users\\patri\\Desktop\\Website\\SPTC\\next\\node_modules\\is-promise': 'C:\\Users\\patri\\Desktop\\Website\\SPTC\\next\\node_modules\\.is-promise-MLKH8oXU',
627 silly reify   'C:\\Users\\patri\\Desktop\\Website\\SPTC\\next\\node_modules\\is-regex': 'C:\\Users\\patri\\Desktop\\Website\\SPTC\\next\\node_modules\\.is-regex-9OFAgDY5',
627 silly reify   'C:\\Users\\patri\\Desktop\\Website\\SPTC\\next\\node_modules\\is-regexp': 'C:\\Users\\patri\\Desktop\\Website\\SPTC\\next\\node_modules\\.is-regexp-OKRlXfoH',
627 silly reify   'C:\\Users\\patri\\Desktop\\Website\\SPTC\\next\\node_modules\\is-set': 'C:\\Users\\patri\\Desktop\\Website\\SPTC\\next\\node_modules\\.is-set-8v1gAiNC',
627 silly reify   'C:\\Users\\patri\\Desktop\\Website\\SPTC\\next\\node_modules\\is-shared-array-buffer': 'C:\\Users\\patri\\Desktop\\Website\\SPTC\\next\\node_modules\\.is-shared-array-buffer-kub8fVeC',
627 silly reify   'C:\\Users\\patri\\Desktop\\Website\\SPTC\\next\\node_modules\\is-stream': 'C:\\Users\\patri\\Desktop\\Website\\SPTC\\next\\node_modules\\.is-stream-3foFKL9u',
627 silly reify   'C:\\Users\\patri\\Desktop\\Website\\SPTC\\next\\node_modules\\is-string': 'C:\\Users\\patri\\Desktop\\Website\\SPTC\\next\\node_modules\\.is-string-6WKTN5Ge',
627 silly reify   'C:\\Users\\patri\\Desktop\\Website\\SPTC\\next\\node_modules\\is-symbol': 'C:\\Users\\patri\\Desktop\\Website\\SPTC\\next\\node_modules\\.is-symbol-Qx4PaYUW',
627 silly reify   'C:\\Users\\patri\\Desktop\\Website\\SPTC\\next\\node_modules\\is-typed-array': 'C:\\Users\\patri\\Desktop\\Website\\SPTC\\next\\node_modules\\.is-typed-array-WEes5NZM',
627 silly reify   'C:\\Users\\patri\\Desktop\\Website\\SPTC\\next\\node_modules\\is-unicode-supported': 'C:\\Users\\patri\\Desktop\\Website\\SPTC\\next\\node_modules\\.is-unicode-supported-NfWoz0lE',
627 silly reify   'C:\\Users\\patri\\Desktop\\Website\\SPTC\\next\\node_modules\\is-weakmap': 'C:\\Users\\patri\\Desktop\\Website\\SPTC\\next\\node_modules\\.is-weakmap-SGXXhvra',
627 silly reify   'C:\\Users\\patri\\Desktop\\Website\\SPTC\\next\\node_modules\\is-weakref': 'C:\\Users\\patri\\Desktop\\Website\\SPTC\\next\\node_modules\\.is-weakref-QFKw4IyF',
627 silly reify   'C:\\Users\\patri\\Desktop\\Website\\SPTC\\next\\node_modules\\is-wsl': 'C:\\Users\\patri\\Desktop\\Website\\SPTC\\next\\node_modules\\.is-wsl-uICdGEmQ',
627 silly reify   'C:\\Users\\patri\\Desktop\\Website\\SPTC\\next\\node_modules\\is-weakset': 'C:\\Users\\patri\\Desktop\\Website\\SPTC\\next\\node_modules\\.is-weakset-s7szBeNh',
627 silly reify   'C:\\Users\\patri\\Desktop\\Website\\SPTC\\next\\node_modules\\isarray': 'C:\\Users\\patri\\Desktop\\Website\\SPTC\\next\\node_modules\\.isarray-D2VdWlmJ',
627 silly reify   'C:\\Users\\patri\\Desktop\\Website\\SPTC\\next\\node_modules\\isexe': 'C:\\Users\\patri\\Desktop\\Website\\SPTC\\next\\node_modules\\.isexe-CxfTHijb',
627 silly reify   'C:\\Users\\patri\\Desktop\\Website\\SPTC\\next\\node_modules\\iterator.prototype': 'C:\\Users\\patri\\Desktop\\Website\\SPTC\\next\\node_modules\\.iterator.prototype-sXxynXVx',
627 silly reify   'C:\\Users\\patri\\Desktop\\Website\\SPTC\\next\\node_modules\\jiti': 'C:\\Users\\patri\\Desktop\\Website\\SPTC\\next\\node_modules\\.jiti-vRN4Txkq',
627 silly reify   'C:\\Users\\patri\\Desktop\\Website\\SPTC\\next\\node_modules\\jose': 'C:\\Users\\patri\\Desktop\\Website\\SPTC\\next\\node_modules\\.jose-tZWbL4Db',
627 silly reify   'C:\\Users\\patri\\Desktop\\Website\\SPTC\\next\\node_modules\\js-tokens': 'C:\\Users\\patri\\Desktop\\Website\\SPTC\\next\\node_modules\\.js-tokens-aVxseqZL',
627 silly reify   'C:\\Users\\patri\\Desktop\\Website\\SPTC\\next\\node_modules\\js-yaml': 'C:\\Users\\patri\\Desktop\\Website\\SPTC\\next\\node_modules\\.js-yaml-JBahbrDf',
627 silly reify   'C:\\Users\\patri\\Desktop\\Website\\SPTC\\next\\node_modules\\jsesc': 'C:\\Users\\patri\\Desktop\\Website\\SPTC\\next\\node_modules\\.jsesc-QsiRcmH1',
627 silly reify   'C:\\Users\\patri\\Desktop\\Website\\SPTC\\next\\node_modules\\json-buffer': 'C:\\Users\\patri\\Desktop\\Website\\SPTC\\next\\node_modules\\.json-buffer-8jLmf2zo',
627 silly reify   'C:\\Users\\patri\\Desktop\\Website\\SPTC\\next\\node_modules\\json-parse-even-better-errors': 'C:\\Users\\patri\\Desktop\\Website\\SPTC\\next\\node_modules\\.json-parse-even-better-errors-tUVser07',
627 silly reify   'C:\\Users\\patri\\Desktop\\Website\\SPTC\\next\\node_modules\\json-schema-traverse': 'C:\\Users\\patri\\Desktop\\Website\\SPTC\\next\\node_modules\\.json-schema-traverse-6z6jNwyX',
627 silly reify   'C:\\Users\\patri\\Desktop\\Website\\SPTC\\next\\node_modules\\json-schema-typed': 'C:\\Users\\patri\\Desktop\\Website\\SPTC\\next\\node_modules\\.json-schema-typed-uVaQMczT',
627 silly reify   'C:\\Users\\patri\\Desktop\\Website\\SPTC\\next\\node_modules\\json5': 'C:\\Users\\patri\\Desktop\\Website\\SPTC\\next\\node_modules\\.json5-GoK7DEXI',
627 silly reify   'C:\\Users\\patri\\Desktop\\Website\\SPTC\\next\\node_modules\\json-stable-stringify-without-jsonify': 'C:\\Users\\patri\\Desktop\\Website\\SPTC\\next\\node_modules\\.json-stable-stringify-without-jsonify-2rC3l9XL',
627 silly reify   'C:\\Users\\patri\\Desktop\\Website\\SPTC\\next\\node_modules\\jsonfile': 'C:\\Users\\patri\\Desktop\\Website\\SPTC\\next\\node_modules\\.jsonfile-Z8CA9A10',
627 silly reify   'C:\\Users\\patri\\Desktop\\Website\\SPTC\\next\\node_modules\\keyv': 'C:\\Users\\patri\\Desktop\\Website\\SPTC\\next\\node_modules\\.keyv-Yx28iLl8',
627 silly reify   'C:\\Users\\patri\\Desktop\\Website\\SPTC\\next\\node_modules\\jsx-ast-utils': 'C:\\Users\\patri\\Desktop\\Website\\SPTC\\next\\node_modules\\.jsx-ast-utils-BIA5dbKb',
627 silly reify   'C:\\Users\\patri\\Desktop\\Website\\SPTC\\next\\node_modules\\kleur': 'C:\\Users\\patri\\Desktop\\Website\\SPTC\\next\\node_modules\\.kleur-Woi28HyZ',
627 silly reify   'C:\\Users\\patri\\Desktop\\Website\\SPTC\\next\\node_modules\\language-tags': 'C:\\Users\\patri\\Desktop\\Website\\SPTC\\next\\node_modules\\.language-tags-IMEXh7mJ',
627 silly reify   'C:\\Users\\patri\\Desktop\\Website\\SPTC\\next\\node_modules\\language-subtag-registry': 'C:\\Users\\patri\\Desktop\\Website\\SPTC\\next\\node_modules\\.language-subtag-registry-sn8THVxo',
627 silly reify   'C:\\Users\\patri\\Desktop\\Website\\SPTC\\next\\node_modules\\levn': 'C:\\Users\\patri\\Desktop\\Website\\SPTC\\next\\node_modules\\.levn-Sp3nm9Jc',
627 silly reify   'C:\\Users\\patri\\Desktop\\Website\\SPTC\\next\\node_modules\\lightningcss-win32-x64-msvc': 'C:\\Users\\patri\\Desktop\\Website\\SPTC\\next\\node_modules\\.lightningcss-win32-x64-msvc-a6Yytl2F',
627 silly reify   'C:\\Users\\patri\\Desktop\\Website\\SPTC\\next\\node_modules\\lightningcss': 'C:\\Users\\patri\\Desktop\\Website\\SPTC\\next\\node_modules\\.lightningcss-S8HaEPB6',
627 silly reify   'C:\\Users\\patri\\Desktop\\Website\\SPTC\\next\\node_modules\\lines-and-columns': 'C:\\Users\\patri\\Desktop\\Website\\SPTC\\next\\node_modules\\.lines-and-columns-Naar2juC',
627 silly reify   'C:\\Users\\patri\\Desktop\\Website\\SPTC\\next\\node_modules\\locate-path': 'C:\\Users\\patri\\Desktop\\Website\\SPTC\\next\\node_modules\\.locate-path-2zm0mS5S',
627 silly reify   'C:\\Users\\patri\\Desktop\\Website\\SPTC\\next\\node_modules\\log-symbols': 'C:\\Users\\patri\\Desktop\\Website\\SPTC\\next\\node_modules\\.log-symbols-2QFCGNW6',
627 silly reify   'C:\\Users\\patri\\Desktop\\Website\\SPTC\\next\\node_modules\\lodash.merge': 'C:\\Users\\patri\\Desktop\\Website\\SPTC\\next\\node_modules\\.lodash.merge-PQhylscI',
627 silly reify   'C:\\Users\\patri\\Desktop\\Website\\SPTC\\next\\node_modules\\loose-envify': 'C:\\Users\\patri\\Desktop\\Website\\SPTC\\next\\node_modules\\.loose-envify-CCZofcH9',
627 silly reify   'C:\\Users\\patri\\Desktop\\Website\\SPTC\\next\\node_modules\\loupe': 'C:\\Users\\patri\\Desktop\\Website\\SPTC\\next\\node_modules\\.loupe-7xcGbKCD',
627 silly reify   'C:\\Users\\patri\\Desktop\\Website\\SPTC\\next\\node_modules\\lru-cache': 'C:\\Users\\patri\\Desktop\\Website\\SPTC\\next\\node_modules\\.lru-cache-JPO2jYRa',
627 silly reify   'C:\\Users\\patri\\Desktop\\Website\\SPTC\\next\\node_modules\\lucide-react': 'C:\\Users\\patri\\Desktop\\Website\\SPTC\\next\\node_modules\\.lucide-react-UpVrKYHj',
627 silly reify   'C:\\Users\\patri\\Desktop\\Website\\SPTC\\next\\node_modules\\math-intrinsics': 'C:\\Users\\patri\\Desktop\\Website\\SPTC\\next\\node_modules\\.math-intrinsics-oylwdfxO',
627 silly reify   'C:\\Users\\patri\\Desktop\\Website\\SPTC\\next\\node_modules\\magic-string': 'C:\\Users\\patri\\Desktop\\Website\\SPTC\\next\\node_modules\\.magic-string-rFjPqOpo',
627 silly reify   'C:\\Users\\patri\\Desktop\\Website\\SPTC\\next\\node_modules\\media-typer': 'C:\\Users\\patri\\Desktop\\Website\\SPTC\\next\\node_modules\\.media-typer-R6BFe71f',
627 silly reify   'C:\\Users\\patri\\Desktop\\Website\\SPTC\\next\\node_modules\\merge-descriptors': 'C:\\Users\\patri\\Desktop\\Website\\SPTC\\next\\node_modules\\.merge-descriptors-DM3zEaES',
627 silly reify   'C:\\Users\\patri\\Desktop\\Website\\SPTC\\next\\node_modules\\merge-stream': 'C:\\Users\\patri\\Desktop\\Website\\SPTC\\next\\node_modules\\.merge-stream-pCa6FttO',
627 silly reify   'C:\\Users\\patri\\Desktop\\Website\\SPTC\\next\\node_modules\\merge2': 'C:\\Users\\patri\\Desktop\\Website\\SPTC\\next\\node_modules\\.merge2-tsbXsjzu',
627 silly reify   'C:\\Users\\patri\\Desktop\\Website\\SPTC\\next\\node_modules\\micromatch': 'C:\\Users\\patri\\Desktop\\Website\\SPTC\\next\\node_modules\\.micromatch-zcYNSziz',
627 silly reify   'C:\\Users\\patri\\Desktop\\Website\\SPTC\\next\\node_modules\\mime-db': 'C:\\Users\\patri\\Desktop\\Website\\SPTC\\next\\node_modules\\.mime-db-pCI6mYuc',
627 silly reify   'C:\\Users\\patri\\Desktop\\Website\\SPTC\\next\\node_modules\\mime-types': 'C:\\Users\\patri\\Desktop\\Website\\SPTC\\next\\node_modules\\.mime-types-eGu6ZI44',
627 silly reify   'C:\\Users\\patri\\Desktop\\Website\\SPTC\\next\\node_modules\\mimic-fn': 'C:\\Users\\patri\\Desktop\\Website\\SPTC\\next\\node_modules\\.mimic-fn-W4PsuDNR',
627 silly reify   'C:\\Users\\patri\\Desktop\\Website\\SPTC\\next\\node_modules\\mimic-function': 'C:\\Users\\patri\\Desktop\\Website\\SPTC\\next\\node_modules\\.mimic-function-TdMhLTE9',
627 silly reify   'C:\\Users\\patri\\Desktop\\Website\\SPTC\\next\\node_modules\\minimatch': 'C:\\Users\\patri\\Desktop\\Website\\SPTC\\next\\node_modules\\.minimatch-r2xpucFH',
627 silly reify   'C:\\Users\\patri\\Desktop\\Website\\SPTC\\next\\node_modules\\minimist': 'C:\\Users\\patri\\Desktop\\Website\\SPTC\\next\\node_modules\\.minimist-7ovZckn6',
627 silly reify   'C:\\Users\\patri\\Desktop\\Website\\SPTC\\next\\node_modules\\motion-dom': 'C:\\Users\\patri\\Desktop\\Website\\SPTC\\next\\node_modules\\.motion-dom-z7Kuggec',
627 silly reify   'C:\\Users\\patri\\Desktop\\Website\\SPTC\\next\\node_modules\\ms': 'C:\\Users\\patri\\Desktop\\Website\\SPTC\\next\\node_modules\\.ms-EUywkj9h',
627 silly reify   'C:\\Users\\patri\\Desktop\\Website\\SPTC\\next\\node_modules\\motion-utils': 'C:\\Users\\patri\\Desktop\\Website\\SPTC\\next\\node_modules\\.motion-utils-GtY6Q2Jz',
627 silly reify   'C:\\Users\\patri\\Desktop\\Website\\SPTC\\next\\node_modules\\nanoid': 'C:\\Users\\patri\\Desktop\\Website\\SPTC\\next\\node_modules\\.nanoid-vdKmwSd4',
627 silly reify   'C:\\Users\\patri\\Desktop\\Website\\SPTC\\next\\node_modules\\napi-postinstall': 'C:\\Users\\patri\\Desktop\\Website\\SPTC\\next\\node_modules\\.napi-postinstall-sDzMIomr',
627 silly reify   'C:\\Users\\patri\\Desktop\\Website\\SPTC\\next\\node_modules\\natural-compare': 'C:\\Users\\patri\\Desktop\\Website\\SPTC\\next\\node_modules\\.natural-compare-vd3xSAgn',
627 silly reify   'C:\\Users\\patri\\Desktop\\Website\\SPTC\\next\\node_modules\\next-themes': 'C:\\Users\\patri\\Desktop\\Website\\SPTC\\next\\node_modules\\.next-themes-kOQyAtJl',
627 silly reify   'C:\\Users\\patri\\Desktop\\Website\\SPTC\\next\\node_modules\\negotiator': 'C:\\Users\\patri\\Desktop\\Website\\SPTC\\next\\node_modules\\.negotiator-OVxwYhZH',
627 silly reify   'C:\\Users\\patri\\Desktop\\Website\\SPTC\\next\\node_modules\\next': 'C:\\Users\\patri\\Desktop\\Website\\SPTC\\next\\node_modules\\.next-e1Ha2Lsy',
627 silly reify   'C:\\Users\\patri\\Desktop\\Website\\SPTC\\next\\node_modules\\node-releases': 'C:\\Users\\patri\\Desktop\\Website\\SPTC\\next\\node_modules\\.node-releases-zqvrfNGB',
627 silly reify   'C:\\Users\\patri\\Desktop\\Website\\SPTC\\next\\node_modules\\node-exports-info': 'C:\\Users\\patri\\Desktop\\Website\\SPTC\\next\\node_modules\\.node-exports-info-VfbZRE74',
627 silly reify   'C:\\Users\\patri\\Desktop\\Website\\SPTC\\next\\node_modules\\npm-run-path': 'C:\\Users\\patri\\Desktop\\Website\\SPTC\\next\\node_modules\\.npm-run-path-XEkonfqL',
627 silly reify   'C:\\Users\\patri\\Desktop\\Website\\SPTC\\next\\node_modules\\object-inspect': 'C:\\Users\\patri\\Desktop\\Website\\SPTC\\next\\node_modules\\.object-inspect-GO5x6Ho7',
627 silly reify   'C:\\Users\\patri\\Desktop\\Website\\SPTC\\next\\node_modules\\object-assign': 'C:\\Users\\patri\\Desktop\\Website\\SPTC\\next\\node_modules\\.object-assign-xhRhGV8S',
627 silly reify   'C:\\Users\\patri\\Desktop\\Website\\SPTC\\next\\node_modules\\object-keys': 'C:\\Users\\patri\\Desktop\\Website\\SPTC\\next\\node_modules\\.object-keys-PtLO6rnc',
627 silly reify   'C:\\Users\\patri\\Desktop\\Website\\SPTC\\next\\node_modules\\object.assign': 'C:\\Users\\patri\\Desktop\\Website\\SPTC\\next\\node_modules\\.object.assign-29Vby589',
627 silly reify   'C:\\Users\\patri\\Desktop\\Website\\SPTC\\next\\node_modules\\object.entries': 'C:\\Users\\patri\\Desktop\\Website\\SPTC\\next\\node_modules\\.object.entries-IYkEL2q3',
627 silly reify   'C:\\Users\\patri\\Desktop\\Website\\SPTC\\next\\node_modules\\object-treeify': 'C:\\Users\\patri\\Desktop\\Website\\SPTC\\next\\node_modules\\.object-treeify-suf2VVqk',
627 silly reify   'C:\\Users\\patri\\Desktop\\Website\\SPTC\\next\\node_modules\\object.groupby': 'C:\\Users\\patri\\Desktop\\Website\\SPTC\\next\\node_modules\\.object.groupby-ENCrcgqg',
627 silly reify   'C:\\Users\\patri\\Desktop\\Website\\SPTC\\next\\node_modules\\object.fromentries': 'C:\\Users\\patri\\Desktop\\Website\\SPTC\\next\\node_modules\\.object.fromentries-dEQXN3zs',
627 silly reify   'C:\\Users\\patri\\Desktop\\Website\\SPTC\\next\\node_modules\\obug': 'C:\\Users\\patri\\Desktop\\Website\\SPTC\\next\\node_modules\\.obug-eMBan1lO',
627 silly reify   'C:\\Users\\patri\\Desktop\\Website\\SPTC\\next\\node_modules\\object.values': 'C:\\Users\\patri\\Desktop\\Website\\SPTC\\next\\node_modules\\.object.values-1jlUCdsM',
627 silly reify   'C:\\Users\\patri\\Desktop\\Website\\SPTC\\next\\node_modules\\on-finished': 'C:\\Users\\patri\\Desktop\\Website\\SPTC\\next\\node_modules\\.on-finished-WcOr0Va2',
627 silly reify   'C:\\Users\\patri\\Desktop\\Website\\SPTC\\next\\node_modules\\once': 'C:\\Users\\patri\\Desktop\\Website\\SPTC\\next\\node_modules\\.once-ct3xabjm',
627 silly reify   'C:\\Users\\patri\\Desktop\\Website\\SPTC\\next\\node_modules\\optionator': 'C:\\Users\\patri\\Desktop\\Website\\SPTC\\next\\node_modules\\.optionator-iJS5SDaP',
627 silly reify   'C:\\Users\\patri\\Desktop\\Website\\SPTC\\next\\node_modules\\onetime': 'C:\\Users\\patri\\Desktop\\Website\\SPTC\\next\\node_modules\\.onetime-ycnnoFT2',
627 silly reify   'C:\\Users\\patri\\Desktop\\Website\\SPTC\\next\\node_modules\\open': 'C:\\Users\\patri\\Desktop\\Website\\SPTC\\next\\node_modules\\.open-SeRFufpl',
627 silly reify   'C:\\Users\\patri\\Desktop\\Website\\SPTC\\next\\node_modules\\ora': 'C:\\Users\\patri\\Desktop\\Website\\SPTC\\next\\node_modules\\.ora-VJuV0O30',
627 silly reify   'C:\\Users\\patri\\Desktop\\Website\\SPTC\\next\\node_modules\\own-keys': 'C:\\Users\\patri\\Desktop\\Website\\SPTC\\next\\node_modules\\.own-keys-urf1JR8V',
627 silly reify   'C:\\Users\\patri\\Desktop\\Website\\SPTC\\next\\node_modules\\p-limit': 'C:\\Users\\patri\\Desktop\\Website\\SPTC\\next\\node_modules\\.p-limit-tEFnbOk6',
627 silly reify   'C:\\Users\\patri\\Desktop\\Website\\SPTC\\next\\node_modules\\p-locate': 'C:\\Users\\patri\\Desktop\\Website\\SPTC\\next\\node_modules\\.p-locate-AwvIt9A7',
627 silly reify   'C:\\Users\\patri\\Desktop\\Website\\SPTC\\next\\node_modules\\parent-module': 'C:\\Users\\patri\\Desktop\\Website\\SPTC\\next\\node_modules\\.parent-module-SyLv3EkV',
627 silly reify   'C:\\Users\\patri\\Desktop\\Website\\SPTC\\next\\node_modules\\p-try': 'C:\\Users\\patri\\Desktop\\Website\\SPTC\\next\\node_modules\\.p-try-aiuhUucn',
627 silly reify   'C:\\Users\\patri\\Desktop\\Website\\SPTC\\next\\node_modules\\parseurl': 'C:\\Users\\patri\\Desktop\\Website\\SPTC\\next\\node_modules\\.parseurl-smk6OGHN',
627 silly reify   'C:\\Users\\patri\\Desktop\\Website\\SPTC\\next\\node_modules\\parse-ms': 'C:\\Users\\patri\\Desktop\\Website\\SPTC\\next\\node_modules\\.parse-ms-HN7ltzCC',
627 silly reify   'C:\\Users\\patri\\Desktop\\Website\\SPTC\\next\\node_modules\\parse-json': 'C:\\Users\\patri\\Desktop\\Website\\SPTC\\next\\node_modules\\.parse-json-AOhNs3Vj',
627 silly reify   'C:\\Users\\patri\\Desktop\\Website\\SPTC\\next\\node_modules\\path-browserify': 'C:\\Users\\patri\\Desktop\\Website\\SPTC\\next\\node_modules\\.path-browserify-5QGo44ZA',
627 silly reify   'C:\\Users\\patri\\Desktop\\Website\\SPTC\\next\\node_modules\\path-exists': 'C:\\Users\\patri\\Desktop\\Website\\SPTC\\next\\node_modules\\.path-exists-G4l4Pkvj',
627 silly reify   'C:\\Users\\patri\\Desktop\\Website\\SPTC\\next\\node_modules\\pathe': 'C:\\Users\\patri\\Desktop\\Website\\SPTC\\next\\node_modules\\.pathe-jf8KzQYq',
627 silly reify   'C:\\Users\\patri\\Desktop\\Website\\SPTC\\next\\node_modules\\path-key': 'C:\\Users\\patri\\Desktop\\Website\\SPTC\\next\\node_modules\\.path-key-JSuAYE1S',
627 silly reify   'C:\\Users\\patri\\Desktop\\Website\\SPTC\\next\\node_modules\\path-parse': 'C:\\Users\\patri\\Desktop\\Website\\SPTC\\next\\node_modules\\.path-parse-Muysl17W',
627 silly reify   'C:\\Users\\patri\\Desktop\\Website\\SPTC\\next\\node_modules\\path-to-regexp': 'C:\\Users\\patri\\Desktop\\Website\\SPTC\\next\\node_modules\\.path-to-regexp-11dRM56W',
627 silly reify   'C:\\Users\\patri\\Desktop\\Website\\SPTC\\next\\node_modules\\picocolors': 'C:\\Users\\patri\\Desktop\\Website\\SPTC\\next\\node_modules\\.picocolors-lphJc3du',
627 silly reify   'C:\\Users\\patri\\Desktop\\Website\\SPTC\\next\\node_modules\\pathval': 'C:\\Users\\patri\\Desktop\\Website\\SPTC\\next\\node_modules\\.pathval-UfrQtfda',
627 silly reify   'C:\\Users\\patri\\Desktop\\Website\\SPTC\\next\\node_modules\\pkg-up': 'C:\\Users\\patri\\Desktop\\Website\\SPTC\\next\\node_modules\\.pkg-up-1Nw1eMSG',
627 silly reify   'C:\\Users\\patri\\Desktop\\Website\\SPTC\\next\\node_modules\\picomatch': 'C:\\Users\\patri\\Desktop\\Website\\SPTC\\next\\node_modules\\.picomatch-1oRX9fie',
627 silly reify   'C:\\Users\\patri\\Desktop\\Website\\SPTC\\next\\node_modules\\pkce-challenge': 'C:\\Users\\patri\\Desktop\\Website\\SPTC\\next\\node_modules\\.pkce-challenge-xquEyGwM',
627 silly reify   'C:\\Users\\patri\\Desktop\\Website\\SPTC\\next\\node_modules\\possible-typed-array-names': 'C:\\Users\\patri\\Desktop\\Website\\SPTC\\next\\node_modules\\.possible-typed-array-names-qtcoziNd',
627 silly reify   'C:\\Users\\patri\\Desktop\\Website\\SPTC\\next\\node_modules\\postcss': 'C:\\Users\\patri\\Desktop\\Website\\SPTC\\next\\node_modules\\.postcss-sk7ufWOx',
627 silly reify   'C:\\Users\\patri\\Desktop\\Website\\SPTC\\next\\node_modules\\postcss-selector-parser': 'C:\\Users\\patri\\Desktop\\Website\\SPTC\\next\\node_modules\\.postcss-selector-parser-6HFZkcrG',
627 silly reify   'C:\\Users\\patri\\Desktop\\Website\\SPTC\\next\\node_modules\\powershell-utils': 'C:\\Users\\patri\\Desktop\\Website\\SPTC\\next\\node_modules\\.powershell-utils-BBQypvZG',
627 silly reify   'C:\\Users\\patri\\Desktop\\Website\\SPTC\\next\\node_modules\\prelude-ls': 'C:\\Users\\patri\\Desktop\\Website\\SPTC\\next\\node_modules\\.prelude-ls-MSAdQIIc',
627 silly reify   'C:\\Users\\patri\\Desktop\\Website\\SPTC\\next\\node_modules\\pretty-ms': 'C:\\Users\\patri\\Desktop\\Website\\SPTC\\next\\node_modules\\.pretty-ms-qW4RVTJr',
627 silly reify   'C:\\Users\\patri\\Desktop\\Website\\SPTC\\next\\node_modules\\proxy-addr': 'C:\\Users\\patri\\Desktop\\Website\\SPTC\\next\\node_modules\\.proxy-addr-6UtaEjuc',
627 silly reify   'C:\\Users\\patri\\Desktop\\Website\\SPTC\\next\\node_modules\\prop-types': 'C:\\Users\\patri\\Desktop\\Website\\SPTC\\next\\node_modules\\.prop-types-TtfhdKGt',
627 silly reify   'C:\\Users\\patri\\Desktop\\Website\\SPTC\\next\\node_modules\\prompts': 'C:\\Users\\patri\\Desktop\\Website\\SPTC\\next\\node_modules\\.prompts-lzmD5MaT',
627 silly reify   'C:\\Users\\patri\\Desktop\\Website\\SPTC\\next\\node_modules\\qs': 'C:\\Users\\patri\\Desktop\\Website\\SPTC\\next\\node_modules\\.qs-BrkMpz7Q',
627 silly reify   'C:\\Users\\patri\\Desktop\\Website\\SPTC\\next\\node_modules\\punycode': 'C:\\Users\\patri\\Desktop\\Website\\SPTC\\next\\node_modules\\.punycode-mw8XFySq',
627 silly reify   'C:\\Users\\patri\\Desktop\\Website\\SPTC\\next\\node_modules\\queue-microtask': 'C:\\Users\\patri\\Desktop\\Website\\SPTC\\next\\node_modules\\.queue-microtask-rWrdNSQ0',
627 silly reify   'C:\\Users\\patri\\Desktop\\Website\\SPTC\\next\\node_modules\\raw-body': 'C:\\Users\\patri\\Desktop\\Website\\SPTC\\next\\node_modules\\.raw-body-sSZ9pQJQ',
627 silly reify   'C:\\Users\\patri\\Desktop\\Website\\SPTC\\next\\node_modules\\range-parser': 'C:\\Users\\patri\\Desktop\\Website\\SPTC\\next\\node_modules\\.range-parser-FMqKkkEv',
627 silly reify   'C:\\Users\\patri\\Desktop\\Website\\SPTC\\next\\node_modules\\react': 'C:\\Users\\patri\\Desktop\\Website\\SPTC\\next\\node_modules\\.react-R3yXcMUK',
627 silly reify   'C:\\Users\\patri\\Desktop\\Website\\SPTC\\next\\node_modules\\react-dom': 'C:\\Users\\patri\\Desktop\\Website\\SPTC\\next\\node_modules\\.react-dom-P7qh4ObL',
627 silly reify   'C:\\Users\\patri\\Desktop\\Website\\SPTC\\next\\node_modules\\react-icons': 'C:\\Users\\patri\\Desktop\\Website\\SPTC\\next\\node_modules\\.react-icons-GBsc3N4A',
627 silly reify   'C:\\Users\\patri\\Desktop\\Website\\SPTC\\next\\node_modules\\react-is': 'C:\\Users\\patri\\Desktop\\Website\\SPTC\\next\\node_modules\\.react-is-rj5wPGYQ',
627 silly reify   'C:\\Users\\patri\\Desktop\\Website\\SPTC\\next\\node_modules\\recharts': 'C:\\Users\\patri\\Desktop\\Website\\SPTC\\next\\node_modules\\.recharts-2aKVD1mG',
627 silly reify   'C:\\Users\\patri\\Desktop\\Website\\SPTC\\next\\node_modules\\react-redux': 'C:\\Users\\patri\\Desktop\\Website\\SPTC\\next\\node_modules\\.react-redux-T6VHB35X',
627 silly reify   'C:\\Users\\patri\\Desktop\\Website\\SPTC\\next\\node_modules\\recast': 'C:\\Users\\patri\\Desktop\\Website\\SPTC\\next\\node_modules\\.recast-VlQFBmg5',
627 silly reify   'C:\\Users\\patri\\Desktop\\Website\\SPTC\\next\\node_modules\\redux-thunk': 'C:\\Users\\patri\\Desktop\\Website\\SPTC\\next\\node_modules\\.redux-thunk-xPgpqNmf',
627 silly reify   'C:\\Users\\patri\\Desktop\\Website\\SPTC\\next\\node_modules\\redux': 'C:\\Users\\patri\\Desktop\\Website\\SPTC\\next\\node_modules\\.redux-vkiFzcvN',
627 silly reify   'C:\\Users\\patri\\Desktop\\Website\\SPTC\\next\\node_modules\\reflect.getprototypeof': 'C:\\Users\\patri\\Desktop\\Website\\SPTC\\next\\node_modules\\.reflect.getprototypeof-u3VAqMzQ',
627 silly reify   'C:\\Users\\patri\\Desktop\\Website\\SPTC\\next\\node_modules\\require-from-string': 'C:\\Users\\patri\\Desktop\\Website\\SPTC\\next\\node_modules\\.require-from-string-Sr2PlWk4',
627 silly reify   'C:\\Users\\patri\\Desktop\\Website\\SPTC\\next\\node_modules\\regexp.prototype.flags': 'C:\\Users\\patri\\Desktop\\Website\\SPTC\\next\\node_modules\\.regexp.prototype.flags-60l4H3D9',
627 silly reify   'C:\\Users\\patri\\Desktop\\Website\\SPTC\\next\\node_modules\\resolve-from': 'C:\\Users\\patri\\Desktop\\Website\\SPTC\\next\\node_modules\\.resolve-from-bgRSqWht',
627 silly reify   'C:\\Users\\patri\\Desktop\\Website\\SPTC\\next\\node_modules\\resolve': 'C:\\Users\\patri\\Desktop\\Website\\SPTC\\next\\node_modules\\.resolve-pkWbRZeC',
627 silly reify   'C:\\Users\\patri\\Desktop\\Website\\SPTC\\next\\node_modules\\reselect': 'C:\\Users\\patri\\Desktop\\Website\\SPTC\\next\\node_modules\\.reselect-hhlRqbJh',
627 silly reify   'C:\\Users\\patri\\Desktop\\Website\\SPTC\\next\\node_modules\\resolve-pkg-maps': 'C:\\Users\\patri\\Desktop\\Website\\SPTC\\next\\node_modules\\.resolve-pkg-maps-IkeTnaO8',
627 silly reify   'C:\\Users\\patri\\Desktop\\Website\\SPTC\\next\\node_modules\\restore-cursor': 'C:\\Users\\patri\\Desktop\\Website\\SPTC\\next\\node_modules\\.restore-cursor-UXMMxsVY',
627 silly reify   'C:\\Users\\patri\\Desktop\\Website\\SPTC\\next\\node_modules\\rollup': 'C:\\Users\\patri\\Desktop\\Website\\SPTC\\next\\node_modules\\.rollup-lsDGPexE',
627 silly reify   'C:\\Users\\patri\\Desktop\\Website\\SPTC\\next\\node_modules\\reusify': 'C:\\Users\\patri\\Desktop\\Website\\SPTC\\next\\node_modules\\.reusify-mFniXNOq',
627 silly reify   'C:\\Users\\patri\\Desktop\\Website\\SPTC\\next\\node_modules\\run-applescript': 'C:\\Users\\patri\\Desktop\\Website\\SPTC\\next\\node_modules\\.run-applescript-V83IupzT',
627 silly reify   'C:\\Users\\patri\\Desktop\\Website\\SPTC\\next\\node_modules\\router': 'C:\\Users\\patri\\Desktop\\Website\\SPTC\\next\\node_modules\\.router-dRgI5BaO',
627 silly reify   'C:\\Users\\patri\\Desktop\\Website\\SPTC\\next\\node_modules\\safe-array-concat': 'C:\\Users\\patri\\Desktop\\Website\\SPTC\\next\\node_modules\\.safe-array-concat-D4aN1upw',
627 silly reify   'C:\\Users\\patri\\Desktop\\Website\\SPTC\\next\\node_modules\\safe-regex-test': 'C:\\Users\\patri\\Desktop\\Website\\SPTC\\next\\node_modules\\.safe-regex-test-nJmNJlmR',
627 silly reify   'C:\\Users\\patri\\Desktop\\Website\\SPTC\\next\\node_modules\\run-parallel': 'C:\\Users\\patri\\Desktop\\Website\\SPTC\\next\\node_modules\\.run-parallel-Qcuj3XQZ',
627 silly reify   'C:\\Users\\patri\\Desktop\\Website\\SPTC\\next\\node_modules\\safer-buffer': 'C:\\Users\\patri\\Desktop\\Website\\SPTC\\next\\node_modules\\.safer-buffer-2MTV1v3M',
627 silly reify   'C:\\Users\\patri\\Desktop\\Website\\SPTC\\next\\node_modules\\safe-push-apply': 'C:\\Users\\patri\\Desktop\\Website\\SPTC\\next\\node_modules\\.safe-push-apply-MBnZKQGy',
627 silly reify   'C:\\Users\\patri\\Desktop\\Website\\SPTC\\next\\node_modules\\scheduler': 'C:\\Users\\patri\\Desktop\\Website\\SPTC\\next\\node_modules\\.scheduler-c7bcnr4q',
627 silly reify   'C:\\Users\\patri\\Desktop\\Website\\SPTC\\next\\node_modules\\semver': 'C:\\Users\\patri\\Desktop\\Website\\SPTC\\next\\node_modules\\.semver-ZhN6ExEP',
627 silly reify   'C:\\Users\\patri\\Desktop\\Website\\SPTC\\next\\node_modules\\send': 'C:\\Users\\patri\\Desktop\\Website\\SPTC\\next\\node_modules\\.send-nrkGGKUx',
627 silly reify   'C:\\Users\\patri\\Desktop\\Website\\SPTC\\next\\node_modules\\serve-static': 'C:\\Users\\patri\\Desktop\\Website\\SPTC\\next\\node_modules\\.serve-static-vKSQUVTn',
627 silly reify   'C:\\Users\\patri\\Desktop\\Website\\SPTC\\next\\node_modules\\set-function-length': 'C:\\Users\\patri\\Desktop\\Website\\SPTC\\next\\node_modules\\.set-function-length-mb9SnWnG',
627 silly reify   'C:\\Users\\patri\\Desktop\\Website\\SPTC\\next\\node_modules\\set-function-name': 'C:\\Users\\patri\\Desktop\\Website\\SPTC\\next\\node_modules\\.set-function-name-qc4tv0h5',
627 silly reify   'C:\\Users\\patri\\Desktop\\Website\\SPTC\\next\\node_modules\\set-proto': 'C:\\Users\\patri\\Desktop\\Website\\SPTC\\next\\node_modules\\.set-proto-SduMrHs4',
627 silly reify   'C:\\Users\\patri\\Desktop\\Website\\SPTC\\next\\node_modules\\setprototypeof': 'C:\\Users\\patri\\Desktop\\Website\\SPTC\\next\\node_modules\\.setprototypeof-J4DRLqrZ',
627 silly reify   'C:\\Users\\patri\\Desktop\\Website\\SPTC\\next\\node_modules\\shadcn': 'C:\\Users\\patri\\Desktop\\Website\\SPTC\\next\\node_modules\\.shadcn-wvJ1DF8O',
627 silly reify   'C:\\Users\\patri\\Desktop\\Website\\SPTC\\next\\node_modules\\shebang-command': 'C:\\Users\\patri\\Desktop\\Website\\SPTC\\next\\node_modules\\.shebang-command-pOpUEpFn',
627 silly reify   'C:\\Users\\patri\\Desktop\\Website\\SPTC\\next\\node_modules\\sharp': 'C:\\Users\\patri\\Desktop\\Website\\SPTC\\next\\node_modules\\.sharp-FDH4LDv9',
627 silly reify   'C:\\Users\\patri\\Desktop\\Website\\SPTC\\next\\node_modules\\side-channel': 'C:\\Users\\patri\\Desktop\\Website\\SPTC\\next\\node_modules\\.side-channel-HwtVMRCG',
627 silly reify   'C:\\Users\\patri\\Desktop\\Website\\SPTC\\next\\node_modules\\shebang-regex': 'C:\\Users\\patri\\Desktop\\Website\\SPTC\\next\\node_modules\\.shebang-regex-obzuQv6R',
627 silly reify   'C:\\Users\\patri\\Desktop\\Website\\SPTC\\next\\node_modules\\side-channel-list': 'C:\\Users\\patri\\Desktop\\Website\\SPTC\\next\\node_modules\\.side-channel-list-HEZkwkAv',
627 silly reify   'C:\\Users\\patri\\Desktop\\Website\\SPTC\\next\\node_modules\\side-channel-map': 'C:\\Users\\patri\\Desktop\\Website\\SPTC\\next\\node_modules\\.side-channel-map-Mzt6sXfL',
627 silly reify   'C:\\Users\\patri\\Desktop\\Website\\SPTC\\next\\node_modules\\side-channel-weakmap': 'C:\\Users\\patri\\Desktop\\Website\\SPTC\\next\\node_modules\\.side-channel-weakmap-840SRBqp',
627 silly reify   'C:\\Users\\patri\\Desktop\\Website\\SPTC\\next\\node_modules\\siginfo': 'C:\\Users\\patri\\Desktop\\Website\\SPTC\\next\\node_modules\\.siginfo-dg0Tih2U',
627 silly reify   'C:\\Users\\patri\\Desktop\\Website\\SPTC\\next\\node_modules\\signal-exit': 'C:\\Users\\patri\\Desktop\\Website\\SPTC\\next\\node_modules\\.signal-exit-wrE8Ix2c',
627 silly reify   'C:\\Users\\patri\\Desktop\\Website\\SPTC\\next\\node_modules\\sisteransi': 'C:\\Users\\patri\\Desktop\\Website\\SPTC\\next\\node_modules\\.sisteransi-8i0BvAaA',
627 silly reify   'C:\\Users\\patri\\Desktop\\Website\\SPTC\\next\\node_modules\\sonner': 'C:\\Users\\patri\\Desktop\\Website\\SPTC\\next\\node_modules\\.sonner-vwtnUOVR',
627 silly reify   'C:\\Users\\patri\\Desktop\\Website\\SPTC\\next\\node_modules\\source-map': 'C:\\Users\\patri\\Desktop\\Website\\SPTC\\next\\node_modules\\.source-map-iF7XNikz',
627 silly reify   'C:\\Users\\patri\\Desktop\\Website\\SPTC\\next\\node_modules\\stable-hash': 'C:\\Users\\patri\\Desktop\\Website\\SPTC\\next\\node_modules\\.stable-hash-HIqjZMnI',
627 silly reify   'C:\\Users\\patri\\Desktop\\Website\\SPTC\\next\\node_modules\\source-map-js': 'C:\\Users\\patri\\Desktop\\Website\\SPTC\\next\\node_modules\\.source-map-js-YKUW0tKV',
627 silly reify   'C:\\Users\\patri\\Desktop\\Website\\SPTC\\next\\node_modules\\std-env': 'C:\\Users\\patri\\Desktop\\Website\\SPTC\\next\\node_modules\\.std-env-l5vq1aYO',
627 silly reify   'C:\\Users\\patri\\Desktop\\Website\\SPTC\\next\\node_modules\\stackback': 'C:\\Users\\patri\\Desktop\\Website\\SPTC\\next\\node_modules\\.stackback-1yEEmO3e',
627 silly reify   'C:\\Users\\patri\\Desktop\\Website\\SPTC\\next\\node_modules\\statuses': 'C:\\Users\\patri\\Desktop\\Website\\SPTC\\next\\node_modules\\.statuses-2UKpI07U',
627 silly reify   'C:\\Users\\patri\\Desktop\\Website\\SPTC\\next\\node_modules\\stdin-discarder': 'C:\\Users\\patri\\Desktop\\Website\\SPTC\\next\\node_modules\\.stdin-discarder-IowI0lry',
627 silly reify   'C:\\Users\\patri\\Desktop\\Website\\SPTC\\next\\node_modules\\stop-iteration-iterator': 'C:\\Users\\patri\\Desktop\\Website\\SPTC\\next\\node_modules\\.stop-iteration-iterator-WpZF3dXO',
627 silly reify   'C:\\Users\\patri\\Desktop\\Website\\SPTC\\next\\node_modules\\string.prototype.includes': 'C:\\Users\\patri\\Desktop\\Website\\SPTC\\next\\node_modules\\.string.prototype.includes-kUhZmMIT',
627 silly reify   'C:\\Users\\patri\\Desktop\\Website\\SPTC\\next\\node_modules\\string.prototype.matchall': 'C:\\Users\\patri\\Desktop\\Website\\SPTC\\next\\node_modules\\.string.prototype.matchall-8vrXqpbd',
627 silly reify   'C:\\Users\\patri\\Desktop\\Website\\SPTC\\next\\node_modules\\string.prototype.trim': 'C:\\Users\\patri\\Desktop\\Website\\SPTC\\next\\node_modules\\.string.prototype.trim-PbgZiTuZ',
627 silly reify   'C:\\Users\\patri\\Desktop\\Website\\SPTC\\next\\node_modules\\string.prototype.repeat': 'C:\\Users\\patri\\Desktop\\Website\\SPTC\\next\\node_modules\\.string.prototype.repeat-I0AuaoYg',
627 silly reify   'C:\\Users\\patri\\Desktop\\Website\\SPTC\\next\\node_modules\\stringify-object': 'C:\\Users\\patri\\Desktop\\Website\\SPTC\\next\\node_modules\\.stringify-object-iRakoycv',
627 silly reify   'C:\\Users\\patri\\Desktop\\Website\\SPTC\\next\\node_modules\\strip-ansi': 'C:\\Users\\patri\\Desktop\\Website\\SPTC\\next\\node_modules\\.strip-ansi-iiFzxpqe',
627 silly reify   'C:\\Users\\patri\\Desktop\\Website\\SPTC\\next\\node_modules\\string.prototype.trimend': 'C:\\Users\\patri\\Desktop\\Website\\SPTC\\next\\node_modules\\.string.prototype.trimend-TPYEgjhp',
627 silly reify   'C:\\Users\\patri\\Desktop\\Website\\SPTC\\next\\node_modules\\strip-bom': 'C:\\Users\\patri\\Desktop\\Website\\SPTC\\next\\node_modules\\.strip-bom-7UHNE3Db',
627 silly reify   'C:\\Users\\patri\\Desktop\\Website\\SPTC\\next\\node_modules\\string.prototype.trimstart': 'C:\\Users\\patri\\Desktop\\Website\\SPTC\\next\\node_modules\\.string.prototype.trimstart-Hm5gbGHc',
627 silly reify   'C:\\Users\\patri\\Desktop\\Website\\SPTC\\next\\node_modules\\strip-final-newline': 'C:\\Users\\patri\\Desktop\\Website\\SPTC\\next\\node_modules\\.strip-final-newline-ICp7gnJx',
627 silly reify   'C:\\Users\\patri\\Desktop\\Website\\SPTC\\next\\node_modules\\strip-json-comments': 'C:\\Users\\patri\\Desktop\\Website\\SPTC\\next\\node_modules\\.strip-json-comments-019sHJqT',
627 silly reify   'C:\\Users\\patri\\Desktop\\Website\\SPTC\\next\\node_modules\\strip-literal': 'C:\\Users\\patri\\Desktop\\Website\\SPTC\\next\\node_modules\\.strip-literal-6oYzPCjT',
627 silly reify   'C:\\Users\\patri\\Desktop\\Website\\SPTC\\next\\node_modules\\styled-jsx': 'C:\\Users\\patri\\Desktop\\Website\\SPTC\\next\\node_modules\\.styled-jsx-fSBC65IH',
627 silly reify   'C:\\Users\\patri\\Desktop\\Website\\SPTC\\next\\node_modules\\supports-color': 'C:\\Users\\patri\\Desktop\\Website\\SPTC\\next\\node_modules\\.supports-color-flyXVPXY',
627 silly reify   'C:\\Users\\patri\\Desktop\\Website\\SPTC\\next\\node_modules\\supports-preserve-symlinks-flag': 'C:\\Users\\patri\\Desktop\\Website\\SPTC\\next\\node_modules\\.supports-preserve-symlinks-flag-r2xahbA6',
627 silly reify   'C:\\Users\\patri\\Desktop\\Website\\SPTC\\next\\node_modules\\systeminformation': 'C:\\Users\\patri\\Desktop\\Website\\SPTC\\next\\node_modules\\.systeminformation-N13P3Awe',
627 silly reify   'C:\\Users\\patri\\Desktop\\Website\\SPTC\\next\\node_modules\\tailwind-merge': 'C:\\Users\\patri\\Desktop\\Website\\SPTC\\next\\node_modules\\.tailwind-merge-Su6EvwgJ',
627 silly reify   'C:\\Users\\patri\\Desktop\\Website\\SPTC\\next\\node_modules\\tailwindcss': 'C:\\Users\\patri\\Desktop\\Website\\SPTC\\next\\node_modules\\.tailwindcss-RpId5Eyv',
627 silly reify   'C:\\Users\\patri\\Desktop\\Website\\SPTC\\next\\node_modules\\tiny-invariant': 'C:\\Users\\patri\\Desktop\\Website\\SPTC\\next\\node_modules\\.tiny-invariant-etqRQwgm',
627 silly reify   'C:\\Users\\patri\\Desktop\\Website\\SPTC\\next\\node_modules\\tapable': 'C:\\Users\\patri\\Desktop\\Website\\SPTC\\next\\node_modules\\.tapable-Md0jPXu1',
627 silly reify   'C:\\Users\\patri\\Desktop\\Website\\SPTC\\next\\node_modules\\tinybench': 'C:\\Users\\patri\\Desktop\\Website\\SPTC\\next\\node_modules\\.tinybench-3Lro9HrH',
627 silly reify   'C:\\Users\\patri\\Desktop\\Website\\SPTC\\next\\node_modules\\tinyexec': 'C:\\Users\\patri\\Desktop\\Website\\SPTC\\next\\node_modules\\.tinyexec-TQQL8ok3',
627 silly reify   'C:\\Users\\patri\\Desktop\\Website\\SPTC\\next\\node_modules\\tinyglobby': 'C:\\Users\\patri\\Desktop\\Website\\SPTC\\next\\node_modules\\.tinyglobby-bW7Mk1Zt',
627 silly reify   'C:\\Users\\patri\\Desktop\\Website\\SPTC\\next\\node_modules\\tinypool': 'C:\\Users\\patri\\Desktop\\Website\\SPTC\\next\\node_modules\\.tinypool-NAmcVkUp',
627 silly reify   'C:\\Users\\patri\\Desktop\\Website\\SPTC\\next\\node_modules\\tinyrainbow': 'C:\\Users\\patri\\Desktop\\Website\\SPTC\\next\\node_modules\\.tinyrainbow-GkZ81jlw',
627 silly reify   'C:\\Users\\patri\\Desktop\\Website\\SPTC\\next\\node_modules\\tinyspy': 'C:\\Users\\patri\\Desktop\\Website\\SPTC\\next\\node_modules\\.tinyspy-o6kHIgzS',
627 silly reify   'C:\\Users\\patri\\Desktop\\Website\\SPTC\\next\\node_modules\\to-regex-range': 'C:\\Users\\patri\\Desktop\\Website\\SPTC\\next\\node_modules\\.to-regex-range-xi4gXZoE',
627 silly reify   'C:\\Users\\patri\\Desktop\\Website\\SPTC\\next\\node_modules\\toidentifier': 'C:\\Users\\patri\\Desktop\\Website\\SPTC\\next\\node_modules\\.toidentifier-IgZ9SQcE',
627 silly reify   'C:\\Users\\patri\\Desktop\\Website\\SPTC\\next\\node_modules\\ts-api-utils': 'C:\\Users\\patri\\Desktop\\Website\\SPTC\\next\\node_modules\\.ts-api-utils-iTECRHdj',
627 silly reify   'C:\\Users\\patri\\Desktop\\Website\\SPTC\\next\\node_modules\\ts-morph': 'C:\\Users\\patri\\Desktop\\Website\\SPTC\\next\\node_modules\\.ts-morph-j3KG9brv',
627 silly reify   'C:\\Users\\patri\\Desktop\\Website\\SPTC\\next\\node_modules\\tsconfig-paths': 'C:\\Users\\patri\\Desktop\\Website\\SPTC\\next\\node_modules\\.tsconfig-paths-D9CbX7Gk',
627 silly reify   'C:\\Users\\patri\\Desktop\\Website\\SPTC\\next\\node_modules\\tslib': 'C:\\Users\\patri\\Desktop\\Website\\SPTC\\next\\node_modules\\.tslib-67ZajljA',
627 silly reify   'C:\\Users\\patri\\Desktop\\Website\\SPTC\\next\\node_modules\\tsx': 'C:\\Users\\patri\\Desktop\\Website\\SPTC\\next\\node_modules\\.tsx-dR5jc87s',
627 silly reify   'C:\\Users\\patri\\Desktop\\Website\\SPTC\\next\\node_modules\\tw-animate-css': 'C:\\Users\\patri\\Desktop\\Website\\SPTC\\next\\node_modules\\.tw-animate-css-MAtaIi75',
627 silly reify   'C:\\Users\\patri\\Desktop\\Website\\SPTC\\next\\node_modules\\type-check': 'C:\\Users\\patri\\Desktop\\Website\\SPTC\\next\\node_modules\\.type-check-usUvGtD3',
627 silly reify   'C:\\Users\\patri\\Desktop\\Website\\SPTC\\next\\node_modules\\type-is': 'C:\\Users\\patri\\Desktop\\Website\\SPTC\\next\\node_modules\\.type-is-1WNH2yl9',
627 silly reify   'C:\\Users\\patri\\Desktop\\Website\\SPTC\\next\\node_modules\\typed-array-buffer': 'C:\\Users\\patri\\Desktop\\Website\\SPTC\\next\\node_modules\\.typed-array-buffer-0KtX3PZL',
627 silly reify   'C:\\Users\\patri\\Desktop\\Website\\SPTC\\next\\node_modules\\typed-array-byte-length': 'C:\\Users\\patri\\Desktop\\Website\\SPTC\\next\\node_modules\\.typed-array-byte-length-ZAMtttji',
627 silly reify   'C:\\Users\\patri\\Desktop\\Website\\SPTC\\next\\node_modules\\typed-array-byte-offset': 'C:\\Users\\patri\\Desktop\\Website\\SPTC\\next\\node_modules\\.typed-array-byte-offset-ySa0nxn0',
627 silly reify   'C:\\Users\\patri\\Desktop\\Website\\SPTC\\next\\node_modules\\typed-array-length': 'C:\\Users\\patri\\Desktop\\Website\\SPTC\\next\\node_modules\\.typed-array-length-EIwsDsDR',
627 silly reify   'C:\\Users\\patri\\Desktop\\Website\\SPTC\\next\\node_modules\\typescript': 'C:\\Users\\patri\\Desktop\\Website\\SPTC\\next\\node_modules\\.typescript-zhDovyvs',
627 silly reify   'C:\\Users\\patri\\Desktop\\Website\\SPTC\\next\\node_modules\\typescript-eslint': 'C:\\Users\\patri\\Desktop\\Website\\SPTC\\next\\node_modules\\.typescript-eslint-LJGhsS7f',
627 silly reify   'C:\\Users\\patri\\Desktop\\Website\\SPTC\\next\\node_modules\\unbox-primitive': 'C:\\Users\\patri\\Desktop\\Website\\SPTC\\next\\node_modules\\.unbox-primitive-aRZa13HE',
627 silly reify   'C:\\Users\\patri\\Desktop\\Website\\SPTC\\next\\node_modules\\undici': 'C:\\Users\\patri\\Desktop\\Website\\SPTC\\next\\node_modules\\.undici-tjoHMec5',
627 silly reify   'C:\\Users\\patri\\Desktop\\Website\\SPTC\\next\\node_modules\\undici-types': 'C:\\Users\\patri\\Desktop\\Website\\SPTC\\next\\node_modules\\.undici-types-YqrSk238',
627 silly reify   'C:\\Users\\patri\\Desktop\\Website\\SPTC\\next\\node_modules\\unicorn-magic': 'C:\\Users\\patri\\Desktop\\Website\\SPTC\\next\\node_modules\\.unicorn-magic-pOdAPQzN',
627 silly reify   'C:\\Users\\patri\\Desktop\\Website\\SPTC\\next\\node_modules\\universalify': 'C:\\Users\\patri\\Desktop\\Website\\SPTC\\next\\node_modules\\.universalify-SfV9wFBk',
627 silly reify   'C:\\Users\\patri\\Desktop\\Website\\SPTC\\next\\node_modules\\unpipe': 'C:\\Users\\patri\\Desktop\\Website\\SPTC\\next\\node_modules\\.unpipe-WJengSAw',
627 silly reify   'C:\\Users\\patri\\Desktop\\Website\\SPTC\\next\\node_modules\\unrs-resolver': 'C:\\Users\\patri\\Desktop\\Website\\SPTC\\next\\node_modules\\.unrs-resolver-sYo7MVO0',
627 silly reify   'C:\\Users\\patri\\Desktop\\Website\\SPTC\\next\\node_modules\\update-browserslist-db': 'C:\\Users\\patri\\Desktop\\Website\\SPTC\\next\\node_modules\\.update-browserslist-db-CoUkBwL0',
627 silly reify   'C:\\Users\\patri\\Desktop\\Website\\SPTC\\next\\node_modules\\uri-js': 'C:\\Users\\patri\\Desktop\\Website\\SPTC\\next\\node_modules\\.uri-js-RAlUnQg0',
627 silly reify   'C:\\Users\\patri\\Desktop\\Website\\SPTC\\next\\node_modules\\use-sync-external-store': 'C:\\Users\\patri\\Desktop\\Website\\SPTC\\next\\node_modules\\.use-sync-external-store-2KTZj4Fn',
627 silly reify   'C:\\Users\\patri\\Desktop\\Website\\SPTC\\next\\node_modules\\util-deprecate': 'C:\\Users\\patri\\Desktop\\Website\\SPTC\\next\\node_modules\\.util-deprecate-0jnWzvfi',
627 silly reify   'C:\\Users\\patri\\Desktop\\Website\\SPTC\\next\\node_modules\\validate-npm-package-name': 'C:\\Users\\patri\\Desktop\\Website\\SPTC\\next\\node_modules\\.validate-npm-package-name-lTgc1Oi4',
627 silly reify   'C:\\Users\\patri\\Desktop\\Website\\SPTC\\next\\node_modules\\vary': 'C:\\Users\\patri\\Desktop\\Website\\SPTC\\next\\node_modules\\.vary-l1Ka6rHs',
627 silly reify   'C:\\Users\\patri\\Desktop\\Website\\SPTC\\next\\node_modules\\victory-vendor': 'C:\\Users\\patri\\Desktop\\Website\\SPTC\\next\\node_modules\\.victory-vendor-xmgTPAXF',
627 silly reify   'C:\\Users\\patri\\Desktop\\Website\\SPTC\\next\\node_modules\\vite': 'C:\\Users\\patri\\Desktop\\Website\\SPTC\\next\\node_modules\\.vite-TCw8LPqi',
627 silly reify   'C:\\Users\\patri\\Desktop\\Website\\SPTC\\next\\node_modules\\vite-node': 'C:\\Users\\patri\\Desktop\\Website\\SPTC\\next\\node_modules\\.vite-node-Ip4awtdp',
627 silly reify   'C:\\Users\\patri\\Desktop\\Website\\SPTC\\next\\node_modules\\vitest': 'C:\\Users\\patri\\Desktop\\Website\\SPTC\\next\\node_modules\\.vitest-hNSb5Ae0',
627 silly reify   'C:\\Users\\patri\\Desktop\\Website\\SPTC\\next\\node_modules\\which': 'C:\\Users\\patri\\Desktop\\Website\\SPTC\\next\\node_modules\\.which-2bmTjI6Y',
627 silly reify   'C:\\Users\\patri\\Desktop\\Website\\SPTC\\next\\node_modules\\which-boxed-primitive': 'C:\\Users\\patri\\Desktop\\Website\\SPTC\\next\\node_modules\\.which-boxed-primitive-ydWT7kxz',
627 silly reify   'C:\\Users\\patri\\Desktop\\Website\\SPTC\\next\\node_modules\\which-builtin-type': 'C:\\Users\\patri\\Desktop\\Website\\SPTC\\next\\node_modules\\.which-builtin-type-IV22SdWm',
627 silly reify   'C:\\Users\\patri\\Desktop\\Website\\SPTC\\next\\node_modules\\which-collection': 'C:\\Users\\patri\\Desktop\\Website\\SPTC\\next\\node_modules\\.which-collection-z7OhL7gG',
627 silly reify   'C:\\Users\\patri\\Desktop\\Website\\SPTC\\next\\node_modules\\which-typed-array': 'C:\\Users\\patri\\Desktop\\Website\\SPTC\\next\\node_modules\\.which-typed-array-KOMDvF24',
627 silly reify   'C:\\Users\\patri\\Desktop\\Website\\SPTC\\next\\node_modules\\why-is-node-running': 'C:\\Users\\patri\\Desktop\\Website\\SPTC\\next\\node_modules\\.why-is-node-running-Ncl24Btm',
627 silly reify   'C:\\Users\\patri\\Desktop\\Website\\SPTC\\next\\node_modules\\word-wrap': 'C:\\Users\\patri\\Desktop\\Website\\SPTC\\next\\node_modules\\.word-wrap-ZFovUFnK',
627 silly reify   'C:\\Users\\patri\\Desktop\\Website\\SPTC\\next\\node_modules\\wrappy': 'C:\\Users\\patri\\Desktop\\Website\\SPTC\\next\\node_modules\\.wrappy-Wkq3UqKT',
627 silly reify   'C:\\Users\\patri\\Desktop\\Website\\SPTC\\next\\node_modules\\ws': 'C:\\Users\\patri\\Desktop\\Website\\SPTC\\next\\node_modules\\.ws-KBoW9eqh',
627 silly reify   'C:\\Users\\patri\\Desktop\\Website\\SPTC\\next\\node_modules\\wsl-utils': 'C:\\Users\\patri\\Desktop\\Website\\SPTC\\next\\node_modules\\.wsl-utils-O3tSkC2b',
627 silly reify   'C:\\Users\\patri\\Desktop\\Website\\SPTC\\next\\node_modules\\yallist': 'C:\\Users\\patri\\Desktop\\Website\\SPTC\\next\\node_modules\\.yallist-afJ6Q5bA',
627 silly reify   'C:\\Users\\patri\\Desktop\\Website\\SPTC\\next\\node_modules\\yocto-queue': 'C:\\Users\\patri\\Desktop\\Website\\SPTC\\next\\node_modules\\.yocto-queue-Su1EMs5i',
627 silly reify   'C:\\Users\\patri\\Desktop\\Website\\SPTC\\next\\node_modules\\yocto-spinner': 'C:\\Users\\patri\\Desktop\\Website\\SPTC\\next\\node_modules\\.yocto-spinner-5xljS0im',
627 silly reify   'C:\\Users\\patri\\Desktop\\Website\\SPTC\\next\\node_modules\\yoctocolors': 'C:\\Users\\patri\\Desktop\\Website\\SPTC\\next\\node_modules\\.yoctocolors-c0avoexU',
627 silly reify   'C:\\Users\\patri\\Desktop\\Website\\SPTC\\next\\node_modules\\zod': 'C:\\Users\\patri\\Desktop\\Website\\SPTC\\next\\node_modules\\.zod-Tvw8eUrM',
627 silly reify   'C:\\Users\\patri\\Desktop\\Website\\SPTC\\next\\node_modules\\zod-to-json-schema': 'C:\\Users\\patri\\Desktop\\Website\\SPTC\\next\\node_modules\\.zod-to-json-schema-YctN1uoV',
627 silly reify   'C:\\Users\\patri\\Desktop\\Website\\SPTC\\next\\node_modules\\zod-validation-error': 'C:\\Users\\patri\\Desktop\\Website\\SPTC\\next\\node_modules\\.zod-validation-error-B73jvkAG',
627 silly reify   'C:\\Users\\patri\\Desktop\\Website\\SPTC\\next\\node_modules\\@alloc\\quick-lru': 'C:\\Users\\patri\\Desktop\\Website\\SPTC\\next\\node_modules\\@alloc\\.quick-lru-KfsNjTI0',
627 silly reify   'C:\\Users\\patri\\Desktop\\Website\\SPTC\\next\\node_modules\\@babel\\code-frame': 'C:\\Users\\patri\\Desktop\\Website\\SPTC\\next\\node_modules\\@babel\\.code-frame-2aNTFM4g',
627 silly reify   'C:\\Users\\patri\\Desktop\\Website\\SPTC\\next\\node_modules\\@babel\\compat-data': 'C:\\Users\\patri\\Desktop\\Website\\SPTC\\next\\node_modules\\@babel\\.compat-data-yiR3jjhK',
627 silly reify   'C:\\Users\\patri\\Desktop\\Website\\SPTC\\next\\node_modules\\@babel\\core': 'C:\\Users\\patri\\Desktop\\Website\\SPTC\\next\\node_modules\\@babel\\.core-Bz4qEoS5',
627 silly reify   'C:\\Users\\patri\\Desktop\\Website\\SPTC\\next\\node_modules\\@babel\\helper-compilation-targets': 'C:\\Users\\patri\\Desktop\\Website\\SPTC\\next\\node_modules\\@babel\\.helper-compilation-targets-P3q7sJyq',
627 silly reify   'C:\\Users\\patri\\Desktop\\Website\\SPTC\\next\\node_modules\\@babel\\helper-annotate-as-pure': 'C:\\Users\\patri\\Desktop\\Website\\SPTC\\next\\node_modules\\@babel\\.helper-annotate-as-pure-2EI1R3OX',
627 silly reify   'C:\\Users\\patri\\Desktop\\Website\\SPTC\\next\\node_modules\\@babel\\helper-create-class-features-plugin': 'C:\\Users\\patri\\Desktop\\Website\\SPTC\\next\\node_modules\\@babel\\.helper-create-class-features-plugin-Yi3TYRmb',
627 silly reify   'C:\\Users\\patri\\Desktop\\Website\\SPTC\\next\\node_modules\\@babel\\generator': 'C:\\Users\\patri\\Desktop\\Website\\SPTC\\next\\node_modules\\@babel\\.generator-VszmRmtX',
627 silly reify   'C:\\Users\\patri\\Desktop\\Website\\SPTC\\next\\node_modules\\@babel\\helper-globals': 'C:\\Users\\patri\\Desktop\\Website\\SPTC\\next\\node_modules\\@babel\\.helper-globals-N7Wz6ZUi',
627 silly reify   'C:\\Users\\patri\\Desktop\\Website\\SPTC\\next\\node_modules\\@babel\\helper-module-imports': 'C:\\Users\\patri\\Desktop\\Website\\SPTC\\next\\node_modules\\@babel\\.helper-module-imports-XfxCo3Vf',
627 silly reify   'C:\\Users\\patri\\Desktop\\Website\\SPTC\\next\\node_modules\\@babel\\helper-member-expression-to-functions': 'C:\\Users\\patri\\Desktop\\Website\\SPTC\\next\\node_modules\\@babel\\.helper-member-expression-to-functions-FyJYpgou',
627 silly reify   'C:\\Users\\patri\\Desktop\\Website\\SPTC\\next\\node_modules\\@babel\\helper-module-transforms': 'C:\\Users\\patri\\Desktop\\Website\\SPTC\\next\\node_modules\\@babel\\.helper-module-transforms-n5dpwWBj',
627 silly reify   'C:\\Users\\patri\\Desktop\\Website\\SPTC\\next\\node_modules\\@babel\\helper-optimise-call-expression': 'C:\\Users\\patri\\Desktop\\Website\\SPTC\\next\\node_modules\\@babel\\.helper-optimise-call-expression-nUxTs9uX',
627 silly reify   'C:\\Users\\patri\\Desktop\\Website\\SPTC\\next\\node_modules\\@babel\\helper-plugin-utils': 'C:\\Users\\patri\\Desktop\\Website\\SPTC\\next\\node_modules\\@babel\\.helper-plugin-utils-ArO6bWd2',
627 silly reify   'C:\\Users\\patri\\Desktop\\Website\\SPTC\\next\\node_modules\\@babel\\helper-replace-supers': 'C:\\Users\\patri\\Desktop\\Website\\SPTC\\next\\node_modules\\@babel\\.helper-replace-supers-tyUx6xeM',
627 silly reify   'C:\\Users\\patri\\Desktop\\Website\\SPTC\\next\\node_modules\\@babel\\helper-skip-transparent-expression-wrappers': 'C:\\Users\\patri\\Desktop\\Website\\SPTC\\next\\node_modules\\@babel\\.helper-skip-transparent-expression-wrappers-UHimAsal',
627 silly reify   'C:\\Users\\patri\\Desktop\\Website\\SPTC\\next\\node_modules\\@babel\\helper-string-parser': 'C:\\Users\\patri\\Desktop\\Website\\SPTC\\next\\node_modules\\@babel\\.helper-string-parser-UGm5PREC',
627 silly reify   'C:\\Users\\patri\\Desktop\\Website\\SPTC\\next\\node_modules\\@babel\\helper-validator-identifier': 'C:\\Users\\patri\\Desktop\\Website\\SPTC\\next\\node_modules\\@babel\\.helper-validator-identifier-50GgChIn',
627 silly reify   'C:\\Users\\patri\\Desktop\\Website\\SPTC\\next\\node_modules\\@babel\\helper-validator-option': 'C:\\Users\\patri\\Desktop\\Website\\SPTC\\next\\node_modules\\@babel\\.helper-validator-option-MWDtX9XB',
627 silly reify   'C:\\Users\\patri\\Desktop\\Website\\SPTC\\next\\node_modules\\@babel\\helpers': 'C:\\Users\\patri\\Desktop\\Website\\SPTC\\next\\node_modules\\@babel\\.helpers-tD34MhhN',
627 silly reify   'C:\\Users\\patri\\Desktop\\Website\\SPTC\\next\\node_modules\\@babel\\parser': 'C:\\Users\\patri\\Desktop\\Website\\SPTC\\next\\node_modules\\@babel\\.parser-wromX916',
627 silly reify   'C:\\Users\\patri\\Desktop\\Website\\SPTC\\next\\node_modules\\@babel\\plugin-syntax-jsx': 'C:\\Users\\patri\\Desktop\\Website\\SPTC\\next\\node_modules\\@babel\\.plugin-syntax-jsx-nqFys8r5',
627 silly reify   'C:\\Users\\patri\\Desktop\\Website\\SPTC\\next\\node_modules\\@babel\\plugin-syntax-typescript': 'C:\\Users\\patri\\Desktop\\Website\\SPTC\\next\\node_modules\\@babel\\.plugin-syntax-typescript-xeRU5wJ4',
627 silly reify   'C:\\Users\\patri\\Desktop\\Website\\SPTC\\next\\node_modules\\@babel\\plugin-transform-modules-commonjs': 'C:\\Users\\patri\\Desktop\\Website\\SPTC\\next\\node_modules\\@babel\\.plugin-transform-modules-commonjs-OuAdBRgq',
627 silly reify   'C:\\Users\\patri\\Desktop\\Website\\SPTC\\next\\node_modules\\@babel\\plugin-transform-typescript': 'C:\\Users\\patri\\Desktop\\Website\\SPTC\\next\\node_modules\\@babel\\.plugin-transform-typescript-iWlZk4Yd',
627 silly reify   'C:\\Users\\patri\\Desktop\\Website\\SPTC\\next\\node_modules\\@babel\\preset-typescript': 'C:\\Users\\patri\\Desktop\\Website\\SPTC\\next\\node_modules\\@babel\\.preset-typescript-fpasvlHS',
627 silly reify   'C:\\Users\\patri\\Desktop\\Website\\SPTC\\next\\node_modules\\@babel\\traverse': 'C:\\Users\\patri\\Desktop\\Website\\SPTC\\next\\node_modules\\@babel\\.traverse-caAXBQ3T',
627 silly reify   'C:\\Users\\patri\\Desktop\\Website\\SPTC\\next\\node_modules\\@babel\\runtime': 'C:\\Users\\patri\\Desktop\\Website\\SPTC\\next\\node_modules\\@babel\\.runtime-0pXQuFpB',
627 silly reify   'C:\\Users\\patri\\Desktop\\Website\\SPTC\\next\\node_modules\\@babel\\types': 'C:\\Users\\patri\\Desktop\\Website\\SPTC\\next\\node_modules\\@babel\\.types-DAi0e0Y4',
627 silly reify   'C:\\Users\\patri\\Desktop\\Website\\SPTC\\next\\node_modules\\@babel\\template': 'C:\\Users\\patri\\Desktop\\Website\\SPTC\\next\\node_modules\\@babel\\.template-HknN2V3k',
627 silly reify   'C:\\Users\\patri\\Desktop\\Website\\SPTC\\next\\node_modules\\@base-ui\\react': 'C:\\Users\\patri\\Desktop\\Website\\SPTC\\next\\node_modules\\@base-ui\\.react-l0poGCl4',
627 silly reify   'C:\\Users\\patri\\Desktop\\Website\\SPTC\\next\\node_modules\\@base-ui\\utils': 'C:\\Users\\patri\\Desktop\\Website\\SPTC\\next\\node_modules\\@base-ui\\.utils-GUJoNLzb',
627 silly reify   'C:\\Users\\patri\\Desktop\\Website\\SPTC\\next\\node_modules\\@dotenvx\\dotenvx': 'C:\\Users\\patri\\Desktop\\Website\\SPTC\\next\\node_modules\\@dotenvx\\.dotenvx-0Zw867xK',
627 silly reify   'C:\\Users\\patri\\Desktop\\Website\\SPTC\\next\\node_modules\\@dotenvx\\primitives': 'C:\\Users\\patri\\Desktop\\Website\\SPTC\\next\\node_modules\\@dotenvx\\.primitives-AFNde17m',
627 silly reify   'C:\\Users\\patri\\Desktop\\Website\\SPTC\\next\\node_modules\\@esbuild\\win32-x64': 'C:\\Users\\patri\\Desktop\\Website\\SPTC\\next\\node_modules\\@esbuild\\.win32-x64-tsFFsnpa',
627 silly reify   'C:\\Users\\patri\\Desktop\\Website\\SPTC\\next\\node_modules\\@eslint\\config-array': 'C:\\Users\\patri\\Desktop\\Website\\SPTC\\next\\node_modules\\@eslint\\.config-array-8GskAjtc',
627 silly reify   'C:\\Users\\patri\\Desktop\\Website\\SPTC\\next\\node_modules\\@eslint\\config-helpers': 'C:\\Users\\patri\\Desktop\\Website\\SPTC\\next\\node_modules\\@eslint\\.config-helpers-uXU37kuA',
627 silly reify   'C:\\Users\\patri\\Desktop\\Website\\SPTC\\next\\node_modules\\@eslint\\core': 'C:\\Users\\patri\\Desktop\\Website\\SPTC\\next\\node_modules\\@eslint\\.core-860ILvsV',
627 silly reify   'C:\\Users\\patri\\Desktop\\Website\\SPTC\\next\\node_modules\\@eslint\\eslintrc': 'C:\\Users\\patri\\Desktop\\Website\\SPTC\\next\\node_modules\\@eslint\\.eslintrc-4b991mXz',
627 silly reify   'C:\\Users\\patri\\Desktop\\Website\\SPTC\\next\\node_modules\\@eslint\\plugin-kit': 'C:\\Users\\patri\\Desktop\\Website\\SPTC\\next\\node_modules\\@eslint\\.plugin-kit-TmrVnu6G',
627 silly reify   'C:\\Users\\patri\\Desktop\\Website\\SPTC\\next\\node_modules\\@eslint\\js': 'C:\\Users\\patri\\Desktop\\Website\\SPTC\\next\\node_modules\\@eslint\\.js-sqMHDPLH',
627 silly reify   'C:\\Users\\patri\\Desktop\\Website\\SPTC\\next\\node_modules\\@eslint\\object-schema': 'C:\\Users\\patri\\Desktop\\Website\\SPTC\\next\\node_modules\\@eslint\\.object-schema-hLJfgR0n',
627 silly reify   'C:\\Users\\patri\\Desktop\\Website\\SPTC\\next\\node_modules\\@eslint-community\\eslint-utils': 'C:\\Users\\patri\\Desktop\\Website\\SPTC\\next\\node_modules\\@eslint-community\\.eslint-utils-8szDLK79',
627 silly reify   'C:\\Users\\patri\\Desktop\\Website\\SPTC\\next\\node_modules\\@eslint-community\\regexpp': 'C:\\Users\\patri\\Desktop\\Website\\SPTC\\next\\node_modules\\@eslint-community\\.regexpp-8jCPi4oz',
627 silly reify   'C:\\Users\\patri\\Desktop\\Website\\SPTC\\next\\node_modules\\@floating-ui\\core': 'C:\\Users\\patri\\Desktop\\Website\\SPTC\\next\\node_modules\\@floating-ui\\.core-9IAvrIt9',
627 silly reify   'C:\\Users\\patri\\Desktop\\Website\\SPTC\\next\\node_modules\\@floating-ui\\react-dom': 'C:\\Users\\patri\\Desktop\\Website\\SPTC\\next\\node_modules\\@floating-ui\\.react-dom-eBtwyZxs',
627 silly reify   'C:\\Users\\patri\\Desktop\\Website\\SPTC\\next\\node_modules\\@floating-ui\\dom': 'C:\\Users\\patri\\Desktop\\Website\\SPTC\\next\\node_modules\\@floating-ui\\.dom-M5p9G3kp',
627 silly reify   'C:\\Users\\patri\\Desktop\\Website\\SPTC\\next\\node_modules\\@floating-ui\\utils': 'C:\\Users\\patri\\Desktop\\Website\\SPTC\\next\\node_modules\\@floating-ui\\.utils-iBGAnTrL',
627 silly reify   'C:\\Users\\patri\\Desktop\\Website\\SPTC\\next\\node_modules\\@hono\\node-server': 'C:\\Users\\patri\\Desktop\\Website\\SPTC\\next\\node_modules\\@hono\\.node-server-Cw9tkO8Y',
627 silly reify   'C:\\Users\\patri\\Desktop\\Website\\SPTC\\next\\node_modules\\@humanfs\\core': 'C:\\Users\\patri\\Desktop\\Website\\SPTC\\next\\node_modules\\@humanfs\\.core-DEccmrFe',
627 silly reify   'C:\\Users\\patri\\Desktop\\Website\\SPTC\\next\\node_modules\\@humanfs\\node': 'C:\\Users\\patri\\Desktop\\Website\\SPTC\\next\\node_modules\\@humanfs\\.node-OHULgpDG',
627 silly reify   'C:\\Users\\patri\\Desktop\\Website\\SPTC\\next\\node_modules\\@humanfs\\types': 'C:\\Users\\patri\\Desktop\\Website\\SPTC\\next\\node_modules\\@humanfs\\.types-1CR8cqDs',
627 silly reify   'C:\\Users\\patri\\Desktop\\Website\\SPTC\\next\\node_modules\\@humanwhocodes\\retry': 'C:\\Users\\patri\\Desktop\\Website\\SPTC\\next\\node_modules\\@humanwhocodes\\.retry-8QYuRQij',
627 silly reify   'C:\\Users\\patri\\Desktop\\Website\\SPTC\\next\\node_modules\\@humanwhocodes\\module-importer': 'C:\\Users\\patri\\Desktop\\Website\\SPTC\\next\\node_modules\\@humanwhocodes\\.module-importer-bN4bU8lS',
627 silly reify   'C:\\Users\\patri\\Desktop\\Website\\SPTC\\next\\node_modules\\@img\\colour': 'C:\\Users\\patri\\Desktop\\Website\\SPTC\\next\\node_modules\\@img\\.colour-wFsNUz1z',
627 silly reify   'C:\\Users\\patri\\Desktop\\Website\\SPTC\\next\\node_modules\\@img\\sharp-win32-x64': 'C:\\Users\\patri\\Desktop\\Website\\SPTC\\next\\node_modules\\@img\\.sharp-win32-x64-jvnZmSZt',
627 silly reify   'C:\\Users\\patri\\Desktop\\Website\\SPTC\\next\\node_modules\\@jridgewell\\gen-mapping': 'C:\\Users\\patri\\Desktop\\Website\\SPTC\\next\\node_modules\\@jridgewell\\.gen-mapping-ANR7PqJg',
627 silly reify   'C:\\Users\\patri\\Desktop\\Website\\SPTC\\next\\node_modules\\@jridgewell\\remapping': 'C:\\Users\\patri\\Desktop\\Website\\SPTC\\next\\node_modules\\@jridgewell\\.remapping-U9UyoX98',
627 silly reify   'C:\\Users\\patri\\Desktop\\Website\\SPTC\\next\\node_modules\\@jridgewell\\resolve-uri': 'C:\\Users\\patri\\Desktop\\Website\\SPTC\\next\\node_modules\\@jridgewell\\.resolve-uri-IoFpBgYB',
627 silly reify   'C:\\Users\\patri\\Desktop\\Website\\SPTC\\next\\node_modules\\@jridgewell\\sourcemap-codec': 'C:\\Users\\patri\\Desktop\\Website\\SPTC\\next\\node_modules\\@jridgewell\\.sourcemap-codec-tdTbmRCs',
627 silly reify   'C:\\Users\\patri\\Desktop\\Website\\SPTC\\next\\node_modules\\@jridgewell\\trace-mapping': 'C:\\Users\\patri\\Desktop\\Website\\SPTC\\next\\node_modules\\@jridgewell\\.trace-mapping-vURoqjvi',
627 silly reify   'C:\\Users\\patri\\Desktop\\Website\\SPTC\\next\\node_modules\\@next\\env': 'C:\\Users\\patri\\Desktop\\Website\\SPTC\\next\\node_modules\\@next\\.env-WXpX3CK5',
627 silly reify   'C:\\Users\\patri\\Desktop\\Website\\SPTC\\next\\node_modules\\@next\\swc-win32-x64-msvc': 'C:\\Users\\patri\\Desktop\\Website\\SPTC\\next\\node_modules\\@next\\.swc-win32-x64-msvc-SRkZVbET',
627 silly reify   'C:\\Users\\patri\\Desktop\\Website\\SPTC\\next\\node_modules\\@next\\eslint-plugin-next': 'C:\\Users\\patri\\Desktop\\Website\\SPTC\\next\\node_modules\\@next\\.eslint-plugin-next-IfjWfQdM',
627 silly reify   'C:\\Users\\patri\\Desktop\\Website\\SPTC\\next\\node_modules\\@modelcontextprotocol\\sdk': 'C:\\Users\\patri\\Desktop\\Website\\SPTC\\next\\node_modules\\@modelcontextprotocol\\.sdk-jyTxZkSz',
627 silly reify   'C:\\Users\\patri\\Desktop\\Website\\SPTC\\next\\node_modules\\@nodelib\\fs.scandir': 'C:\\Users\\patri\\Desktop\\Website\\SPTC\\next\\node_modules\\@nodelib\\.fs.scandir-ehlizUJN',
627 silly reify   'C:\\Users\\patri\\Desktop\\Website\\SPTC\\next\\node_modules\\@nodelib\\fs.walk': 'C:\\Users\\patri\\Desktop\\Website\\SPTC\\next\\node_modules\\@nodelib\\.fs.walk-7cHFMtaT',
627 silly reify   'C:\\Users\\patri\\Desktop\\Website\\SPTC\\next\\node_modules\\@nodelib\\fs.stat': 'C:\\Users\\patri\\Desktop\\Website\\SPTC\\next\\node_modules\\@nodelib\\.fs.stat-LoXCrxfu',
627 silly reify   'C:\\Users\\patri\\Desktop\\Website\\SPTC\\next\\node_modules\\@nolyfill\\is-core-module': 'C:\\Users\\patri\\Desktop\\Website\\SPTC\\next\\node_modules\\@nolyfill\\.is-core-module-GMlgjwdz',
627 silly reify   'C:\\Users\\patri\\Desktop\\Website\\SPTC\\next\\node_modules\\@reduxjs\\toolkit': 'C:\\Users\\patri\\Desktop\\Website\\SPTC\\next\\node_modules\\@reduxjs\\.toolkit-AHS6uJzx',
627 silly reify   'C:\\Users\\patri\\Desktop\\Website\\SPTC\\next\\node_modules\\@rollup\\rollup-win32-x64-gnu': 'C:\\Users\\patri\\Desktop\\Website\\SPTC\\next\\node_modules\\@rollup\\.rollup-win32-x64-gnu-7GkbdJno',
627 silly reify   'C:\\Users\\patri\\Desktop\\Website\\SPTC\\next\\node_modules\\@rollup\\rollup-win32-x64-msvc': 'C:\\Users\\patri\\Desktop\\Website\\SPTC\\next\\node_modules\\@rollup\\.rollup-win32-x64-msvc-I1sMAZe8',
627 silly reify   'C:\\Users\\patri\\Desktop\\Website\\SPTC\\next\\node_modules\\@rtsao\\scc': 'C:\\Users\\patri\\Desktop\\Website\\SPTC\\next\\node_modules\\@rtsao\\.scc-knEkpf1x',
627 silly reify   'C:\\Users\\patri\\Desktop\\Website\\SPTC\\next\\node_modules\\@sindresorhus\\merge-streams': 'C:\\Users\\patri\\Desktop\\Website\\SPTC\\next\\node_modules\\@sindresorhus\\.merge-streams-XH1n9Na5',
627 silly reify   'C:\\Users\\patri\\Desktop\\Website\\SPTC\\next\\node_modules\\@sec-ant\\readable-stream': 'C:\\Users\\patri\\Desktop\\Website\\SPTC\\next\\node_modules\\@sec-ant\\.readable-stream-bbxwB7VC',
627 silly reify   'C:\\Users\\patri\\Desktop\\Website\\SPTC\\next\\node_modules\\@standard-schema\\spec': 'C:\\Users\\patri\\Desktop\\Website\\SPTC\\next\\node_modules\\@standard-schema\\.spec-3wtSR3Xe',
627 silly reify   'C:\\Users\\patri\\Desktop\\Website\\SPTC\\next\\node_modules\\@standard-schema\\utils': 'C:\\Users\\patri\\Desktop\\Website\\SPTC\\next\\node_modules\\@standard-schema\\.utils-iMArXmxI',
627 silly reify   'C:\\Users\\patri\\Desktop\\Website\\SPTC\\next\\node_modules\\@supabase\\auth-js': 'C:\\Users\\patri\\Desktop\\Website\\SPTC\\next\\node_modules\\@supabase\\.auth-js-jSCEBCef',
627 silly reify   'C:\\Users\\patri\\Desktop\\Website\\SPTC\\next\\node_modules\\@supabase\\phoenix': 'C:\\Users\\patri\\Desktop\\Website\\SPTC\\next\\node_modules\\@supabase\\.phoenix-DRwqACYy',
627 silly reify   'C:\\Users\\patri\\Desktop\\Website\\SPTC\\next\\node_modules\\@supabase\\functions-js': 'C:\\Users\\patri\\Desktop\\Website\\SPTC\\next\\node_modules\\@supabase\\.functions-js-CKNcB6fR',
627 silly reify   'C:\\Users\\patri\\Desktop\\Website\\SPTC\\next\\node_modules\\@supabase\\realtime-js': 'C:\\Users\\patri\\Desktop\\Website\\SPTC\\next\\node_modules\\@supabase\\.realtime-js-XyN1GsgV',
627 silly reify   'C:\\Users\\patri\\Desktop\\Website\\SPTC\\next\\node_modules\\@supabase\\postgrest-js': 'C:\\Users\\patri\\Desktop\\Website\\SPTC\\next\\node_modules\\@supabase\\.postgrest-js-XRQfvLvf',
627 silly reify   'C:\\Users\\patri\\Desktop\\Website\\SPTC\\next\\node_modules\\@supabase\\storage-js': 'C:\\Users\\patri\\Desktop\\Website\\SPTC\\next\\node_modules\\@supabase\\.storage-js-zWd4DOlX',
627 silly reify   'C:\\Users\\patri\\Desktop\\Website\\SPTC\\next\\node_modules\\@supabase\\supabase-js': 'C:\\Users\\patri\\Desktop\\Website\\SPTC\\next\\node_modules\\@supabase\\.supabase-js-sbumRnkf',
627 silly reify   'C:\\Users\\patri\\Desktop\\Website\\SPTC\\next\\node_modules\\@swc\\helpers': 'C:\\Users\\patri\\Desktop\\Website\\SPTC\\next\\node_modules\\@swc\\.helpers-3MxCgtxB',
627 silly reify   'C:\\Users\\patri\\Desktop\\Website\\SPTC\\next\\node_modules\\@tailwindcss\\node': 'C:\\Users\\patri\\Desktop\\Website\\SPTC\\next\\node_modules\\@tailwindcss\\.node-RFvoTHJx',
627 silly reify   'C:\\Users\\patri\\Desktop\\Website\\SPTC\\next\\node_modules\\@tailwindcss\\oxide': 'C:\\Users\\patri\\Desktop\\Website\\SPTC\\next\\node_modules\\@tailwindcss\\.oxide-looXn25W',
627 silly reify   'C:\\Users\\patri\\Desktop\\Website\\SPTC\\next\\node_modules\\@tailwindcss\\oxide-win32-x64-msvc': 'C:\\Users\\patri\\Desktop\\Website\\SPTC\\next\\node_modules\\@tailwindcss\\.oxide-win32-x64-msvc-byZoKTmU',
627 silly reify   'C:\\Users\\patri\\Desktop\\Website\\SPTC\\next\\node_modules\\@tailwindcss\\postcss': 'C:\\Users\\patri\\Desktop\\Website\\SPTC\\next\\node_modules\\@tailwindcss\\.postcss-diQFXd12',
627 silly reify   'C:\\Users\\patri\\Desktop\\Website\\SPTC\\next\\node_modules\\@types\\chai': 'C:\\Users\\patri\\Desktop\\Website\\SPTC\\next\\node_modules\\@types\\.chai-FfVqAinR',
627 silly reify   'C:\\Users\\patri\\Desktop\\Website\\SPTC\\next\\node_modules\\@types\\d3-array': 'C:\\Users\\patri\\Desktop\\Website\\SPTC\\next\\node_modules\\@types\\.d3-array-ggCVDaFN',
627 silly reify   'C:\\Users\\patri\\Desktop\\Website\\SPTC\\next\\node_modules\\@types\\d3-color': 'C:\\Users\\patri\\Desktop\\Website\\SPTC\\next\\node_modules\\@types\\.d3-color-a1QKqXEr',
627 silly reify   'C:\\Users\\patri\\Desktop\\Website\\SPTC\\next\\node_modules\\@types\\d3-interpolate': 'C:\\Users\\patri\\Desktop\\Website\\SPTC\\next\\node_modules\\@types\\.d3-interpolate-HWgJ0ZqQ',
627 silly reify   'C:\\Users\\patri\\Desktop\\Website\\SPTC\\next\\node_modules\\@types\\d3-path': 'C:\\Users\\patri\\Desktop\\Website\\SPTC\\next\\node_modules\\@types\\.d3-path-CrotCibQ',
627 silly reify   'C:\\Users\\patri\\Desktop\\Website\\SPTC\\next\\node_modules\\@types\\d3-ease': 'C:\\Users\\patri\\Desktop\\Website\\SPTC\\next\\node_modules\\@types\\.d3-ease-beTUFyJb',
627 silly reify   'C:\\Users\\patri\\Desktop\\Website\\SPTC\\next\\node_modules\\@types\\d3-scale': 'C:\\Users\\patri\\Desktop\\Website\\SPTC\\next\\node_modules\\@types\\.d3-scale-Mhc4jkrT',
627 silly reify   'C:\\Users\\patri\\Desktop\\Website\\SPTC\\next\\node_modules\\@types\\deep-eql': 'C:\\Users\\patri\\Desktop\\Website\\SPTC\\next\\node_modules\\@types\\.deep-eql-h6CJDiju',
627 silly reify   'C:\\Users\\patri\\Desktop\\Website\\SPTC\\next\\node_modules\\@types\\d3-time': 'C:\\Users\\patri\\Desktop\\Website\\SPTC\\next\\node_modules\\@types\\.d3-time-pUlUO4ei',
627 silly reify   'C:\\Users\\patri\\Desktop\\Website\\SPTC\\next\\node_modules\\@types\\d3-shape': 'C:\\Users\\patri\\Desktop\\Website\\SPTC\\next\\node_modules\\@types\\.d3-shape-KZrN29Gs',
627 silly reify   'C:\\Users\\patri\\Desktop\\Website\\SPTC\\next\\node_modules\\@types\\d3-timer': 'C:\\Users\\patri\\Desktop\\Website\\SPTC\\next\\node_modules\\@types\\.d3-timer-dCDiQBzy',
627 silly reify   'C:\\Users\\patri\\Desktop\\Website\\SPTC\\next\\node_modules\\@types\\estree': 'C:\\Users\\patri\\Desktop\\Website\\SPTC\\next\\node_modules\\@types\\.estree-tSzXPVsI',
627 silly reify   'C:\\Users\\patri\\Desktop\\Website\\SPTC\\next\\node_modules\\@types\\node': 'C:\\Users\\patri\\Desktop\\Website\\SPTC\\next\\node_modules\\@types\\.node-EKiJ5c7I',
627 silly reify   'C:\\Users\\patri\\Desktop\\Website\\SPTC\\next\\node_modules\\@types\\json5': 'C:\\Users\\patri\\Desktop\\Website\\SPTC\\next\\node_modules\\@types\\.json5-cFZqPeFb',
627 silly reify   'C:\\Users\\patri\\Desktop\\Website\\SPTC\\next\\node_modules\\@types\\json-schema': 'C:\\Users\\patri\\Desktop\\Website\\SPTC\\next\\node_modules\\@types\\.json-schema-J46ZiQEq',
627 silly reify   'C:\\Users\\patri\\Desktop\\Website\\SPTC\\next\\node_modules\\@types\\react': 'C:\\Users\\patri\\Desktop\\Website\\SPTC\\next\\node_modules\\@types\\.react-wbgpXTcQ',
627 silly reify   'C:\\Users\\patri\\Desktop\\Website\\SPTC\\next\\node_modules\\@types\\ws': 'C:\\Users\\patri\\Desktop\\Website\\SPTC\\next\\node_modules\\@types\\.ws-HrJUOj0b',
627 silly reify   'C:\\Users\\patri\\Desktop\\Website\\SPTC\\next\\node_modules\\@types\\react-dom': 'C:\\Users\\patri\\Desktop\\Website\\SPTC\\next\\node_modules\\@types\\.react-dom-bjvkZiVo',
627 silly reify   'C:\\Users\\patri\\Desktop\\Website\\SPTC\\next\\node_modules\\@types\\use-sync-external-store': 'C:\\Users\\patri\\Desktop\\Website\\SPTC\\next\\node_modules\\@types\\.use-sync-external-store-pEMKpBaY',
627 silly reify   'C:\\Users\\patri\\Desktop\\Website\\SPTC\\next\\node_modules\\@ts-morph\\common': 'C:\\Users\\patri\\Desktop\\Website\\SPTC\\next\\node_modules\\@ts-morph\\.common-0WkMLH5T',
627 silly reify   'C:\\Users\\patri\\Desktop\\Website\\SPTC\\next\\node_modules\\@types\\validate-npm-package-name': 'C:\\Users\\patri\\Desktop\\Website\\SPTC\\next\\node_modules\\@types\\.validate-npm-package-name-W9eMx1ye',
627 silly reify   'C:\\Users\\patri\\Desktop\\Website\\SPTC\\next\\node_modules\\@typescript-eslint\\eslint-plugin': 'C:\\Users\\patri\\Desktop\\Website\\SPTC\\next\\node_modules\\@typescript-eslint\\.eslint-plugin-JYqwkkNY',
627 silly reify   'C:\\Users\\patri\\Desktop\\Website\\SPTC\\next\\node_modules\\@typescript-eslint\\project-service': 'C:\\Users\\patri\\Desktop\\Website\\SPTC\\next\\node_modules\\@typescript-eslint\\.project-service-MMv4Oowz',
627 silly reify   'C:\\Users\\patri\\Desktop\\Website\\SPTC\\next\\node_modules\\@typescript-eslint\\parser': 'C:\\Users\\patri\\Desktop\\Website\\SPTC\\next\\node_modules\\@typescript-eslint\\.parser-dNRzgmgc',
627 silly reify   'C:\\Users\\patri\\Desktop\\Website\\SPTC\\next\\node_modules\\@typescript-eslint\\tsconfig-utils': 'C:\\Users\\patri\\Desktop\\Website\\SPTC\\next\\node_modules\\@typescript-eslint\\.tsconfig-utils-8yPBvHeT',
627 silly reify   'C:\\Users\\patri\\Desktop\\Website\\SPTC\\next\\node_modules\\@typescript-eslint\\scope-manager': 'C:\\Users\\patri\\Desktop\\Website\\SPTC\\next\\node_modules\\@typescript-eslint\\.scope-manager-rBTzF7y8',
627 silly reify   'C:\\Users\\patri\\Desktop\\Website\\SPTC\\next\\node_modules\\@typescript-eslint\\type-utils': 'C:\\Users\\patri\\Desktop\\Website\\SPTC\\next\\node_modules\\@typescript-eslint\\.type-utils-UqzfuP2H',
627 silly reify   'C:\\Users\\patri\\Desktop\\Website\\SPTC\\next\\node_modules\\@typescript-eslint\\types': 'C:\\Users\\patri\\Desktop\\Website\\SPTC\\next\\node_modules\\@typescript-eslint\\.types-R03gcSEM',
627 silly reify   'C:\\Users\\patri\\Desktop\\Website\\SPTC\\next\\node_modules\\@typescript-eslint\\typescript-estree': 'C:\\Users\\patri\\Desktop\\Website\\SPTC\\next\\node_modules\\@typescript-eslint\\.typescript-estree-WE1WuBSe',
627 silly reify   'C:\\Users\\patri\\Desktop\\Website\\SPTC\\next\\node_modules\\@typescript-eslint\\utils': 'C:\\Users\\patri\\Desktop\\Website\\SPTC\\next\\node_modules\\@typescript-eslint\\.utils-2NFWczNZ',
627 silly reify   'C:\\Users\\patri\\Desktop\\Website\\SPTC\\next\\node_modules\\@typescript-eslint\\visitor-keys': 'C:\\Users\\patri\\Desktop\\Website\\SPTC\\next\\node_modules\\@typescript-eslint\\.visitor-keys-AQF34Oxe',
627 silly reify   'C:\\Users\\patri\\Desktop\\Website\\SPTC\\next\\node_modules\\@unrs\\resolver-binding-win32-x64-msvc': 'C:\\Users\\patri\\Desktop\\Website\\SPTC\\next\\node_modules\\@unrs\\.resolver-binding-win32-x64-msvc-p7A2b4DU',
627 silly reify   'C:\\Users\\patri\\Desktop\\Website\\SPTC\\next\\node_modules\\@vitest\\expect': 'C:\\Users\\patri\\Desktop\\Website\\SPTC\\next\\node_modules\\@vitest\\.expect-3OnKS8Ne',
627 silly reify   'C:\\Users\\patri\\Desktop\\Website\\SPTC\\next\\node_modules\\@vitest\\mocker': 'C:\\Users\\patri\\Desktop\\Website\\SPTC\\next\\node_modules\\@vitest\\.mocker-UG2nFGbf',
627 silly reify   'C:\\Users\\patri\\Desktop\\Website\\SPTC\\next\\node_modules\\@vitest\\runner': 'C:\\Users\\patri\\Desktop\\Website\\SPTC\\next\\node_modules\\@vitest\\.runner-ZbUBHELT',
627 silly reify   'C:\\Users\\patri\\Desktop\\Website\\SPTC\\next\\node_modules\\@vitest\\pretty-format': 'C:\\Users\\patri\\Desktop\\Website\\SPTC\\next\\node_modules\\@vitest\\.pretty-format-0EPEOeP1',
627 silly reify   'C:\\Users\\patri\\Desktop\\Website\\SPTC\\next\\node_modules\\@vitest\\snapshot': 'C:\\Users\\patri\\Desktop\\Website\\SPTC\\next\\node_modules\\@vitest\\.snapshot-SbWYX8A7',
627 silly reify   'C:\\Users\\patri\\Desktop\\Website\\SPTC\\next\\node_modules\\@vitest\\spy': 'C:\\Users\\patri\\Desktop\\Website\\SPTC\\next\\node_modules\\@vitest\\.spy-c27vUDki',
627 silly reify   'C:\\Users\\patri\\Desktop\\Website\\SPTC\\next\\node_modules\\@vitest\\utils': 'C:\\Users\\patri\\Desktop\\Website\\SPTC\\next\\node_modules\\@vitest\\.utils-XclVNp8l',
627 silly reify   'C:\\Users\\patri\\Desktop\\Website\\SPTC\\next\\packages\\theme\\node_modules\\typescript': 'C:\\Users\\patri\\Desktop\\Website\\SPTC\\next\\packages\\theme\\node_modules\\.typescript-ikNrM3xW',
627 silly reify   'C:\\Users\\patri\\Desktop\\Website\\SPTC\\next\\packages\\domain\\node_modules\\picomatch': 'C:\\Users\\patri\\Desktop\\Website\\SPTC\\next\\packages\\domain\\node_modules\\.picomatch-EwRK4zSu',
627 silly reify   'C:\\Users\\patri\\Desktop\\Website\\SPTC\\next\\packages\\domain\\node_modules\\typescript': 'C:\\Users\\patri\\Desktop\\Website\\SPTC\\next\\packages\\domain\\node_modules\\.typescript-T207pSO7',
627 silly reify   'C:\\Users\\patri\\Desktop\\Website\\SPTC\\next\\packages\\domain\\node_modules\\vitest': 'C:\\Users\\patri\\Desktop\\Website\\SPTC\\next\\packages\\domain\\node_modules\\.vitest-QFADxitr'
627 silly reify }
628 silly audit bulk request {
628 silly audit   '@alloc/quick-lru': [ '5.2.0' ],
628 silly audit   '@babel/code-frame': [ '7.29.7' ],
628 silly audit   '@babel/compat-data': [ '7.29.7' ],
628 silly audit   '@babel/core': [ '7.29.7' ],
628 silly audit   '@babel/generator': [ '7.29.7' ],
628 silly audit   '@babel/helper-annotate-as-pure': [ '7.29.7' ],
628 silly audit   '@babel/helper-compilation-targets': [ '7.29.7' ],
628 silly audit   '@babel/helper-create-class-features-plugin': [ '7.29.7' ],
628 silly audit   '@babel/helper-globals': [ '7.29.7' ],
628 silly audit   '@babel/helper-member-expression-to-functions': [ '7.29.7' ],
628 silly audit   '@babel/helper-module-imports': [ '7.29.7' ],
628 silly audit   '@babel/helper-module-transforms': [ '7.29.7' ],
628 silly audit   '@babel/helper-optimise-call-expression': [ '7.29.7' ],
628 silly audit   '@babel/helper-plugin-utils': [ '7.29.7' ],
628 silly audit   '@babel/helper-replace-supers': [ '7.29.7' ],
628 silly audit   '@babel/helper-skip-transparent-expression-wrappers': [ '7.29.7' ],
628 silly audit   '@babel/helper-string-parser': [ '7.29.7' ],
628 silly audit   '@babel/helper-validator-identifier': [ '7.29.7' ],
628 silly audit   '@babel/helper-validator-option': [ '7.29.7' ],
628 silly audit   '@babel/helpers': [ '7.29.7' ],
628 silly audit   '@babel/parser': [ '7.29.7' ],
628 silly audit   '@babel/plugin-syntax-jsx': [ '7.29.7' ],
628 silly audit   '@babel/plugin-syntax-typescript': [ '7.29.7' ],
628 silly audit   '@babel/plugin-transform-modules-commonjs': [ '7.29.7' ],
628 silly audit   '@babel/plugin-transform-typescript': [ '7.29.7' ],
628 silly audit   '@babel/preset-typescript': [ '7.29.7' ],
628 silly audit   '@babel/runtime': [ '7.29.7' ],
628 silly audit   '@babel/template': [ '7.29.7' ],
628 silly audit   '@babel/traverse': [ '7.29.7' ],
628 silly audit   '@babel/types': [ '7.29.7' ],
628 silly audit   '@base-ui/react': [ '1.6.0' ],
628 silly audit   '@base-ui/utils': [ '0.3.1' ],
628 silly audit   '@dotenvx/dotenvx': [ '1.75.1' ],
628 silly audit   commander: [ '11.1.0', '14.0.3' ],
628 silly audit   'define-lazy-prop': [ '2.0.0', '3.0.0' ],
628 silly audit   execa: [ '5.1.1', '9.6.1' ],
628 silly audit   fdir: [ '6.5.0' ],
628 silly audit   'get-stream': [ '6.0.1', '9.0.1' ],
628 silly audit   'human-signals': [ '2.1.0', '8.0.1' ],
628 silly audit   'is-docker': [ '2.2.1', '3.0.0' ],
628 silly audit   'is-stream': [ '2.0.1', '4.0.1' ],
628 silly audit   'is-wsl': [ '2.2.0', '3.1.1' ],
628 silly audit   isexe: [ '3.1.5', '2.0.0' ],
628 silly audit   'npm-run-path': [ '4.0.1', '6.0.0' ],
628 silly audit   open: [ '8.4.2', '11.0.0' ],
628 silly audit   picomatch: [ '4.0.5', '2.3.2' ],
628 silly audit   'signal-exit': [ '3.0.7', '4.1.0' ],
628 silly audit   'strip-final-newline': [ '2.0.0', '4.0.0' ],
628 silly audit   which: [ '4.0.0', '2.0.2' ],
628 silly audit   '@dotenvx/primitives': [ '0.8.0' ],
628 silly audit   '@emnapi/core': [ '1.10.0', '1.11.1' ],
628 silly audit   '@emnapi/runtime': [ '1.11.2', '1.11.1', '1.10.0' ],
628 silly audit   '@emnapi/wasi-threads': [ '1.2.1', '1.2.2' ],
628 silly audit   '@esbuild/aix-ppc64': [ '0.28.1' ],
628 silly audit   '@esbuild/android-arm': [ '0.28.1' ],
628 silly audit   '@esbuild/android-arm64': [ '0.28.1' ],
628 silly audit   '@esbuild/android-x64': [ '0.28.1' ],
628 silly audit   '@esbuild/darwin-arm64': [ '0.28.1' ],
628 silly audit   '@esbuild/darwin-x64': [ '0.28.1' ],
628 silly audit   '@esbuild/freebsd-arm64': [ '0.28.1' ],
628 silly audit   '@esbuild/freebsd-x64': [ '0.28.1' ],
628 silly audit   '@esbuild/linux-arm': [ '0.28.1' ],
628 silly audit   '@esbuild/linux-arm64': [ '0.28.1' ],
628 silly audit   '@esbuild/linux-ia32': [ '0.28.1' ],
628 silly audit   '@esbuild/linux-loong64': [ '0.28.1' ],
628 silly audit   '@esbuild/linux-mips64el': [ '0.28.1' ],
628 silly audit   '@esbuild/linux-ppc64': [ '0.28.1' ],
628 silly audit   '@esbuild/linux-riscv64': [ '0.28.1' ],
628 silly audit   '@esbuild/linux-s390x': [ '0.28.1' ],
628 silly audit   '@esbuild/linux-x64': [ '0.28.1' ],
628 silly audit   '@esbuild/netbsd-arm64': [ '0.28.1' ],
628 silly audit   '@esbuild/netbsd-x64': [ '0.28.1' ],
628 silly audit   '@esbuild/openbsd-arm64': [ '0.28.1' ],
628 silly audit   '@esbuild/openbsd-x64': [ '0.28.1' ],
628 silly audit   '@esbuild/openharmony-arm64': [ '0.28.1' ],
628 silly audit   '@esbuild/sunos-x64': [ '0.28.1' ],
628 silly audit   '@esbuild/win32-arm64': [ '0.28.1' ],
628 silly audit   '@esbuild/win32-ia32': [ '0.28.1' ],
628 silly audit   '@esbuild/win32-x64': [ '0.28.1' ],
628 silly audit   '@eslint-community/eslint-utils': [ '4.9.1' ],
628 silly audit   'eslint-visitor-keys': [ '3.4.3', '5.0.1', '4.2.1' ],
628 silly audit   '@eslint-community/regexpp': [ '4.12.2' ],
628 silly audit   '@eslint/config-array': [ '0.21.2' ],
628 silly audit   '@eslint/config-helpers': [ '0.4.2' ],
628 silly audit   '@eslint/core': [ '0.17.0' ],
628 silly audit   '@eslint/eslintrc': [ '3.3.6' ],
628 silly audit   '@eslint/js': [ '9.39.5' ],
628 silly audit   '@eslint/object-schema': [ '2.1.7' ],
628 silly audit   '@eslint/plugin-kit': [ '0.4.1' ],
628 silly audit   '@floating-ui/core': [ '1.8.0' ],
628 silly audit   '@floating-ui/dom': [ '1.8.0' ],
628 silly audit   '@floating-ui/react-dom': [ '2.1.9' ],
628 silly audit   '@floating-ui/utils': [ '0.2.12' ],
628 silly audit   '@hono/node-server': [ '1.19.14' ],
628 silly audit   '@humanfs/core': [ '0.19.2' ],
628 silly audit   '@humanfs/node': [ '0.16.8' ],
628 silly audit   '@humanfs/types': [ '0.15.0' ],
628 silly audit   '@humanwhocodes/module-importer': [ '1.0.1' ],
628 silly audit   '@humanwhocodes/retry': [ '0.4.3' ],
628 silly audit   '@img/colour': [ '1.1.0' ],
628 silly audit   '@img/sharp-darwin-arm64': [ '0.34.5' ],
628 silly audit   '@img/sharp-darwin-x64': [ '0.34.5' ],
628 silly audit   '@img/sharp-libvips-darwin-arm64': [ '1.2.4' ],
628 silly audit   '@img/sharp-libvips-darwin-x64': [ '1.2.4' ],
628 silly audit   '@img/sharp-libvips-linux-arm': [ '1.2.4' ],
628 silly audit   '@img/sharp-libvips-linux-arm64': [ '1.2.4' ],
628 silly audit   '@img/sharp-libvips-linux-ppc64': [ '1.2.4' ],
628 silly audit   '@img/sharp-libvips-linux-riscv64': [ '1.2.4' ],
628 silly audit   '@img/sharp-libvips-linux-s390x': [ '1.2.4' ],
628 silly audit   '@img/sharp-libvips-linux-x64': [ '1.2.4' ],
628 silly audit   '@img/sharp-libvips-linuxmusl-arm64': [ '1.2.4' ],
628 silly audit   '@img/sharp-libvips-linuxmusl-x64': [ '1.2.4' ],
628 silly audit   '@img/sharp-linux-arm': [ '0.34.5' ],
628 silly audit   '@img/sharp-linux-arm64': [ '0.34.5' ],
628 silly audit   '@img/sharp-linux-ppc64': [ '0.34.5' ],
628 silly audit   '@img/sharp-linux-riscv64': [ '0.34.5' ],
628 silly audit   '@img/sharp-linux-s390x': [ '0.34.5' ],
628 silly audit   '@img/sharp-linux-x64': [ '0.34.5' ],
628 silly audit   '@img/sharp-linuxmusl-arm64': [ '0.34.5' ],
628 silly audit   '@img/sharp-linuxmusl-x64': [ '0.34.5' ],
628 silly audit   '@img/sharp-wasm32': [ '0.34.5' ],
628 silly audit   '@img/sharp-win32-arm64': [ '0.34.5' ],
628 silly audit   '@img/sharp-win32-ia32': [ '0.34.5' ],
628 silly audit   '@img/sharp-win32-x64': [ '0.34.5' ],
628 silly audit   '@jridgewell/gen-mapping': [ '0.3.13' ],
628 silly audit   '@jridgewell/remapping': [ '2.3.5' ],
628 silly audit   '@jridgewell/resolve-uri': [ '3.1.2' ],
628 silly audit   '@jridgewell/sourcemap-codec': [ '1.5.5' ],
628 silly audit   '@jridgewell/trace-mapping': [ '0.3.31' ],
628 silly audit   '@modelcontextprotocol/sdk': [ '1.29.0' ],
628 silly audit   ajv: [ '8.20.0', '6.15.0' ],
628 silly audit   'json-schema-traverse': [ '1.0.0', '0.4.1' ],
628 silly audit   '@napi-rs/wasm-runtime': [ '1.1.6', '1.1.4' ],
628 silly audit   '@next/env': [ '16.2.10' ],
628 silly audit   '@next/eslint-plugin-next': [ '16.2.10' ],
628 silly audit   '@next/swc-darwin-arm64': [ '16.2.10' ],
628 silly audit   '@next/swc-darwin-x64': [ '16.2.10' ],
628 silly audit   '@next/swc-linux-arm64-gnu': [ '16.2.10' ],
628 silly audit   '@next/swc-linux-arm64-musl': [ '16.2.10' ],
628 silly audit   '@next/swc-linux-x64-gnu': [ '16.2.10' ],
628 silly audit   '@next/swc-linux-x64-musl': [ '16.2.10' ],
628 silly audit   '@next/swc-win32-arm64-msvc': [ '16.2.10' ],
628 silly audit   '@next/swc-win32-x64-msvc': [ '16.2.10' ],
628 silly audit   '@nodelib/fs.scandir': [ '2.1.5' ],
628 silly audit   '@nodelib/fs.stat': [ '2.0.5' ],
628 silly audit   '@nodelib/fs.walk': [ '1.2.8' ],
628 silly audit   '@nolyfill/is-core-module': [ '1.0.39' ],
628 silly audit   '@reduxjs/toolkit': [ '2.12.0' ],
628 silly audit   immer: [ '11.1.15', '10.2.0' ],
628 silly audit   '@rollup/rollup-android-arm-eabi': [ '4.62.2' ],
628 silly audit   '@rollup/rollup-android-arm64': [ '4.62.2' ],
628 silly audit   '@rollup/rollup-darwin-arm64': [ '4.62.2' ],
628 silly audit   '@rollup/rollup-darwin-x64': [ '4.62.2' ],
628 silly audit   '@rollup/rollup-freebsd-arm64': [ '4.62.2' ],
628 silly audit   '@rollup/rollup-freebsd-x64': [ '4.62.2' ],
628 silly audit   '@rollup/rollup-linux-arm-gnueabihf': [ '4.62.2' ],
628 silly audit   '@rollup/rollup-linux-arm-musleabihf': [ '4.62.2' ],
628 silly audit   '@rollup/rollup-linux-arm64-gnu': [ '4.62.2' ],
628 silly audit   '@rollup/rollup-linux-arm64-musl': [ '4.62.2' ],
628 silly audit   '@rollup/rollup-linux-loong64-gnu': [ '4.62.2' ],
628 silly audit   '@rollup/rollup-linux-loong64-musl': [ '4.62.2' ],
628 silly audit   '@rollup/rollup-linux-ppc64-gnu': [ '4.62.2' ],
628 silly audit   '@rollup/rollup-linux-ppc64-musl': [ '4.62.2' ],
628 silly audit   '@rollup/rollup-linux-riscv64-gnu': [ '4.62.2' ],
628 silly audit   '@rollup/rollup-linux-riscv64-musl': [ '4.62.2' ],
628 silly audit   '@rollup/rollup-linux-s390x-gnu': [ '4.62.2' ],
628 silly audit   '@rollup/rollup-linux-x64-gnu': [ '4.62.2' ],
628 silly audit   '@rollup/rollup-linux-x64-musl': [ '4.62.2' ],
628 silly audit   '@rollup/rollup-openbsd-x64': [ '4.62.2' ],
628 silly audit   '@rollup/rollup-openharmony-arm64': [ '4.62.2' ],
628 silly audit   '@rollup/rollup-win32-arm64-msvc': [ '4.62.2' ],
628 silly audit   '@rollup/rollup-win32-ia32-msvc': [ '4.62.2' ],
628 silly audit   '@rollup/rollup-win32-x64-gnu': [ '4.62.2' ],
628 silly audit   '@rollup/rollup-win32-x64-msvc': [ '4.62.2' ],
628 silly audit   '@rtsao/scc': [ '1.1.0' ],
628 silly audit   '@sec-ant/readable-stream': [ '0.4.1' ],
628 silly audit   '@sindresorhus/merge-streams': [ '4.0.0' ],
628 silly audit   '@standard-schema/spec': [ '1.1.0' ],
628 silly audit   '@standard-schema/utils': [ '0.3.0' ],
628 silly audit   '@supabase/auth-js': [ '2.109.0' ],
628 silly audit   '@supabase/functions-js': [ '2.109.0' ],
628 silly audit   '@supabase/phoenix': [ '0.4.4' ],
628 silly audit   '@supabase/postgrest-js': [ '2.109.0' ],
628 silly audit   '@supabase/realtime-js': [ '2.109.0' ],
628 silly audit   '@supabase/storage-js': [ '2.109.0' ],
628 silly audit   '@supabase/supabase-js': [ '2.109.0' ],
628 silly audit   '@swc/helpers': [ '0.5.15' ],
628 silly audit   '@tailwindcss/node': [ '4.3.3' ],
628 silly audit   '@tailwindcss/oxide': [ '4.3.3' ],
628 silly audit   '@tailwindcss/oxide-android-arm64': [ '4.3.3' ],
628 silly audit   '@tailwindcss/oxide-darwin-arm64': [ '4.3.3' ],
628 silly audit   '@tailwindcss/oxide-darwin-x64': [ '4.3.3' ],
628 silly audit   '@tailwindcss/oxide-freebsd-x64': [ '4.3.3' ],
628 silly audit   '@tailwindcss/oxide-linux-arm-gnueabihf': [ '4.3.3' ],
628 silly audit   '@tailwindcss/oxide-linux-arm64-gnu': [ '4.3.3' ],
628 silly audit   '@tailwindcss/oxide-linux-arm64-musl': [ '4.3.3' ],
628 silly audit   '@tailwindcss/oxide-linux-x64-gnu': [ '4.3.3' ],
628 silly audit   '@tailwindcss/oxide-linux-x64-musl': [ '4.3.3' ],
628 silly audit   '@tailwindcss/oxide-wasm32-wasi': [ '4.3.3' ],
628 silly audit   '@tybys/wasm-util': [ '0.10.2', '0.10.3' ],
628 silly audit   tslib: [ '2.8.1' ],
628 silly audit   '@tailwindcss/oxide-win32-arm64-msvc': [ '4.3.3' ],
628 silly audit   '@tailwindcss/oxide-win32-x64-msvc': [ '4.3.3' ],
628 silly audit   '@tailwindcss/postcss': [ '4.3.3' ],
628 silly audit   '@ts-morph/common': [ '0.27.0' ],
628 silly audit   'balanced-match': [ '4.0.4', '1.0.2' ],
628 silly audit   'brace-expansion': [ '5.0.7', '1.1.16' ],
628 silly audit   'fast-glob': [ '3.3.3', '3.3.1' ],
628 silly audit   'glob-parent': [ '5.1.2', '6.0.2' ],
628 silly audit   minimatch: [ '10.2.5', '3.1.5' ],
628 silly audit   '@types/chai': [ '5.2.3' ],
628 silly audit   '@types/d3-array': [ '3.2.2' ],
628 silly audit   '@types/d3-color': [ '3.1.3' ],
628 silly audit   '@types/d3-ease': [ '3.0.2' ],
628 silly audit   '@types/d3-interpolate': [ '3.0.4' ],
628 silly audit   '@types/d3-path': [ '3.1.1' ],
628 silly audit   '@types/d3-scale': [ '4.0.9' ],
628 silly audit   '@types/d3-shape': [ '3.1.8' ],
628 silly audit   '@types/d3-time': [ '3.0.4' ],
628 silly audit   '@types/d3-timer': [ '3.0.2' ],
628 silly audit   '@types/deep-eql': [ '4.0.2' ],
628 silly audit   '@types/estree': [ '1.0.9' ],
628 silly audit   '@types/json-schema': [ '7.0.15' ],
628 silly audit   '@types/json5': [ '0.0.29' ],
628 silly audit   '@types/node': [ '26.1.1' ],
628 silly audit   '@types/react': [ '19.2.17' ],
628 silly audit   '@types/react-dom': [ '19.2.3' ],
628 silly audit   '@types/use-sync-external-store': [ '0.0.6' ],
628 silly audit   '@types/validate-npm-package-name': [ '4.0.2' ],
628 silly audit   '@types/ws': [ '8.18.1' ],
628 silly audit   '@typescript-eslint/eslint-plugin': [ '8.65.0' ],
628 silly audit   ignore: [ '7.0.6', '5.3.2' ],
628 silly audit   '@typescript-eslint/parser': [ '8.65.0' ],
628 silly audit   '@typescript-eslint/project-service': [ '8.65.0' ],
628 silly audit   '@typescript-eslint/scope-manager': [ '8.65.0' ],
628 silly audit   '@typescript-eslint/tsconfig-utils': [ '8.65.0' ],
628 silly audit   '@typescript-eslint/type-utils': [ '8.65.0' ],
628 silly audit   '@typescript-eslint/types': [ '8.65.0' ],
628 silly audit   '@typescript-eslint/typescript-estree': [ '8.65.0' ],
628 silly audit   semver: [ '7.8.5', '6.3.1' ],
628 silly audit   '@typescript-eslint/utils': [ '8.65.0' ],
628 silly audit   '@typescript-eslint/visitor-keys': [ '8.65.0' ],
628 silly audit   '@unrs/resolver-binding-android-arm-eabi': [ '1.12.2' ],
628 silly audit   '@unrs/resolver-binding-android-arm64': [ '1.12.2' ],
628 silly audit   '@unrs/resolver-binding-darwin-arm64': [ '1.12.2' ],
628 silly audit   '@unrs/resolver-binding-darwin-x64': [ '1.12.2' ],
628 silly audit   '@unrs/resolver-binding-freebsd-x64': [ '1.12.2' ],
628 silly audit   '@unrs/resolver-binding-linux-arm-gnueabihf': [ '1.12.2' ],
628 silly audit   '@unrs/resolver-binding-linux-arm-musleabihf': [ '1.12.2' ],
628 silly audit   '@unrs/resolver-binding-linux-arm64-gnu': [ '1.12.2' ],
628 silly audit   '@unrs/resolver-binding-linux-arm64-musl': [ '1.12.2' ],
628 silly audit   '@unrs/resolver-binding-linux-loong64-gnu': [ '1.12.2' ],
628 silly audit   '@unrs/resolver-binding-linux-loong64-musl': [ '1.12.2' ],
628 silly audit   '@unrs/resolver-binding-linux-ppc64-gnu': [ '1.12.2' ],
628 silly audit   '@unrs/resolver-binding-linux-riscv64-gnu': [ '1.12.2' ],
628 silly audit   '@unrs/resolver-binding-linux-riscv64-musl': [ '1.12.2' ],
628 silly audit   '@unrs/resolver-binding-linux-s390x-gnu': [ '1.12.2' ],
628 silly audit   '@unrs/resolver-binding-linux-x64-gnu': [ '1.12.2' ],
628 silly audit   '@unrs/resolver-binding-linux-x64-musl': [ '1.12.2' ],
628 silly audit   '@unrs/resolver-binding-openharmony-arm64': [ '1.12.2' ],
628 silly audit   '@unrs/resolver-binding-wasm32-wasi': [ '1.12.2' ],
628 silly audit   '@unrs/resolver-binding-win32-arm64-msvc': [ '1.12.2' ],
628 silly audit   '@unrs/resolver-binding-win32-ia32-msvc': [ '1.12.2' ],
628 silly audit   '@unrs/resolver-binding-win32-x64-msvc': [ '1.12.2' ],
628 silly audit   '@vitest/expect': [ '3.2.7', '4.1.10' ],
628 silly audit   '@vitest/mocker': [ '3.2.7', '4.1.10' ],
628 silly audit   '@vitest/pretty-format': [ '3.2.7', '4.1.10' ],
628 silly audit   '@vitest/runner': [ '3.2.7', '4.1.10' ],
628 silly audit   '@vitest/snapshot': [ '3.2.7', '4.1.10' ],
628 silly audit   '@vitest/spy': [ '3.2.7', '4.1.10' ],
628 silly audit   '@vitest/utils': [ '3.2.7', '4.1.10' ],
628 silly audit   accepts: [ '2.0.0' ],
628 silly audit   acorn: [ '8.17.0' ],
628 silly audit   'acorn-jsx': [ '5.3.2' ],
628 silly audit   'ajv-formats': [ '3.0.1', '2.1.1' ],
628 silly audit   'ansi-colors': [ '4.1.3' ],
628 silly audit   'ansi-regex': [ '5.0.1', '6.2.2' ],
628 silly audit   'ansi-styles': [ '4.3.0' ],
628 silly audit   argparse: [ '2.0.1' ],
628 silly audit   'aria-query': [ '5.3.2' ],
628 silly audit   'array-buffer-byte-length': [ '1.0.2' ],
628 silly audit   'array-includes': [ '3.1.9' ],
628 silly audit   'array.prototype.findlast': [ '1.2.5' ],
628 silly audit   'array.prototype.findlastindex': [ '1.2.6' ],
628 silly audit   'array.prototype.flat': [ '1.3.3' ],
628 silly audit   'array.prototype.flatmap': [ '1.3.3' ],
628 silly audit   'array.prototype.tosorted': [ '1.1.4' ],
628 silly audit   'arraybuffer.prototype.slice': [ '1.0.4' ],
628 silly audit   'assertion-error': [ '2.0.1' ],
628 silly audit   'ast-types': [ '0.16.1' ],
628 silly audit   'ast-types-flow': [ '0.0.8' ],
628 silly audit   'async-function': [ '1.0.0' ],
628 silly audit   atomically: [ '1.7.0' ],
628 silly audit   'available-typed-arrays': [ '1.0.7' ],
628 silly audit   'axe-core': [ '4.12.1' ],
628 silly audit   'axobject-query': [ '4.1.0' ],
628 silly audit   'baseline-browser-mapping': [ '2.10.44' ],
628 silly audit   'body-parser': [ '2.3.0' ],
628 silly audit   'content-type': [ '2.0.0', '1.0.5' ],
628 silly audit   braces: [ '3.0.3' ],
628 silly audit   browserslist: [ '4.28.6' ],
628 silly audit   'bundle-name': [ '4.1.0' ],
628 silly audit   bytes: [ '3.1.2' ],
628 silly audit   cac: [ '6.7.14' ],
628 silly audit   'call-bind': [ '1.0.9' ],
628 silly audit   'call-bind-apply-helpers': [ '1.0.2' ],
628 silly audit   'call-bound': [ '1.0.4' ],
628 silly audit   callsites: [ '3.1.0' ],
628 silly audit   'caniuse-lite': [ '1.0.30001806' ],
628 silly audit   'canvas-confetti': [ '1.9.4' ],
628 silly audit   chai: [ '5.3.3', '6.2.2' ],
628 silly audit   chalk: [ '4.1.2', '5.6.2' ],
628 silly audit   'check-error': [ '2.1.3' ],
628 silly audit   'class-variance-authority': [ '0.7.1' ],
628 silly audit   'cli-cursor': [ '5.0.0' ],
628 silly audit   'cli-spinners': [ '2.9.2' ],
628 silly audit   'client-only': [ '0.0.1' ],
628 silly audit   clsx: [ '2.1.1' ],
628 silly audit   'code-block-writer': [ '13.0.3' ],
628 silly audit   'color-convert': [ '2.0.1' ],
628 silly audit   'color-name': [ '1.1.4' ],
628 silly audit   'concat-map': [ '0.0.1' ],
628 silly audit   conf: [ '10.2.0' ],
628 silly audit   'json-schema-typed': [ '7.0.3', '8.0.2' ],
628 silly audit   'content-disposition': [ '1.1.0' ],
628 silly audit   'convert-source-map': [ '2.0.0' ],
628 silly audit   cookie: [ '0.7.2' ],
628 silly audit   'cookie-signature': [ '1.2.2' ],
628 silly audit   cors: [ '2.8.6' ],
628 silly audit   cosmiconfig: [ '9.0.2' ],
628 silly audit   'cross-spawn': [ '7.0.6' ],
628 silly audit   cssesc: [ '3.0.0' ],
628 silly audit   csstype: [ '3.2.3' ],
628 silly audit   'd3-array': [ '3.2.4' ],
628 silly audit   'd3-color': [ '3.1.0' ],
628 silly audit   'd3-ease': [ '3.0.1' ],
628 silly audit   'd3-format': [ '3.1.2' ],
628 silly audit   'd3-interpolate': [ '3.0.1' ],
628 silly audit   'd3-path': [ '3.1.0' ],
628 silly audit   'd3-scale': [ '4.0.2' ],
628 silly audit   'd3-shape': [ '3.2.0' ],
628 silly audit   'd3-time': [ '3.1.0' ],
628 silly audit   'd3-time-format': [ '4.1.0' ],
628 silly audit   'd3-timer': [ '3.0.1' ],
628 silly audit   'damerau-levenshtein': [ '1.0.8' ],
628 silly audit   'data-view-buffer': [ '1.0.2' ],
628 silly audit   'data-view-byte-length': [ '1.0.2' ],
628 silly audit   'data-view-byte-offset': [ '1.0.1' ],
628 silly audit   'debounce-fn': [ '4.0.0' ],
628 silly audit   debug: [ '4.4.3', '3.2.7' ],
628 silly audit   'decimal.js-light': [ '2.5.1' ],
628 silly audit   dedent: [ '1.7.2' ],
628 silly audit   'deep-eql': [ '5.0.2' ],
628 silly audit   'deep-is': [ '0.1.4' ],
628 silly audit   deepmerge: [ '4.3.1' ],
628 silly audit   'default-browser': [ '5.5.0' ],
628 silly audit   'default-browser-id': [ '5.0.1' ],
628 silly audit   'define-data-property': [ '1.1.4' ],
628 silly audit   'define-properties': [ '1.2.1' ],
628 silly audit   depd: [ '2.0.0' ],
628 silly audit   'detect-libc': [ '2.1.2' ],
628 silly audit   diff: [ '8.0.4' ],
628 silly audit   doctrine: [ '2.1.0' ],
628 silly audit   'dot-prop': [ '6.0.1' ],
628 silly audit   dotenv: [ '17.4.2' ],
628 silly audit   'dunder-proto': [ '1.0.1' ],
628 silly audit   'ee-first': [ '1.1.1' ],
628 silly audit   'electron-to-chromium': [ '1.5.394' ],
628 silly audit   'emoji-regex': [ '9.2.2', '10.6.0' ],
628 silly audit   encodeurl: [ '2.0.0' ],
628 silly audit   'enhanced-resolve': [ '5.24.3' ],
628 silly audit   enquirer: [ '2.4.1' ],
628 silly audit   'env-paths': [ '2.2.1' ],
628 silly audit   'error-ex': [ '1.3.4' ],
628 silly audit   'es-abstract': [ '1.24.2' ],
628 silly audit   'es-abstract-get': [ '1.0.0' ],
628 silly audit   'es-define-property': [ '1.0.1' ],
628 silly audit   'es-errors': [ '1.3.0' ],
628 silly audit   'es-iterator-helpers': [ '1.4.0' ],
628 silly audit   'es-module-lexer': [ '1.7.0', '2.3.1' ],
628 silly audit   'es-object-atoms': [ '1.1.2' ],
628 silly audit   'es-set-tostringtag': [ '2.1.0' ],
628 silly audit   'es-shim-unscopables': [ '1.1.0' ],
628 silly audit   'es-to-primitive': [ '1.3.4' ],
628 silly audit   'es-toolkit': [ '1.49.0' ],
628 silly audit   esbuild: [ '0.28.1' ],
628 silly audit   escalade: [ '3.2.0' ],
628 silly audit   'escape-html': [ '1.0.3' ],
628 silly audit   'escape-string-regexp': [ '4.0.0' ],
628 silly audit   eslint: [ '9.39.5' ],
628 silly audit   'eslint-config-next': [ '16.2.10' ],
628 silly audit   globals: [ '16.4.0', '14.0.0' ],
628 silly audit   'eslint-import-resolver-node': [ '0.3.10' ],
628 silly audit   'eslint-import-resolver-typescript': [ '3.10.1' ],
628 silly audit   'eslint-module-utils': [ '2.14.0' ],
628 silly audit   'eslint-plugin-import': [ '2.32.0' ],
628 silly audit   'eslint-plugin-jsx-a11y': [ '6.10.2' ],
628 silly audit   'eslint-plugin-react': [ '7.37.5' ],
628 silly audit   'eslint-plugin-react-hooks': [ '7.1.1' ],
628 silly audit   'eslint-scope': [ '8.4.0' ],
628 silly audit   espree: [ '10.4.0' ],
628 silly audit   esprima: [ '4.0.1' ],
628 silly audit   esquery: [ '1.7.0' ],
628 silly audit   esrecurse: [ '4.3.0' ],
628 silly audit   estraverse: [ '5.3.0' ],
628 silly audit   'estree-walker': [ '3.0.3' ],
628 silly audit   esutils: [ '2.0.3' ],
628 silly audit   etag: [ '1.8.1' ],
628 silly audit   eventemitter3: [ '5.0.4' ],
628 silly audit   eventsource: [ '3.0.7' ],
628 silly audit   'eventsource-parser': [ '3.1.0' ],
628 silly audit   'expect-type': [ '1.4.0' ],
628 silly audit   express: [ '5.2.1' ],
628 silly audit   'express-rate-limit': [ '8.6.0' ],
628 silly audit   'fast-deep-equal': [ '3.1.3' ],
628 silly audit   'fast-json-stable-stringify': [ '2.1.0' ],
628 silly audit   'fast-levenshtein': [ '2.0.6' ],
628 silly audit   'fast-uri': [ '3.1.4' ],
628 silly audit   fastq: [ '1.20.1' ],
628 silly audit   figures: [ '6.1.0' ],
628 silly audit   'file-entry-cache': [ '8.0.0' ],
628 silly audit   'fill-range': [ '7.1.1' ],
628 silly audit   finalhandler: [ '2.1.1' ],
628 silly audit   'find-up': [ '5.0.0', '3.0.0' ],
628 silly audit   'flat-cache': [ '4.0.1' ],
628 silly audit   flatted: [ '3.4.2' ],
628 silly audit   'for-each': [ '0.3.5' ],
628 silly audit   forwarded: [ '0.2.0' ],
628 silly audit   'framer-motion': [ '12.42.2' ],
628 silly audit   fresh: [ '2.0.0' ],
628 silly audit   'fs-extra': [ '11.3.6' ],
628 silly audit   fsevents: [ '2.3.3' ],
628 silly audit   'function-bind': [ '1.1.2' ],
628 silly audit   'function.prototype.name': [ '1.2.0' ],
628 silly audit   'functions-have-names': [ '1.2.3' ],
628 silly audit   fuzzysort: [ '3.1.0' ],
628 silly audit   'generator-function': [ '2.0.1' ],
628 silly audit   gensync: [ '1.0.0-beta.2' ],
628 silly audit   'get-east-asian-width': [ '1.6.0' ],
628 silly audit   'get-intrinsic': [ '1.3.0' ],
628 silly audit   'get-own-enumerable-keys': [ '1.0.0' ],
628 silly audit   'get-proto': [ '1.0.1' ],
628 silly audit   'get-symbol-description': [ '1.1.0' ],
628 silly audit   'get-tsconfig': [ '4.14.0' ],
628 silly audit   globalthis: [ '1.0.4' ],
628 silly audit   gopd: [ '1.2.0' ],
628 silly audit   'graceful-fs': [ '4.2.11' ],
628 silly audit   'has-bigints': [ '1.1.0' ],
628 silly audit   'has-flag': [ '4.0.0' ],
628 silly audit   'has-property-descriptors': [ '1.0.2' ],
628 silly audit   'has-proto': [ '1.2.0' ],
628 silly audit   'has-symbols': [ '1.1.0' ],
628 silly audit   'has-tostringtag': [ '1.0.2' ],
628 silly audit   hasown: [ '2.0.4' ],
628 silly audit   'hermes-estree': [ '0.25.1' ],
628 silly audit   'hermes-parser': [ '0.25.1' ],
628 silly audit   hono: [ '4.12.31' ],
628 silly audit   'http-errors': [ '2.0.1' ],
628 silly audit   'iceberg-js': [ '0.8.1' ],
628 silly audit   'iconv-lite': [ '0.7.3' ],
628 silly audit   'import-fresh': [ '3.3.1' ],
628 silly audit   imurmurhash: [ '0.1.4' ],
628 silly audit   inherits: [ '2.0.4' ],
628 silly audit   'internal-slot': [ '1.1.0' ],
628 silly audit   internmap: [ '2.0.3' ],
628 silly audit   'ip-address': [ '10.2.0' ],
628 silly audit   'ipaddr.js': [ '1.9.1' ],
628 silly audit   'is-array-buffer': [ '3.0.5' ],
628 silly audit   'is-arrayish': [ '0.2.1' ],
628 silly audit   'is-async-function': [ '2.1.1' ],
628 silly audit   'is-bigint': [ '1.1.0' ],
628 silly audit   'is-boolean-object': [ '1.2.2' ],
628 silly audit   'is-bun-module': [ '2.0.0' ],
628 silly audit   'is-callable': [ '1.2.7' ],
628 silly audit   'is-core-module': [ '2.16.2' ],
628 silly audit   'is-data-view': [ '1.0.2' ],
628 silly audit   'is-date-object': [ '1.1.0' ],
628 silly audit   'is-document.all': [ '1.0.0' ],
628 silly audit   'is-extglob': [ '2.1.1' ],
628 silly audit   'is-finalizationregistry': [ '1.1.1' ],
628 silly audit   'is-generator-function': [ '1.1.2' ],
628 silly audit   'is-glob': [ '4.0.3' ],
628 silly audit   'is-in-ssh': [ '1.0.0' ],
628 silly audit   'is-inside-container': [ '1.0.0' ],
628 silly audit   'is-interactive': [ '2.0.0' ],
628 silly audit   'is-map': [ '2.0.3' ],
628 silly audit   'is-negative-zero': [ '2.0.3' ],
628 silly audit   'is-number': [ '7.0.0' ],
628 silly audit   'is-number-object': [ '1.1.1' ],
628 silly audit   'is-obj': [ '2.0.0', '3.0.0' ],
628 silly audit   'is-plain-obj': [ '4.1.0' ],
628 silly audit   'is-promise': [ '4.0.0' ],
628 silly audit   'is-regex': [ '1.2.1' ],
628 silly audit   'is-regexp': [ '3.1.0' ],
628 silly audit   'is-set': [ '2.0.3' ],
628 silly audit   'is-shared-array-buffer': [ '1.0.4' ],
628 silly audit   'is-string': [ '1.1.1' ],
628 silly audit   'is-symbol': [ '1.1.1' ],
628 silly audit   'is-typed-array': [ '1.1.15' ],
628 silly audit   'is-unicode-supported': [ '2.1.0', '1.3.0' ],
628 silly audit   'is-weakmap': [ '2.0.2' ],
628 silly audit   'is-weakref': [ '1.1.1' ],
628 silly audit   'is-weakset': [ '2.0.4' ],
628 silly audit   isarray: [ '2.0.5' ],
628 silly audit   'iterator.prototype': [ '1.1.5' ],
628 silly audit   jiti: [ '2.7.0' ],
628 silly audit   jose: [ '6.2.3' ],
628 silly audit   'js-tokens': [ '4.0.0', '9.0.1' ],
628 silly audit   'js-yaml': [ '4.3.0' ],
628 silly audit   jsesc: [ '3.1.0' ],
628 silly audit   'json-buffer': [ '3.0.1' ],
628 silly audit   'json-parse-even-better-errors': [ '2.3.1' ],
628 silly audit   'json-stable-stringify-without-jsonify': [ '1.0.1' ],
628 silly audit   json5: [ '2.2.3', '1.0.2' ],
628 silly audit   jsonfile: [ '6.2.1' ],
628 silly audit   'jsx-ast-utils': [ '3.3.5' ],
628 silly audit   keyv: [ '4.5.4' ],
628 silly audit   kleur: [ '4.1.5', '3.0.3' ],
628 silly audit   'language-subtag-registry': [ '0.3.23' ],
628 silly audit   'language-tags': [ '1.0.9' ],
628 silly audit   levn: [ '0.4.1' ],
628 silly audit   lightningcss: [ '1.32.0' ],
628 silly audit   'lightningcss-android-arm64': [ '1.32.0' ],
628 silly audit   'lightningcss-darwin-arm64': [ '1.32.0' ],
628 silly audit   'lightningcss-darwin-x64': [ '1.32.0' ],
628 silly audit   'lightningcss-freebsd-x64': [ '1.32.0' ],
628 silly audit   'lightningcss-linux-arm-gnueabihf': [ '1.32.0' ],
628 silly audit   'lightningcss-linux-arm64-gnu': [ '1.32.0' ],
628 silly audit   'lightningcss-linux-arm64-musl': [ '1.32.0' ],
628 silly audit   'lightningcss-linux-x64-gnu': [ '1.32.0' ],
628 silly audit   'lightningcss-linux-x64-musl': [ '1.32.0' ],
628 silly audit   'lightningcss-win32-arm64-msvc': [ '1.32.0' ],
628 silly audit   'lightningcss-win32-x64-msvc': [ '1.32.0' ],
628 silly audit   'lines-and-columns': [ '1.2.4' ],
628 silly audit   'locate-path': [ '6.0.0', '3.0.0' ],
628 silly audit   'lodash.merge': [ '4.6.2' ],
628 silly audit   'log-symbols': [ '6.0.0' ],
628 silly audit   'loose-envify': [ '1.4.0' ],
628 silly audit   loupe: [ '3.2.1' ],
628 silly audit   'lru-cache': [ '5.1.1' ],
628 silly audit   'lucide-react': [ '1.25.0' ],
628 silly audit   'magic-string': [ '0.30.21' ],
628 silly audit   'math-intrinsics': [ '1.1.0' ],
628 silly audit   'media-typer': [ '1.1.0' ],
628 silly audit   'merge-descriptors': [ '2.0.0' ],
628 silly audit   'merge-stream': [ '2.0.0' ],
628 silly audit   merge2: [ '1.4.1' ],
628 silly audit   micromatch: [ '4.0.8' ],
628 silly audit   'mime-db': [ '1.54.0' ],
628 silly audit   'mime-types': [ '3.0.2' ],
628 silly audit   'mimic-fn': [ '3.1.0', '2.1.0' ],
628 silly audit   'mimic-function': [ '5.0.1' ],
628 silly audit   minimist: [ '1.2.8' ],
628 silly audit   'motion-dom': [ '12.42.2' ],
628 silly audit   'motion-utils': [ '12.39.0' ],
628 silly audit   ms: [ '2.1.3' ],
628 silly audit   nanoid: [ '3.3.16' ],
628 silly audit   'napi-postinstall': [ '0.3.4' ],
628 silly audit   'natural-compare': [ '1.4.0' ],
628 silly audit   negotiator: [ '1.0.0' ],
628 silly audit   next: [ '16.2.10' ],
628 silly audit   'next-themes': [ '0.4.6' ],
628 silly audit   postcss: [ '8.4.31', '8.5.20' ],
628 silly audit   'node-exports-info': [ '1.6.2' ],
628 silly audit   'node-releases': [ '2.0.51' ],
628 silly audit   'path-key': [ '4.0.0', '3.1.1' ],
628 silly audit   'object-assign': [ '4.1.1' ],
628 silly audit   'object-inspect': [ '1.13.4' ],
628 silly audit   'object-keys': [ '1.1.1' ],
628 silly audit   'object-treeify': [ '1.1.33' ],
628 silly audit   'object.assign': [ '4.1.7' ],
628 silly audit   'object.entries': [ '1.1.9' ],
628 silly audit   'object.fromentries': [ '2.0.8' ],
628 silly audit   'object.groupby': [ '1.0.3' ],
628 silly audit   'object.values': [ '1.2.1' ],
628 silly audit   obug: [ '2.1.4' ],
628 silly audit   'on-finished': [ '2.4.1' ],
628 silly audit   once: [ '1.4.0' ],
628 silly audit   onetime: [ '5.1.2', '7.0.0' ],
628 silly audit   optionator: [ '0.9.4' ],
628 silly audit   ora: [ '8.2.0' ],
628 silly audit   'string-width': [ '7.2.0' ],
628 silly audit   'strip-ansi': [ '7.2.0', '6.0.1' ],
628 silly audit   'own-keys': [ '1.0.1' ],
628 silly audit   'p-limit': [ '3.1.0', '2.3.0' ],
628 silly audit   'p-locate': [ '5.0.0', '3.0.0' ],
628 silly audit   'p-try': [ '2.2.0' ],
628 silly audit   'parent-module': [ '1.0.1' ],
628 silly audit   'parse-json': [ '5.2.0' ],
628 silly audit   'parse-ms': [ '4.0.0' ],
628 silly audit   parseurl: [ '1.3.3' ],
628 silly audit   'path-browserify': [ '1.0.1' ],
628 silly audit   'path-exists': [ '4.0.0', '3.0.0' ],
628 silly audit   'path-parse': [ '1.0.7' ],
628 silly audit   'path-to-regexp': [ '8.4.2' ],
628 silly audit   pathe: [ '2.0.3' ],
628 silly audit   pathval: [ '2.0.1' ],
628 silly audit   picocolors: [ '1.1.1' ],
628 silly audit   'pkce-challenge': [ '5.0.1' ],
628 silly audit   'pkg-up': [ '3.1.0' ],
628 silly audit   'possible-typed-array-names': [ '1.1.0' ],
628 silly audit   'postcss-selector-parser': [ '7.1.4' ],
628 silly audit   'powershell-utils': [ '0.1.0' ],
628 silly audit   'prelude-ls': [ '1.2.1' ],
628 silly audit   'pretty-ms': [ '9.3.0' ],
628 silly audit   prompts: [ '2.4.2' ],
628 silly audit   'prop-types': [ '15.8.1' ],
628 silly audit   'proxy-addr': [ '2.0.7' ],
628 silly audit   punycode: [ '2.3.1' ],
628 silly audit   qs: [ '6.15.3' ],
628 silly audit   'queue-microtask': [ '1.2.3' ],
628 silly audit   'range-parser': [ '1.3.0' ],
628 silly audit   'raw-body': [ '3.0.2' ],
628 silly audit   react: [ '19.2.7' ],
628 silly audit   'react-dom': [ '19.2.7' ],
628 silly audit   'react-icons': [ '5.7.0' ],
628 silly audit   'react-is': [ '16.13.1' ],
628 silly audit   'react-redux': [ '9.3.0' ],
628 silly audit   recast: [ '0.23.12' ],
628 silly audit   recharts: [ '3.8.0' ],
628 silly audit   reselect: [ '5.1.1', '5.2.0' ],
628 silly audit   redux: [ '5.0.1' ],
628 silly audit   'redux-thunk': [ '3.1.0' ],
628 silly audit   'reflect.getprototypeof': [ '1.0.10' ],
628 silly audit   'regexp.prototype.flags': [ '1.5.4' ],
628 silly audit   'require-from-string': [ '2.0.2' ],
628 silly audit   resolve: [ '2.0.0-next.7' ],
628 silly audit   'resolve-from': [ '4.0.0' ],
628 silly audit   'resolve-pkg-maps': [ '1.0.0' ],
628 silly audit   'restore-cursor': [ '5.1.0' ],
628 silly audit   reusify: [ '1.1.0' ],
628 silly audit   rollup: [ '4.62.2' ],
628 silly audit   router: [ '2.2.0' ],
628 silly audit   'run-applescript': [ '7.1.0' ],
628 silly audit   'run-parallel': [ '1.2.0' ],
628 silly audit   'safe-array-concat': [ '1.1.4' ],
628 silly audit   'safe-push-apply': [ '1.0.0' ],
628 silly audit   'safe-regex-test': [ '1.1.0' ],
628 silly audit   'safer-buffer': [ '2.1.2' ],
628 silly audit   scheduler: [ '0.27.0' ],
628 silly audit   send: [ '1.2.1' ],
628 silly audit   'serve-static': [ '2.2.1' ],
628 silly audit   'set-function-length': [ '1.2.2' ],
628 silly audit   'set-function-name': [ '2.0.2' ],
628 silly audit   'set-proto': [ '1.0.0' ],
628 silly audit   setprototypeof: [ '1.2.0' ],
628 silly audit   shadcn: [ '4.13.1' ],
628 silly audit   'tsconfig-paths': [ '4.2.0', '3.15.0' ],
628 silly audit   zod: [ '3.25.76', '4.4.3' ],
628 silly audit   sharp: [ '0.34.5' ],
628 silly audit   'shebang-command': [ '2.0.0' ],
628 silly audit   'shebang-regex': [ '3.0.0' ],
628 silly audit   'side-channel': [ '1.1.1' ],
628 silly audit   'side-channel-list': [ '1.0.1' ],
628 silly audit   'side-channel-map': [ '1.0.1' ],
628 silly audit   'side-channel-weakmap': [ '1.0.2' ],
628 silly audit   siginfo: [ '2.0.0' ],
628 silly audit   sisteransi: [ '1.0.5' ],
628 silly audit   sonner: [ '2.0.7' ],
628 silly audit   'source-map': [ '0.6.1' ],
628 silly audit   'source-map-js': [ '1.2.1' ],
628 silly audit   'stable-hash': [ '0.0.5' ],
628 silly audit   stackback: [ '0.0.2' ],
628 silly audit   statuses: [ '2.0.2' ],
628 silly audit   'std-env': [ '3.10.0', '4.2.0' ],
628 silly audit   'stdin-discarder': [ '0.2.2' ],
628 silly audit   'stop-iteration-iterator': [ '1.1.0' ],
628 silly audit   'string.prototype.includes': [ '2.0.1' ],
628 silly audit   'string.prototype.matchall': [ '4.0.12' ],
628 silly audit   'string.prototype.repeat': [ '1.0.0' ],
628 silly audit   'string.prototype.trim': [ '1.2.11' ],
628 silly audit   'string.prototype.trimend': [ '1.0.10' ],
628 silly audit   'string.prototype.trimstart': [ '1.0.8' ],
628 silly audit   'stringify-object': [ '5.0.0' ],
628 silly audit   'strip-bom': [ '3.0.0' ],
628 silly audit   'strip-json-comments': [ '3.1.1' ],
628 silly audit   'strip-literal': [ '3.1.0' ],
628 silly audit   'styled-jsx': [ '5.1.6' ],
628 silly audit   'supports-color': [ '7.2.0' ],
628 silly audit   'supports-preserve-symlinks-flag': [ '1.0.0' ],
628 silly audit   systeminformation: [ '5.33.0' ],
628 silly audit   'tailwind-merge': [ '3.6.0' ],
628 silly audit   tailwindcss: [ '4.3.3' ],
628 silly audit   tapable: [ '2.3.3' ],
628 silly audit   'tiny-invariant': [ '1.3.3' ],
628 silly audit   tinybench: [ '2.9.0' ],
628 silly audit   tinyexec: [ '0.3.2', '1.2.4' ],
628 silly audit   tinyglobby: [ '0.2.17' ],
628 silly audit   tinypool: [ '1.1.1' ],
628 silly audit   tinyrainbow: [ '2.0.0', '3.1.0' ],
628 silly audit   tinyspy: [ '4.0.4' ],
628 silly audit   'to-regex-range': [ '5.0.1' ],
628 silly audit   toidentifier: [ '1.0.1' ],
628 silly audit   'ts-api-utils': [ '2.5.0' ],
628 silly audit   'ts-morph': [ '26.0.0' ],
628 silly audit   tsx: [ '4.23.1' ],
628 silly audit   'tw-animate-css': [ '1.4.0' ],
628 silly audit   'type-check': [ '0.4.0' ],
628 silly audit   'type-is': [ '2.1.0' ],
628 silly audit   'typed-array-buffer': [ '1.0.3' ],
628 silly audit   'typed-array-byte-length': [ '1.0.3' ],
628 silly audit   'typed-array-byte-offset': [ '1.0.4' ],
628 silly audit   'typed-array-length': [ '1.0.8' ],
628 silly audit   typescript: [ '6.0.3', '5.9.3' ],
628 silly audit   'typescript-eslint': [ '8.65.0' ],
628 silly audit   'unbox-primitive': [ '1.1.0' ],
628 silly audit   undici: [ '7.28.0' ],
628 silly audit   'undici-types': [ '8.3.0' ],
628 silly audit   'unicorn-magic': [ '0.3.0' ],
628 silly audit   universalify: [ '2.0.1' ],
628 silly audit   unpipe: [ '1.0.0' ],
628 silly audit   'unrs-resolver': [ '1.12.2' ],
628 silly audit   'update-browserslist-db': [ '1.2.3' ],
628 silly audit   'uri-js': [ '4.4.1' ],
628 silly audit   'use-sync-external-store': [ '1.6.0' ],
628 silly audit   'util-deprecate': [ '1.0.2' ],
628 silly audit   'validate-npm-package-name': [ '7.0.2' ],
628 silly audit   vary: [ '1.1.2' ],
628 silly audit   'victory-vendor': [ '37.3.6' ],
628 silly audit   vite: [ '7.3.6' ],
628 silly audit   'vite-node': [ '3.2.4' ],
628 silly audit   vitest: [ '4.1.10', '3.2.7' ],
628 silly audit   'which-boxed-primitive': [ '1.1.1' ],
628 silly audit   'which-builtin-type': [ '1.2.1' ],
628 silly audit   'which-collection': [ '1.0.2' ],
628 silly audit   'which-typed-array': [ '1.1.22' ],
628 silly audit   'why-is-node-running': [ '2.3.0' ],
628 silly audit   'word-wrap': [ '1.2.5' ],
628 silly audit   wrappy: [ '1.0.2' ],
628 silly audit   ws: [ '8.21.1' ],
628 silly audit   'wsl-utils': [ '0.3.1' ],
628 silly audit   yallist: [ '3.1.1' ],
628 silly audit   'yocto-queue': [ '0.1.0' ],
628 silly audit   'yocto-spinner': [ '1.2.2' ],
628 silly audit   yoctocolors: [ '2.1.2' ],
628 silly audit   'zod-to-json-schema': [ '3.25.2' ],
628 silly audit   'zod-validation-error': [ '4.0.2' ]
628 silly audit }
629 http cache @vitest/utils@https://registry.npmjs.org/@vitest/utils/-/utils-3.2.7.tgz 2ms (cache hit)
630 http cache @vitest/spy@https://registry.npmjs.org/@vitest/spy/-/spy-3.2.7.tgz 1ms (cache hit)
631 http cache @vitest/snapshot@https://registry.npmjs.org/@vitest/snapshot/-/snapshot-3.2.7.tgz 0ms (cache hit)
632 http cache @vitest/pretty-format@https://registry.npmjs.org/@vitest/pretty-format/-/pretty-format-3.2.7.tgz 0ms (cache hit)
633 http cache @unrs/resolver-binding-win32-x64-msvc@https://registry.npmjs.org/@unrs/resolver-binding-win32-x64-msvc/-/resolver-binding-win32-x64-msvc-1.12.2.tgz 0ms (cache hit)
634 http cache @typescript-eslint/utils@https://registry.npmjs.org/@typescript-eslint/utils/-/utils-8.65.0.tgz 0ms (cache hit)
635 http cache @typescript-eslint/visitor-keys@https://registry.npmjs.org/@typescript-eslint/visitor-keys/-/visitor-keys-8.65.0.tgz 0ms (cache hit)
636 http cache @vitest/runner@https://registry.npmjs.org/@vitest/runner/-/runner-3.2.7.tgz 0ms (cache hit)
637 http cache @vitest/expect@https://registry.npmjs.org/@vitest/expect/-/expect-3.2.7.tgz 0ms (cache hit)
638 http cache @vitest/mocker@https://registry.npmjs.org/@vitest/mocker/-/mocker-3.2.7.tgz 0ms (cache hit)
639 http cache @typescript-eslint/typescript-estree@https://registry.npmjs.org/@typescript-eslint/typescript-estree/-/typescript-estree-8.65.0.tgz 0ms (cache hit)
640 http cache @typescript-eslint/types@https://registry.npmjs.org/@typescript-eslint/types/-/types-8.65.0.tgz 0ms (cache hit)
641 http cache @typescript-eslint/type-utils@https://registry.npmjs.org/@typescript-eslint/type-utils/-/type-utils-8.65.0.tgz 0ms (cache hit)
642 http cache @typescript-eslint/parser@https://registry.npmjs.org/@typescript-eslint/parser/-/parser-8.65.0.tgz 0ms (cache hit)
643 http cache @typescript-eslint/scope-manager@https://registry.npmjs.org/@typescript-eslint/scope-manager/-/scope-manager-8.65.0.tgz 0ms (cache hit)
644 http cache @types/validate-npm-package-name@https://registry.npmjs.org/@types/validate-npm-package-name/-/validate-npm-package-name-4.0.2.tgz 0ms (cache hit)
645 http cache @ts-morph/common@https://registry.npmjs.org/@ts-morph/common/-/common-0.27.0.tgz 0ms (cache hit)
646 http cache @types/use-sync-external-store@https://registry.npmjs.org/@types/use-sync-external-store/-/use-sync-external-store-0.0.6.tgz 0ms (cache hit)
647 http cache @typescript-eslint/project-service@https://registry.npmjs.org/@typescript-eslint/project-service/-/project-service-8.65.0.tgz 0ms (cache hit)
648 http cache @typescript-eslint/eslint-plugin@https://registry.npmjs.org/@typescript-eslint/eslint-plugin/-/eslint-plugin-8.65.0.tgz 0ms (cache hit)
649 http cache @typescript-eslint/tsconfig-utils@https://registry.npmjs.org/@typescript-eslint/tsconfig-utils/-/tsconfig-utils-8.65.0.tgz 0ms (cache hit)
650 http cache @types/react-dom@https://registry.npmjs.org/@types/react-dom/-/react-dom-19.2.3.tgz 0ms (cache hit)
651 http cache @types/react@https://registry.npmjs.org/@types/react/-/react-19.2.17.tgz 0ms (cache hit)
652 http cache @types/ws@https://registry.npmjs.org/@types/ws/-/ws-8.18.1.tgz 0ms (cache hit)
653 http cache @types/json-schema@https://registry.npmjs.org/@types/json-schema/-/json-schema-7.0.15.tgz 0ms (cache hit)
654 http cache @types/node@https://registry.npmjs.org/@types/node/-/node-26.1.1.tgz 0ms (cache hit)
655 http cache @types/json5@https://registry.npmjs.org/@types/json5/-/json5-0.0.29.tgz 0ms (cache hit)
656 http cache @types/estree@https://registry.npmjs.org/@types/estree/-/estree-1.0.9.tgz 0ms (cache hit)
657 http cache @types/d3-time@https://registry.npmjs.org/@types/d3-time/-/d3-time-3.0.4.tgz 0ms (cache hit)
658 http cache @types/d3-shape@https://registry.npmjs.org/@types/d3-shape/-/d3-shape-3.1.8.tgz 0ms (cache hit)
659 http cache @types/deep-eql@https://registry.npmjs.org/@types/deep-eql/-/deep-eql-4.0.2.tgz 0ms (cache hit)
660 http cache @types/d3-scale@https://registry.npmjs.org/@types/d3-scale/-/d3-scale-4.0.9.tgz 0ms (cache hit)
661 http cache @types/d3-ease@https://registry.npmjs.org/@types/d3-ease/-/d3-ease-3.0.2.tgz 0ms (cache hit)
662 http cache @types/d3-interpolate@https://registry.npmjs.org/@types/d3-interpolate/-/d3-interpolate-3.0.4.tgz 0ms (cache hit)
663 http cache @types/d3-color@https://registry.npmjs.org/@types/d3-color/-/d3-color-3.1.3.tgz 0ms (cache hit)
664 http cache @types/d3-array@https://registry.npmjs.org/@types/d3-array/-/d3-array-3.2.2.tgz 0ms (cache hit)
665 http cache @types/chai@https://registry.npmjs.org/@types/chai/-/chai-5.2.3.tgz 0ms (cache hit)
666 http cache @tailwindcss/postcss@https://registry.npmjs.org/@tailwindcss/postcss/-/postcss-4.3.3.tgz 0ms (cache hit)
667 http cache @types/d3-timer@https://registry.npmjs.org/@types/d3-timer/-/d3-timer-3.0.2.tgz 0ms (cache hit)
668 http cache @tailwindcss/oxide-win32-x64-msvc@https://registry.npmjs.org/@tailwindcss/oxide-win32-x64-msvc/-/oxide-win32-x64-msvc-4.3.3.tgz 1ms (cache hit)
669 http cache @tailwindcss/oxide@https://registry.npmjs.org/@tailwindcss/oxide/-/oxide-4.3.3.tgz 0ms (cache hit)
670 http cache @tailwindcss/node@https://registry.npmjs.org/@tailwindcss/node/-/node-4.3.3.tgz 0ms (cache hit)
671 http cache @supabase/supabase-js@https://registry.npmjs.org/@supabase/supabase-js/-/supabase-js-2.109.0.tgz 0ms (cache hit)
672 http cache @swc/helpers@https://registry.npmjs.org/@swc/helpers/-/helpers-0.5.15.tgz 0ms (cache hit)
673 http cache @supabase/storage-js@https://registry.npmjs.org/@supabase/storage-js/-/storage-js-2.109.0.tgz 0ms (cache hit)
674 http cache @supabase/postgrest-js@https://registry.npmjs.org/@supabase/postgrest-js/-/postgrest-js-2.109.0.tgz 0ms (cache hit)
675 http cache @supabase/realtime-js@https://registry.npmjs.org/@supabase/realtime-js/-/realtime-js-2.109.0.tgz 0ms (cache hit)
676 http cache @standard-schema/utils@https://registry.npmjs.org/@standard-schema/utils/-/utils-0.3.0.tgz 0ms (cache hit)
677 http cache @sec-ant/readable-stream@https://registry.npmjs.org/@sec-ant/readable-stream/-/readable-stream-0.4.1.tgz 0ms (cache hit)
678 http cache @standard-schema/spec@https://registry.npmjs.org/@standard-schema/spec/-/spec-1.1.0.tgz 0ms (cache hit)
679 http cache @supabase/functions-js@https://registry.npmjs.org/@supabase/functions-js/-/functions-js-2.109.0.tgz 0ms (cache hit)
680 http cache @supabase/phoenix@https://registry.npmjs.org/@supabase/phoenix/-/phoenix-0.4.4.tgz 0ms (cache hit)
681 http cache @supabase/auth-js@https://registry.npmjs.org/@supabase/auth-js/-/auth-js-2.109.0.tgz 0ms (cache hit)
682 http cache @sindresorhus/merge-streams@https://registry.npmjs.org/@sindresorhus/merge-streams/-/merge-streams-4.0.0.tgz 0ms (cache hit)
683 http cache @rtsao/scc@https://registry.npmjs.org/@rtsao/scc/-/scc-1.1.0.tgz 0ms (cache hit)
684 http cache @rollup/rollup-win32-x64-gnu@https://registry.npmjs.org/@rollup/rollup-win32-x64-gnu/-/rollup-win32-x64-gnu-4.62.2.tgz 0ms (cache hit)
685 http cache @rollup/rollup-win32-x64-msvc@https://registry.npmjs.org/@rollup/rollup-win32-x64-msvc/-/rollup-win32-x64-msvc-4.62.2.tgz 0ms (cache hit)
686 http cache @types/d3-path@https://registry.npmjs.org/@types/d3-path/-/d3-path-3.1.1.tgz 0ms (cache hit)
687 http cache @reduxjs/toolkit@https://registry.npmjs.org/@reduxjs/toolkit/-/toolkit-2.12.0.tgz 0ms (cache hit)
688 http cache @nolyfill/is-core-module@https://registry.npmjs.org/@nolyfill/is-core-module/-/is-core-module-1.0.39.tgz 0ms (cache hit)
689 http cache @modelcontextprotocol/sdk@https://registry.npmjs.org/@modelcontextprotocol/sdk/-/sdk-1.29.0.tgz 0ms (cache hit)
690 http cache @next/swc-win32-x64-msvc@https://registry.npmjs.org/@next/swc-win32-x64-msvc/-/swc-win32-x64-msvc-16.2.10.tgz 0ms (cache hit)
691 http cache @nodelib/fs.scandir@https://registry.npmjs.org/@nodelib/fs.scandir/-/fs.scandir-2.1.5.tgz 0ms (cache hit)
692 http cache @nodelib/fs.walk@https://registry.npmjs.org/@nodelib/fs.walk/-/fs.walk-1.2.8.tgz 0ms (cache hit)
693 http cache @next/env@https://registry.npmjs.org/@next/env/-/env-16.2.10.tgz 0ms (cache hit)
694 http cache @next/eslint-plugin-next@https://registry.npmjs.org/@next/eslint-plugin-next/-/eslint-plugin-next-16.2.10.tgz 0ms (cache hit)
695 http cache @jridgewell/sourcemap-codec@https://registry.npmjs.org/@jridgewell/sourcemap-codec/-/sourcemap-codec-1.5.5.tgz 0ms (cache hit)
696 http cache @jridgewell/trace-mapping@https://registry.npmjs.org/@jridgewell/trace-mapping/-/trace-mapping-0.3.31.tgz 0ms (cache hit)
697 http cache @jridgewell/resolve-uri@https://registry.npmjs.org/@jridgewell/resolve-uri/-/resolve-uri-3.1.2.tgz 0ms (cache hit)
698 http cache @jridgewell/remapping@https://registry.npmjs.org/@jridgewell/remapping/-/remapping-2.3.5.tgz 0ms (cache hit)
699 http cache @jridgewell/gen-mapping@https://registry.npmjs.org/@jridgewell/gen-mapping/-/gen-mapping-0.3.13.tgz 0ms (cache hit)
700 http cache @img/sharp-win32-x64@https://registry.npmjs.org/@img/sharp-win32-x64/-/sharp-win32-x64-0.34.5.tgz 0ms (cache hit)
701 http cache @humanwhocodes/retry@https://registry.npmjs.org/@humanwhocodes/retry/-/retry-0.4.3.tgz 0ms (cache hit)
702 http cache @humanwhocodes/module-importer@https://registry.npmjs.org/@humanwhocodes/module-importer/-/module-importer-1.0.1.tgz 0ms (cache hit)
703 http cache @img/colour@https://registry.npmjs.org/@img/colour/-/colour-1.1.0.tgz 0ms (cache hit)
704 http cache @floating-ui/utils@https://registry.npmjs.org/@floating-ui/utils/-/utils-0.2.12.tgz 0ms (cache hit)
705 http cache @hono/node-server@https://registry.npmjs.org/@hono/node-server/-/node-server-1.19.14.tgz 0ms (cache hit)
706 http cache @humanfs/node@https://registry.npmjs.org/@humanfs/node/-/node-0.16.8.tgz 0ms (cache hit)
707 http cache @humanfs/types@https://registry.npmjs.org/@humanfs/types/-/types-0.15.0.tgz 0ms (cache hit)
708 http cache @humanfs/core@https://registry.npmjs.org/@humanfs/core/-/core-0.19.2.tgz 0ms (cache hit)
709 http cache @eslint-community/regexpp@https://registry.npmjs.org/@eslint-community/regexpp/-/regexpp-4.12.2.tgz 0ms (cache hit)
710 http cache @floating-ui/react-dom@https://registry.npmjs.org/@floating-ui/react-dom/-/react-dom-2.1.9.tgz 0ms (cache hit)
711 http cache @floating-ui/core@https://registry.npmjs.org/@floating-ui/core/-/core-1.8.0.tgz 0ms (cache hit)
712 http cache @eslint-community/eslint-utils@https://registry.npmjs.org/@eslint-community/eslint-utils/-/eslint-utils-4.9.1.tgz 1ms (cache hit)
713 http cache @eslint/object-schema@https://registry.npmjs.org/@eslint/object-schema/-/object-schema-2.1.7.tgz 0ms (cache hit)
714 http cache @eslint/plugin-kit@https://registry.npmjs.org/@eslint/plugin-kit/-/plugin-kit-0.4.1.tgz 0ms (cache hit)
715 http cache @eslint/js@https://registry.npmjs.org/@eslint/js/-/js-9.39.5.tgz 0ms (cache hit)
716 http cache @eslint/eslintrc@https://registry.npmjs.org/@eslint/eslintrc/-/eslintrc-3.3.6.tgz 0ms (cache hit)
717 http cache @eslint/core@https://registry.npmjs.org/@eslint/core/-/core-0.17.0.tgz 0ms (cache hit)
718 http cache @esbuild/win32-x64@https://registry.npmjs.org/@esbuild/win32-x64/-/win32-x64-0.28.1.tgz 0ms (cache hit)
719 http cache @floating-ui/dom@https://registry.npmjs.org/@floating-ui/dom/-/dom-1.8.0.tgz 0ms (cache hit)
720 http cache @eslint/config-array@https://registry.npmjs.org/@eslint/config-array/-/config-array-0.21.2.tgz 0ms (cache hit)
721 http cache @eslint/config-helpers@https://registry.npmjs.org/@eslint/config-helpers/-/config-helpers-0.4.2.tgz 1ms (cache hit)
722 http cache @dotenvx/dotenvx@https://registry.npmjs.org/@dotenvx/dotenvx/-/dotenvx-1.75.1.tgz 0ms (cache hit)
723 http cache @dotenvx/primitives@https://registry.npmjs.org/@dotenvx/primitives/-/primitives-0.8.0.tgz 0ms (cache hit)
724 http cache @base-ui/utils@https://registry.npmjs.org/@base-ui/utils/-/utils-0.3.1.tgz 0ms (cache hit)
725 http cache @base-ui/react@https://registry.npmjs.org/@base-ui/react/-/react-1.6.0.tgz 0ms (cache hit)
726 http cache @babel/template@https://registry.npmjs.org/@babel/template/-/template-7.29.7.tgz 0ms (cache hit)
727 http cache @babel/types@https://registry.npmjs.org/@babel/types/-/types-7.29.7.tgz 0ms (cache hit)
728 http cache @babel/runtime@https://registry.npmjs.org/@babel/runtime/-/runtime-7.29.7.tgz 0ms (cache hit)
729 http cache @babel/traverse@https://registry.npmjs.org/@babel/traverse/-/traverse-7.29.7.tgz 0ms (cache hit)
730 http cache @babel/preset-typescript@https://registry.npmjs.org/@babel/preset-typescript/-/preset-typescript-7.29.7.tgz 0ms (cache hit)
731 http cache @babel/plugin-transform-typescript@https://registry.npmjs.org/@babel/plugin-transform-typescript/-/plugin-transform-typescript-7.29.7.tgz 0ms (cache hit)
732 http cache @babel/plugin-syntax-typescript@https://registry.npmjs.org/@babel/plugin-syntax-typescript/-/plugin-syntax-typescript-7.29.7.tgz 0ms (cache hit)
733 http cache @babel/plugin-transform-modules-commonjs@https://registry.npmjs.org/@babel/plugin-transform-modules-commonjs/-/plugin-transform-modules-commonjs-7.29.7.tgz 0ms (cache hit)
734 http cache @babel/plugin-syntax-jsx@https://registry.npmjs.org/@babel/plugin-syntax-jsx/-/plugin-syntax-jsx-7.29.7.tgz 0ms (cache hit)
735 http cache @babel/helpers@https://registry.npmjs.org/@babel/helpers/-/helpers-7.29.7.tgz 0ms (cache hit)
736 http cache @babel/parser@https://registry.npmjs.org/@babel/parser/-/parser-7.29.7.tgz 0ms (cache hit)
737 http cache @babel/helper-validator-option@https://registry.npmjs.org/@babel/helper-validator-option/-/helper-validator-option-7.29.7.tgz 0ms (cache hit)
738 http cache @babel/helper-validator-identifier@https://registry.npmjs.org/@babel/helper-validator-identifier/-/helper-validator-identifier-7.29.7.tgz 0ms (cache hit)
739 http cache @babel/helper-string-parser@https://registry.npmjs.org/@babel/helper-string-parser/-/helper-string-parser-7.29.7.tgz 0ms (cache hit)
740 http cache @babel/helper-skip-transparent-expression-wrappers@https://registry.npmjs.org/@babel/helper-skip-transparent-expression-wrappers/-/helper-skip-transparent-expression-wrappers-7.29.7.tgz 0ms (cache hit)
741 http cache @babel/helper-replace-supers@https://registry.npmjs.org/@babel/helper-replace-supers/-/helper-replace-supers-7.29.7.tgz 0ms (cache hit)
742 http cache @babel/helper-plugin-utils@https://registry.npmjs.org/@babel/helper-plugin-utils/-/helper-plugin-utils-7.29.7.tgz 0ms (cache hit)
743 http cache @babel/helper-optimise-call-expression@https://registry.npmjs.org/@babel/helper-optimise-call-expression/-/helper-optimise-call-expression-7.29.7.tgz 0ms (cache hit)
744 http cache @babel/helper-module-transforms@https://registry.npmjs.org/@babel/helper-module-transforms/-/helper-module-transforms-7.29.7.tgz 0ms (cache hit)
745 http cache @babel/helper-member-expression-to-functions@https://registry.npmjs.org/@babel/helper-member-expression-to-functions/-/helper-member-expression-to-functions-7.29.7.tgz 0ms (cache hit)
746 http cache @babel/helper-module-imports@https://registry.npmjs.org/@babel/helper-module-imports/-/helper-module-imports-7.29.7.tgz 0ms (cache hit)
747 http cache @babel/helper-globals@https://registry.npmjs.org/@babel/helper-globals/-/helper-globals-7.29.7.tgz 0ms (cache hit)
748 http cache @babel/helper-create-class-features-plugin@https://registry.npmjs.org/@babel/helper-create-class-features-plugin/-/helper-create-class-features-plugin-7.29.7.tgz 0ms (cache hit)
749 http cache @babel/helper-annotate-as-pure@https://registry.npmjs.org/@babel/helper-annotate-as-pure/-/helper-annotate-as-pure-7.29.7.tgz 0ms (cache hit)
750 http cache @babel/core@https://registry.npmjs.org/@babel/core/-/core-7.29.7.tgz 0ms (cache hit)
751 http cache @babel/generator@https://registry.npmjs.org/@babel/generator/-/generator-7.29.7.tgz 0ms (cache hit)
752 http cache @babel/helper-compilation-targets@https://registry.npmjs.org/@babel/helper-compilation-targets/-/helper-compilation-targets-7.29.7.tgz 0ms (cache hit)
753 http cache @babel/code-frame@https://registry.npmjs.org/@babel/code-frame/-/code-frame-7.29.7.tgz 0ms (cache hit)
754 http cache @alloc/quick-lru@https://registry.npmjs.org/@alloc/quick-lru/-/quick-lru-5.2.0.tgz 0ms (cache hit)
755 http cache @babel/compat-data@https://registry.npmjs.org/@babel/compat-data/-/compat-data-7.29.7.tgz 0ms (cache hit)
756 http cache zod-validation-error@https://registry.npmjs.org/zod-validation-error/-/zod-validation-error-4.0.2.tgz 0ms (cache hit)
757 http cache zod-to-json-schema@https://registry.npmjs.org/zod-to-json-schema/-/zod-to-json-schema-3.25.2.tgz 0ms (cache hit)
758 http cache zod@https://registry.npmjs.org/zod/-/zod-4.4.3.tgz 0ms (cache hit)
759 http cache yocto-spinner@https://registry.npmjs.org/yocto-spinner/-/yocto-spinner-1.2.2.tgz 0ms (cache hit)
760 http cache yoctocolors@https://registry.npmjs.org/yoctocolors/-/yoctocolors-2.1.2.tgz 0ms (cache hit)
761 http cache yocto-queue@https://registry.npmjs.org/yocto-queue/-/yocto-queue-0.1.0.tgz 0ms (cache hit)
762 http cache yallist@https://registry.npmjs.org/yallist/-/yallist-3.1.1.tgz 0ms (cache hit)
763 http cache wsl-utils@https://registry.npmjs.org/wsl-utils/-/wsl-utils-0.3.1.tgz 0ms (cache hit)
764 http cache @nodelib/fs.stat@https://registry.npmjs.org/@nodelib/fs.stat/-/fs.stat-2.0.5.tgz 0ms (cache hit)
765 http cache ws@https://registry.npmjs.org/ws/-/ws-8.21.1.tgz 0ms (cache hit)
766 http cache wrappy@https://registry.npmjs.org/wrappy/-/wrappy-1.0.2.tgz 0ms (cache hit)
767 http cache why-is-node-running@https://registry.npmjs.org/why-is-node-running/-/why-is-node-running-2.3.0.tgz 0ms (cache hit)
768 http cache word-wrap@https://registry.npmjs.org/word-wrap/-/word-wrap-1.2.5.tgz 0ms (cache hit)
769 http cache which-typed-array@https://registry.npmjs.org/which-typed-array/-/which-typed-array-1.1.22.tgz 0ms (cache hit)
770 http cache which-collection@https://registry.npmjs.org/which-collection/-/which-collection-1.0.2.tgz 0ms (cache hit)
771 http cache vitest@https://registry.npmjs.org/vitest/-/vitest-4.1.10.tgz 0ms (cache hit)
772 http cache which-builtin-type@https://registry.npmjs.org/which-builtin-type/-/which-builtin-type-1.2.1.tgz 0ms (cache hit)
773 http cache which@https://registry.npmjs.org/which/-/which-2.0.2.tgz 0ms (cache hit)
774 http cache vite@https://registry.npmjs.org/vite/-/vite-7.3.6.tgz 0ms (cache hit)
775 http cache vite-node@https://registry.npmjs.org/vite-node/-/vite-node-3.2.4.tgz 0ms (cache hit)
776 http cache victory-vendor@https://registry.npmjs.org/victory-vendor/-/victory-vendor-37.3.6.tgz 0ms (cache hit)
777 http cache vary@https://registry.npmjs.org/vary/-/vary-1.1.2.tgz 0ms (cache hit)
778 http cache validate-npm-package-name@https://registry.npmjs.org/validate-npm-package-name/-/validate-npm-package-name-7.0.2.tgz 0ms (cache hit)
779 http cache which-boxed-primitive@https://registry.npmjs.org/which-boxed-primitive/-/which-boxed-primitive-1.1.1.tgz 0ms (cache hit)
780 http cache uri-js@https://registry.npmjs.org/uri-js/-/uri-js-4.4.1.tgz 0ms (cache hit)
781 http cache use-sync-external-store@https://registry.npmjs.org/use-sync-external-store/-/use-sync-external-store-1.6.0.tgz 0ms (cache hit)
782 http cache update-browserslist-db@https://registry.npmjs.org/update-browserslist-db/-/update-browserslist-db-1.2.3.tgz 0ms (cache hit)
783 http cache unrs-resolver@https://registry.npmjs.org/unrs-resolver/-/unrs-resolver-1.12.2.tgz 0ms (cache hit)
784 http cache unpipe@https://registry.npmjs.org/unpipe/-/unpipe-1.0.0.tgz 0ms (cache hit)
785 http cache universalify@https://registry.npmjs.org/universalify/-/universalify-2.0.1.tgz 0ms (cache hit)
786 http cache unicorn-magic@https://registry.npmjs.org/unicorn-magic/-/unicorn-magic-0.3.0.tgz 0ms (cache hit)
787 http cache undici-types@https://registry.npmjs.org/undici-types/-/undici-types-8.3.0.tgz 0ms (cache hit)
788 http cache unbox-primitive@https://registry.npmjs.org/unbox-primitive/-/unbox-primitive-1.1.0.tgz 0ms (cache hit)
789 http cache util-deprecate@https://registry.npmjs.org/util-deprecate/-/util-deprecate-1.0.2.tgz 1ms (cache hit)
790 http cache undici@https://registry.npmjs.org/undici/-/undici-7.28.0.tgz 0ms (cache hit)
791 http cache typescript-eslint@https://registry.npmjs.org/typescript-eslint/-/typescript-eslint-8.65.0.tgz 0ms (cache hit)
792 http cache typescript@https://registry.npmjs.org/typescript/-/typescript-6.0.3.tgz 0ms (cache hit)
793 http cache typed-array-length@https://registry.npmjs.org/typed-array-length/-/typed-array-length-1.0.8.tgz 0ms (cache hit)
794 http cache typed-array-byte-length@https://registry.npmjs.org/typed-array-byte-length/-/typed-array-byte-length-1.0.3.tgz 0ms (cache hit)
795 http cache typed-array-byte-offset@https://registry.npmjs.org/typed-array-byte-offset/-/typed-array-byte-offset-1.0.4.tgz 0ms (cache hit)
796 http cache typed-array-buffer@https://registry.npmjs.org/typed-array-buffer/-/typed-array-buffer-1.0.3.tgz 0ms (cache hit)
797 http cache type-is@https://registry.npmjs.org/type-is/-/type-is-2.1.0.tgz 0ms (cache hit)
798 http cache type-check@https://registry.npmjs.org/type-check/-/type-check-0.4.0.tgz 1ms (cache hit)
799 http cache tw-animate-css@https://registry.npmjs.org/tw-animate-css/-/tw-animate-css-1.4.0.tgz 0ms (cache hit)
800 http cache tslib@https://registry.npmjs.org/tslib/-/tslib-2.8.1.tgz 0ms (cache hit)
801 http cache tsx@https://registry.npmjs.org/tsx/-/tsx-4.23.1.tgz 0ms (cache hit)
802 http cache tsconfig-paths@https://registry.npmjs.org/tsconfig-paths/-/tsconfig-paths-3.15.0.tgz 0ms (cache hit)
803 http cache ts-morph@https://registry.npmjs.org/ts-morph/-/ts-morph-26.0.0.tgz 0ms (cache hit)
804 http cache ts-api-utils@https://registry.npmjs.org/ts-api-utils/-/ts-api-utils-2.5.0.tgz 0ms (cache hit)
805 http cache tinyrainbow@https://registry.npmjs.org/tinyrainbow/-/tinyrainbow-2.0.0.tgz 0ms (cache hit)
806 http cache toidentifier@https://registry.npmjs.org/toidentifier/-/toidentifier-1.0.1.tgz 0ms (cache hit)
807 http cache to-regex-range@https://registry.npmjs.org/to-regex-range/-/to-regex-range-5.0.1.tgz 0ms (cache hit)
808 http cache tinyspy@https://registry.npmjs.org/tinyspy/-/tinyspy-4.0.4.tgz 0ms (cache hit)
809 http cache tinyglobby@https://registry.npmjs.org/tinyglobby/-/tinyglobby-0.2.17.tgz 0ms (cache hit)
810 http cache tinypool@https://registry.npmjs.org/tinypool/-/tinypool-1.1.1.tgz 0ms (cache hit)
811 http cache tinyexec@https://registry.npmjs.org/tinyexec/-/tinyexec-0.3.2.tgz 0ms (cache hit)
812 http cache tinybench@https://registry.npmjs.org/tinybench/-/tinybench-2.9.0.tgz 0ms (cache hit)
813 http cache tapable@https://registry.npmjs.org/tapable/-/tapable-2.3.3.tgz 0ms (cache hit)
814 http cache tailwindcss@https://registry.npmjs.org/tailwindcss/-/tailwindcss-4.3.3.tgz 0ms (cache hit)
815 http cache tiny-invariant@https://registry.npmjs.org/tiny-invariant/-/tiny-invariant-1.3.3.tgz 0ms (cache hit)
816 http cache tailwind-merge@https://registry.npmjs.org/tailwind-merge/-/tailwind-merge-3.6.0.tgz 0ms (cache hit)
817 http cache systeminformation@https://registry.npmjs.org/systeminformation/-/systeminformation-5.33.0.tgz 0ms (cache hit)
818 http cache supports-color@https://registry.npmjs.org/supports-color/-/supports-color-7.2.0.tgz 0ms (cache hit)
819 http cache strip-literal@https://registry.npmjs.org/strip-literal/-/strip-literal-3.1.0.tgz 0ms (cache hit)
820 http cache strip-json-comments@https://registry.npmjs.org/strip-json-comments/-/strip-json-comments-3.1.1.tgz 0ms (cache hit)
821 http cache string.prototype.trimstart@https://registry.npmjs.org/string.prototype.trimstart/-/string.prototype.trimstart-1.0.8.tgz 0ms (cache hit)
822 http cache strip-final-newline@https://registry.npmjs.org/strip-final-newline/-/strip-final-newline-4.0.0.tgz 0ms (cache hit)
823 http cache supports-preserve-symlinks-flag@https://registry.npmjs.org/supports-preserve-symlinks-flag/-/supports-preserve-symlinks-flag-1.0.0.tgz 0ms (cache hit)
824 http cache styled-jsx@https://registry.npmjs.org/styled-jsx/-/styled-jsx-5.1.6.tgz 0ms (cache hit)
825 http cache strip-bom@https://registry.npmjs.org/strip-bom/-/strip-bom-3.0.0.tgz 0ms (cache hit)
826 http cache string.prototype.trimend@https://registry.npmjs.org/string.prototype.trimend/-/string.prototype.trimend-1.0.10.tgz 0ms (cache hit)
827 http cache stringify-object@https://registry.npmjs.org/stringify-object/-/stringify-object-5.0.0.tgz 0ms (cache hit)
828 http cache string.prototype.trim@https://registry.npmjs.org/string.prototype.trim/-/string.prototype.trim-1.2.11.tgz 0ms (cache hit)
829 http cache strip-ansi@https://registry.npmjs.org/strip-ansi/-/strip-ansi-6.0.1.tgz 0ms (cache hit)
830 http cache string.prototype.matchall@https://registry.npmjs.org/string.prototype.matchall/-/string.prototype.matchall-4.0.12.tgz 0ms (cache hit)
831 http cache stop-iteration-iterator@https://registry.npmjs.org/stop-iteration-iterator/-/stop-iteration-iterator-1.1.0.tgz 0ms (cache hit)
832 http cache string.prototype.includes@https://registry.npmjs.org/string.prototype.includes/-/string.prototype.includes-2.0.1.tgz 0ms (cache hit)
833 http cache stdin-discarder@https://registry.npmjs.org/stdin-discarder/-/stdin-discarder-0.2.2.tgz 0ms (cache hit)
834 http cache statuses@https://registry.npmjs.org/statuses/-/statuses-2.0.2.tgz 0ms (cache hit)
835 http cache source-map-js@https://registry.npmjs.org/source-map-js/-/source-map-js-1.2.1.tgz 0ms (cache hit)
836 http cache stackback@https://registry.npmjs.org/stackback/-/stackback-0.0.2.tgz 0ms (cache hit)
837 http cache std-env@https://registry.npmjs.org/std-env/-/std-env-3.10.0.tgz 0ms (cache hit)
838 http cache stable-hash@https://registry.npmjs.org/stable-hash/-/stable-hash-0.0.5.tgz 0ms (cache hit)
839 http cache source-map@https://registry.npmjs.org/source-map/-/source-map-0.6.1.tgz 0ms (cache hit)
840 http cache sonner@https://registry.npmjs.org/sonner/-/sonner-2.0.7.tgz 0ms (cache hit)
841 http cache sisteransi@https://registry.npmjs.org/sisteransi/-/sisteransi-1.0.5.tgz 0ms (cache hit)
842 http cache signal-exit@https://registry.npmjs.org/signal-exit/-/signal-exit-4.1.0.tgz 0ms (cache hit)
843 http cache siginfo@https://registry.npmjs.org/siginfo/-/siginfo-2.0.0.tgz 0ms (cache hit)
844 http cache side-channel-weakmap@https://registry.npmjs.org/side-channel-weakmap/-/side-channel-weakmap-1.0.2.tgz 0ms (cache hit)
845 http cache side-channel-map@https://registry.npmjs.org/side-channel-map/-/side-channel-map-1.0.1.tgz 0ms (cache hit)
846 http cache side-channel-list@https://registry.npmjs.org/side-channel-list/-/side-channel-list-1.0.1.tgz 0ms (cache hit)
847 http cache shebang-regex@https://registry.npmjs.org/shebang-regex/-/shebang-regex-3.0.0.tgz 0ms (cache hit)
848 http cache side-channel@https://registry.npmjs.org/side-channel/-/side-channel-1.1.1.tgz 0ms (cache hit)
849 http cache shebang-command@https://registry.npmjs.org/shebang-command/-/shebang-command-2.0.0.tgz 1ms (cache hit)
850 http cache shadcn@https://registry.npmjs.org/shadcn/-/shadcn-4.13.1.tgz 0ms (cache hit)
851 http cache sharp@https://registry.npmjs.org/sharp/-/sharp-0.34.5.tgz 0ms (cache hit)
852 http cache set-proto@https://registry.npmjs.org/set-proto/-/set-proto-1.0.0.tgz 0ms (cache hit)
853 http cache setprototypeof@https://registry.npmjs.org/setprototypeof/-/setprototypeof-1.2.0.tgz 0ms (cache hit)
854 http cache set-function-name@https://registry.npmjs.org/set-function-name/-/set-function-name-2.0.2.tgz 0ms (cache hit)
855 http cache set-function-length@https://registry.npmjs.org/set-function-length/-/set-function-length-1.2.2.tgz 0ms (cache hit)
856 http cache serve-static@https://registry.npmjs.org/serve-static/-/serve-static-2.2.1.tgz 0ms (cache hit)
857 http cache send@https://registry.npmjs.org/send/-/send-1.2.1.tgz 0ms (cache hit)
858 http cache semver@https://registry.npmjs.org/semver/-/semver-6.3.1.tgz 0ms (cache hit)
859 http cache scheduler@https://registry.npmjs.org/scheduler/-/scheduler-0.27.0.tgz 0ms (cache hit)
860 http cache safe-push-apply@https://registry.npmjs.org/safe-push-apply/-/safe-push-apply-1.0.0.tgz 0ms (cache hit)
861 http cache run-parallel@https://registry.npmjs.org/run-parallel/-/run-parallel-1.2.0.tgz 0ms (cache hit)
862 http cache safer-buffer@https://registry.npmjs.org/safer-buffer/-/safer-buffer-2.1.2.tgz 0ms (cache hit)
863 http cache safe-regex-test@https://registry.npmjs.org/safe-regex-test/-/safe-regex-test-1.1.0.tgz 0ms (cache hit)
864 http cache safe-array-concat@https://registry.npmjs.org/safe-array-concat/-/safe-array-concat-1.1.4.tgz 0ms (cache hit)
865 http cache router@https://registry.npmjs.org/router/-/router-2.2.0.tgz 0ms (cache hit)
866 http cache reusify@https://registry.npmjs.org/reusify/-/reusify-1.1.0.tgz 0ms (cache hit)
867 http cache run-applescript@https://registry.npmjs.org/run-applescript/-/run-applescript-7.1.0.tgz 0ms (cache hit)
868 http cache rollup@https://registry.npmjs.org/rollup/-/rollup-4.62.2.tgz 0ms (cache hit)
869 http cache resolve-pkg-maps@https://registry.npmjs.org/resolve-pkg-maps/-/resolve-pkg-maps-1.0.0.tgz 0ms (cache hit)
870 http cache reselect@https://registry.npmjs.org/reselect/-/reselect-5.2.0.tgz 0ms (cache hit)
871 http cache restore-cursor@https://registry.npmjs.org/restore-cursor/-/restore-cursor-5.1.0.tgz 1ms (cache hit)
872 http cache resolve@https://registry.npmjs.org/resolve/-/resolve-2.0.0-next.7.tgz 0ms (cache hit)
873 http cache string.prototype.repeat@https://registry.npmjs.org/string.prototype.repeat/-/string.prototype.repeat-1.0.0.tgz 0ms (cache hit)
874 http cache regexp.prototype.flags@https://registry.npmjs.org/regexp.prototype.flags/-/regexp.prototype.flags-1.5.4.tgz 0ms (cache hit)
875 http cache require-from-string@https://registry.npmjs.org/require-from-string/-/require-from-string-2.0.2.tgz 0ms (cache hit)
876 http cache resolve-from@https://registry.npmjs.org/resolve-from/-/resolve-from-4.0.0.tgz 0ms (cache hit)
877 http cache recast@https://registry.npmjs.org/recast/-/recast-0.23.12.tgz 0ms (cache hit)
878 http cache redux-thunk@https://registry.npmjs.org/redux-thunk/-/redux-thunk-3.1.0.tgz 0ms (cache hit)
879 http cache redux@https://registry.npmjs.org/redux/-/redux-5.0.1.tgz 0ms (cache hit)
880 http cache react-redux@https://registry.npmjs.org/react-redux/-/react-redux-9.3.0.tgz 0ms (cache hit)
881 http cache react-is@https://registry.npmjs.org/react-is/-/react-is-16.13.1.tgz 0ms (cache hit)
882 http cache recharts@https://registry.npmjs.org/recharts/-/recharts-3.8.0.tgz 0ms (cache hit)
883 http cache reflect.getprototypeof@https://registry.npmjs.org/reflect.getprototypeof/-/reflect.getprototypeof-1.0.10.tgz 0ms (cache hit)
884 http cache react-icons@https://registry.npmjs.org/react-icons/-/react-icons-5.7.0.tgz 0ms (cache hit)
885 http cache react-dom@https://registry.npmjs.org/react-dom/-/react-dom-19.2.7.tgz 0ms (cache hit)
886 http cache react@https://registry.npmjs.org/react/-/react-19.2.7.tgz 0ms (cache hit)
887 http cache range-parser@https://registry.npmjs.org/range-parser/-/range-parser-1.3.0.tgz 0ms (cache hit)
888 http cache raw-body@https://registry.npmjs.org/raw-body/-/raw-body-3.0.2.tgz 0ms (cache hit)
889 http cache queue-microtask@https://registry.npmjs.org/queue-microtask/-/queue-microtask-1.2.3.tgz 0ms (cache hit)
890 http cache punycode@https://registry.npmjs.org/punycode/-/punycode-2.3.1.tgz 0ms (cache hit)
891 http cache qs@https://registry.npmjs.org/qs/-/qs-6.15.3.tgz 0ms (cache hit)
892 http cache prompts@https://registry.npmjs.org/prompts/-/prompts-2.4.2.tgz 0ms (cache hit)
893 http cache prop-types@https://registry.npmjs.org/prop-types/-/prop-types-15.8.1.tgz 0ms (cache hit)
894 http cache pretty-ms@https://registry.npmjs.org/pretty-ms/-/pretty-ms-9.3.0.tgz 0ms (cache hit)
895 http cache prelude-ls@https://registry.npmjs.org/prelude-ls/-/prelude-ls-1.2.1.tgz 0ms (cache hit)
896 http cache proxy-addr@https://registry.npmjs.org/proxy-addr/-/proxy-addr-2.0.7.tgz 0ms (cache hit)
897 http cache powershell-utils@https://registry.npmjs.org/powershell-utils/-/powershell-utils-0.1.0.tgz 0ms (cache hit)
898 http cache postcss@https://registry.npmjs.org/postcss/-/postcss-8.5.20.tgz 0ms (cache hit)
899 http cache possible-typed-array-names@https://registry.npmjs.org/possible-typed-array-names/-/possible-typed-array-names-1.1.0.tgz 0ms (cache hit)
900 http cache postcss-selector-parser@https://registry.npmjs.org/postcss-selector-parser/-/postcss-selector-parser-7.1.4.tgz 0ms (cache hit)
901 http cache picomatch@https://registry.npmjs.org/picomatch/-/picomatch-2.3.2.tgz 0ms (cache hit)
902 http cache pathval@https://registry.npmjs.org/pathval/-/pathval-2.0.1.tgz 0ms (cache hit)
903 http cache pkce-challenge@https://registry.npmjs.org/pkce-challenge/-/pkce-challenge-5.0.1.tgz 0ms (cache hit)
904 http cache pkg-up@https://registry.npmjs.org/pkg-up/-/pkg-up-3.1.0.tgz 0ms (cache hit)
905 http cache path-to-regexp@https://registry.npmjs.org/path-to-regexp/-/path-to-regexp-8.4.2.tgz 1ms (cache hit)
906 http cache picocolors@https://registry.npmjs.org/picocolors/-/picocolors-1.1.1.tgz 0ms (cache hit)
907 http cache path-key@https://registry.npmjs.org/path-key/-/path-key-3.1.1.tgz 0ms (cache hit)
908 http cache parse-json@https://registry.npmjs.org/parse-json/-/parse-json-5.2.0.tgz 0ms (cache hit)
909 http cache pathe@https://registry.npmjs.org/pathe/-/pathe-2.0.3.tgz 0ms (cache hit)
910 http cache path-parse@https://registry.npmjs.org/path-parse/-/path-parse-1.0.7.tgz 0ms (cache hit)
911 http cache path-browserify@https://registry.npmjs.org/path-browserify/-/path-browserify-1.0.1.tgz 0ms (cache hit)
912 http cache path-exists@https://registry.npmjs.org/path-exists/-/path-exists-4.0.0.tgz 0ms (cache hit)
913 http cache parse-ms@https://registry.npmjs.org/parse-ms/-/parse-ms-4.0.0.tgz 0ms (cache hit)
914 http cache p-try@https://registry.npmjs.org/p-try/-/p-try-2.2.0.tgz 0ms (cache hit)
915 http cache parseurl@https://registry.npmjs.org/parseurl/-/parseurl-1.3.3.tgz 0ms (cache hit)
916 http cache parent-module@https://registry.npmjs.org/parent-module/-/parent-module-1.0.1.tgz 0ms (cache hit)
917 http cache p-locate@https://registry.npmjs.org/p-locate/-/p-locate-5.0.0.tgz 0ms (cache hit)
918 http cache p-limit@https://registry.npmjs.org/p-limit/-/p-limit-3.1.0.tgz 0ms (cache hit)
919 http cache own-keys@https://registry.npmjs.org/own-keys/-/own-keys-1.0.1.tgz 0ms (cache hit)
920 http cache ora@https://registry.npmjs.org/ora/-/ora-8.2.0.tgz 0ms (cache hit)
921 http cache optionator@https://registry.npmjs.org/optionator/-/optionator-0.9.4.tgz 0ms (cache hit)
922 http cache open@https://registry.npmjs.org/open/-/open-11.0.0.tgz 0ms (cache hit)
923 http cache onetime@https://registry.npmjs.org/onetime/-/onetime-5.1.2.tgz 0ms (cache hit)
924 http cache object.values@https://registry.npmjs.org/object.values/-/object.values-1.2.1.tgz 0ms (cache hit)
925 http cache obug@https://registry.npmjs.org/obug/-/obug-2.1.4.tgz 0ms (cache hit)
926 http cache on-finished@https://registry.npmjs.org/on-finished/-/on-finished-2.4.1.tgz 0ms (cache hit)
927 http cache once@https://registry.npmjs.org/once/-/once-1.4.0.tgz 0ms (cache hit)
928 http cache object.fromentries@https://registry.npmjs.org/object.fromentries/-/object.fromentries-2.0.8.tgz 0ms (cache hit)
929 http cache object.groupby@https://registry.npmjs.org/object.groupby/-/object.groupby-1.0.3.tgz 0ms (cache hit)
930 http cache object-treeify@https://registry.npmjs.org/object-treeify/-/object-treeify-1.1.33.tgz 0ms (cache hit)
931 http cache object.entries@https://registry.npmjs.org/object.entries/-/object.entries-1.1.9.tgz 1ms (cache hit)
932 http cache object.assign@https://registry.npmjs.org/object.assign/-/object.assign-4.1.7.tgz 0ms (cache hit)
933 http cache object-keys@https://registry.npmjs.org/object-keys/-/object-keys-1.1.1.tgz 0ms (cache hit)
934 http cache object-assign@https://registry.npmjs.org/object-assign/-/object-assign-4.1.1.tgz 0ms (cache hit)
935 http cache object-inspect@https://registry.npmjs.org/object-inspect/-/object-inspect-1.13.4.tgz 0ms (cache hit)
936 http cache npm-run-path@https://registry.npmjs.org/npm-run-path/-/npm-run-path-6.0.0.tgz 0ms (cache hit)
937 http cache node-exports-info@https://registry.npmjs.org/node-exports-info/-/node-exports-info-1.6.2.tgz 0ms (cache hit)
938 http cache next@https://registry.npmjs.org/next/-/next-16.2.10.tgz 0ms (cache hit)
939 http cache negotiator@https://registry.npmjs.org/negotiator/-/negotiator-1.0.0.tgz 0ms (cache hit)
940 http cache next-themes@https://registry.npmjs.org/next-themes/-/next-themes-0.4.6.tgz 0ms (cache hit)
941 http cache napi-postinstall@https://registry.npmjs.org/napi-postinstall/-/napi-postinstall-0.3.4.tgz 0ms (cache hit)
942 http cache nanoid@https://registry.npmjs.org/nanoid/-/nanoid-3.3.16.tgz 0ms (cache hit)
943 http cache minimist@https://registry.npmjs.org/minimist/-/minimist-1.2.8.tgz 0ms (cache hit)
944 http cache natural-compare@https://registry.npmjs.org/natural-compare/-/natural-compare-1.4.0.tgz 1ms (cache hit)
945 http cache motion-dom@https://registry.npmjs.org/motion-dom/-/motion-dom-12.42.2.tgz 0ms (cache hit)
946 http cache motion-utils@https://registry.npmjs.org/motion-utils/-/motion-utils-12.39.0.tgz 0ms (cache hit)
947 http cache minimatch@https://registry.npmjs.org/minimatch/-/minimatch-3.1.5.tgz 0ms (cache hit)
948 http cache ms@https://registry.npmjs.org/ms/-/ms-2.1.3.tgz 0ms (cache hit)
949 http cache mime-types@https://registry.npmjs.org/mime-types/-/mime-types-3.0.2.tgz 0ms (cache hit)
950 http cache mimic-function@https://registry.npmjs.org/mimic-function/-/mimic-function-5.0.1.tgz 0ms (cache hit)
951 http cache micromatch@https://registry.npmjs.org/micromatch/-/micromatch-4.0.8.tgz 0ms (cache hit)
952 http cache mime-db@https://registry.npmjs.org/mime-db/-/mime-db-1.54.0.tgz 0ms (cache hit)
953 http cache merge-stream@https://registry.npmjs.org/merge-stream/-/merge-stream-2.0.0.tgz 0ms (cache hit)
954 http cache merge2@https://registry.npmjs.org/merge2/-/merge2-1.4.1.tgz 0ms (cache hit)
955 http cache math-intrinsics@https://registry.npmjs.org/math-intrinsics/-/math-intrinsics-1.1.0.tgz 0ms (cache hit)
956 http cache merge-descriptors@https://registry.npmjs.org/merge-descriptors/-/merge-descriptors-2.0.0.tgz 0ms (cache hit)
957 http cache media-typer@https://registry.npmjs.org/media-typer/-/media-typer-1.1.0.tgz 0ms (cache hit)
958 http cache magic-string@https://registry.npmjs.org/magic-string/-/magic-string-0.30.21.tgz 0ms (cache hit)
959 http cache lucide-react@https://registry.npmjs.org/lucide-react/-/lucide-react-1.25.0.tgz 0ms (cache hit)
960 http cache lru-cache@https://registry.npmjs.org/lru-cache/-/lru-cache-5.1.1.tgz 0ms (cache hit)
961 http cache mimic-fn@https://registry.npmjs.org/mimic-fn/-/mimic-fn-3.1.0.tgz 0ms (cache hit)
962 http cache loupe@https://registry.npmjs.org/loupe/-/loupe-3.2.1.tgz 0ms (cache hit)
963 http cache loose-envify@https://registry.npmjs.org/loose-envify/-/loose-envify-1.4.0.tgz 0ms (cache hit)
964 http cache log-symbols@https://registry.npmjs.org/log-symbols/-/log-symbols-6.0.0.tgz 0ms (cache hit)
965 http cache locate-path@https://registry.npmjs.org/locate-path/-/locate-path-6.0.0.tgz 0ms (cache hit)
966 http cache lines-and-columns@https://registry.npmjs.org/lines-and-columns/-/lines-and-columns-1.2.4.tgz 0ms (cache hit)
967 http cache node-releases@https://registry.npmjs.org/node-releases/-/node-releases-2.0.51.tgz 0ms (cache hit)
968 http cache lightningcss@https://registry.npmjs.org/lightningcss/-/lightningcss-1.32.0.tgz 0ms (cache hit)
969 http cache lodash.merge@https://registry.npmjs.org/lodash.merge/-/lodash.merge-4.6.2.tgz 0ms (cache hit)
970 http cache lightningcss-win32-x64-msvc@https://registry.npmjs.org/lightningcss-win32-x64-msvc/-/lightningcss-win32-x64-msvc-1.32.0.tgz 0ms (cache hit)
971 http cache levn@https://registry.npmjs.org/levn/-/levn-0.4.1.tgz 0ms (cache hit)
972 http cache language-subtag-registry@https://registry.npmjs.org/language-subtag-registry/-/language-subtag-registry-0.3.23.tgz 0ms (cache hit)
973 http cache language-tags@https://registry.npmjs.org/language-tags/-/language-tags-1.0.9.tgz 0ms (cache hit)
974 http cache kleur@https://registry.npmjs.org/kleur/-/kleur-4.1.5.tgz 0ms (cache hit)
975 http cache jsx-ast-utils@https://registry.npmjs.org/jsx-ast-utils/-/jsx-ast-utils-3.3.5.tgz 0ms (cache hit)
976 http cache keyv@https://registry.npmjs.org/keyv/-/keyv-4.5.4.tgz 0ms (cache hit)
977 http cache json-schema-typed@https://registry.npmjs.org/json-schema-typed/-/json-schema-typed-8.0.2.tgz 0ms (cache hit)
978 http cache json5@https://registry.npmjs.org/json5/-/json5-2.2.3.tgz 0ms (cache hit)
979 http cache json-schema-traverse@https://registry.npmjs.org/json-schema-traverse/-/json-schema-traverse-0.4.1.tgz 0ms (cache hit)
980 http cache jsonfile@https://registry.npmjs.org/jsonfile/-/jsonfile-6.2.1.tgz 0ms (cache hit)
981 http cache json-stable-stringify-without-jsonify@https://registry.npmjs.org/json-stable-stringify-without-jsonify/-/json-stable-stringify-without-jsonify-1.0.1.tgz 0ms (cache hit)
982 http cache json-parse-even-better-errors@https://registry.npmjs.org/json-parse-even-better-errors/-/json-parse-even-better-errors-2.3.1.tgz 0ms (cache hit)
983 http cache json-buffer@https://registry.npmjs.org/json-buffer/-/json-buffer-3.0.1.tgz 0ms (cache hit)
984 http cache jsesc@https://registry.npmjs.org/jsesc/-/jsesc-3.1.0.tgz 0ms (cache hit)
985 http cache jiti@https://registry.npmjs.org/jiti/-/jiti-2.7.0.tgz 0ms (cache hit)
986 http cache js-yaml@https://registry.npmjs.org/js-yaml/-/js-yaml-4.3.0.tgz 0ms (cache hit)
987 http cache js-tokens@https://registry.npmjs.org/js-tokens/-/js-tokens-4.0.0.tgz 0ms (cache hit)
988 http cache isexe@https://registry.npmjs.org/isexe/-/isexe-2.0.0.tgz 0ms (cache hit)
989 http cache jose@https://registry.npmjs.org/jose/-/jose-6.2.3.tgz 0ms (cache hit)
990 http cache iterator.prototype@https://registry.npmjs.org/iterator.prototype/-/iterator.prototype-1.1.5.tgz 0ms (cache hit)
991 http cache is-weakset@https://registry.npmjs.org/is-weakset/-/is-weakset-2.0.4.tgz 0ms (cache hit)
992 http cache isarray@https://registry.npmjs.org/isarray/-/isarray-2.0.5.tgz 0ms (cache hit)
993 http cache is-wsl@https://registry.npmjs.org/is-wsl/-/is-wsl-3.1.1.tgz 0ms (cache hit)
994 http cache is-weakref@https://registry.npmjs.org/is-weakref/-/is-weakref-1.1.1.tgz 0ms (cache hit)
995 http cache is-weakmap@https://registry.npmjs.org/is-weakmap/-/is-weakmap-2.0.2.tgz 1ms (cache hit)
996 http cache is-symbol@https://registry.npmjs.org/is-symbol/-/is-symbol-1.1.1.tgz 0ms (cache hit)
997 http cache is-unicode-supported@https://registry.npmjs.org/is-unicode-supported/-/is-unicode-supported-2.1.0.tgz 0ms (cache hit)
998 http cache is-typed-array@https://registry.npmjs.org/is-typed-array/-/is-typed-array-1.1.15.tgz 0ms (cache hit)
999 http cache is-stream@https://registry.npmjs.org/is-stream/-/is-stream-4.0.1.tgz 0ms (cache hit)
1000 http cache is-shared-array-buffer@https://registry.npmjs.org/is-shared-array-buffer/-/is-shared-array-buffer-1.0.4.tgz 0ms (cache hit)
1001 http cache is-string@https://registry.npmjs.org/is-string/-/is-string-1.1.1.tgz 0ms (cache hit)
1002 http cache is-regexp@https://registry.npmjs.org/is-regexp/-/is-regexp-3.1.0.tgz 0ms (cache hit)
1003 http cache is-regex@https://registry.npmjs.org/is-regex/-/is-regex-1.2.1.tgz 0ms (cache hit)
1004 http cache is-set@https://registry.npmjs.org/is-set/-/is-set-2.0.3.tgz 0ms (cache hit)
1005 http cache is-obj@https://registry.npmjs.org/is-obj/-/is-obj-2.0.0.tgz 0ms (cache hit)
1006 http cache is-promise@https://registry.npmjs.org/is-promise/-/is-promise-4.0.0.tgz 0ms (cache hit)
1007 http cache is-number-object@https://registry.npmjs.org/is-number-object/-/is-number-object-1.1.1.tgz 0ms (cache hit)
1008 http cache is-number@https://registry.npmjs.org/is-number/-/is-number-7.0.0.tgz 0ms (cache hit)
1009 http cache is-plain-obj@https://registry.npmjs.org/is-plain-obj/-/is-plain-obj-4.1.0.tgz 0ms (cache hit)
1010 http cache is-negative-zero@https://registry.npmjs.org/is-negative-zero/-/is-negative-zero-2.0.3.tgz 0ms (cache hit)
1011 http cache is-map@https://registry.npmjs.org/is-map/-/is-map-2.0.3.tgz 0ms (cache hit)
1012 http cache is-interactive@https://registry.npmjs.org/is-interactive/-/is-interactive-2.0.0.tgz 0ms (cache hit)
1013 http cache is-generator-function@https://registry.npmjs.org/is-generator-function/-/is-generator-function-1.1.2.tgz 0ms (cache hit)
1014 http cache is-in-ssh@https://registry.npmjs.org/is-in-ssh/-/is-in-ssh-1.0.0.tgz 0ms (cache hit)
1015 http cache is-glob@https://registry.npmjs.org/is-glob/-/is-glob-4.0.3.tgz 0ms (cache hit)
1016 http cache is-inside-container@https://registry.npmjs.org/is-inside-container/-/is-inside-container-1.0.0.tgz 0ms (cache hit)
1017 http cache is-extglob@https://registry.npmjs.org/is-extglob/-/is-extglob-2.1.1.tgz 0ms (cache hit)
1018 http cache is-finalizationregistry@https://registry.npmjs.org/is-finalizationregistry/-/is-finalizationregistry-1.1.1.tgz 0ms (cache hit)
1019 http cache is-docker@https://registry.npmjs.org/is-docker/-/is-docker-3.0.0.tgz 0ms (cache hit)
1020 http cache is-document.all@https://registry.npmjs.org/is-document.all/-/is-document.all-1.0.0.tgz 0ms (cache hit)
1021 http cache is-date-object@https://registry.npmjs.org/is-date-object/-/is-date-object-1.1.0.tgz 0ms (cache hit)
1022 http cache is-data-view@https://registry.npmjs.org/is-data-view/-/is-data-view-1.0.2.tgz 0ms (cache hit)
1023 http cache is-bun-module@https://registry.npmjs.org/is-bun-module/-/is-bun-module-2.0.0.tgz 0ms (cache hit)
1024 http cache is-callable@https://registry.npmjs.org/is-callable/-/is-callable-1.2.7.tgz 0ms (cache hit)
1025 http cache is-core-module@https://registry.npmjs.org/is-core-module/-/is-core-module-2.16.2.tgz 0ms (cache hit)
1026 http cache is-boolean-object@https://registry.npmjs.org/is-boolean-object/-/is-boolean-object-1.2.2.tgz 0ms (cache hit)
1027 http cache is-async-function@https://registry.npmjs.org/is-async-function/-/is-async-function-2.1.1.tgz 0ms (cache hit)
1028 http cache is-bigint@https://registry.npmjs.org/is-bigint/-/is-bigint-1.1.0.tgz 0ms (cache hit)
1029 http cache is-array-buffer@https://registry.npmjs.org/is-array-buffer/-/is-array-buffer-3.0.5.tgz 0ms (cache hit)
1030 http cache is-arrayish@https://registry.npmjs.org/is-arrayish/-/is-arrayish-0.2.1.tgz 0ms (cache hit)
1031 http cache ipaddr.js@https://registry.npmjs.org/ipaddr.js/-/ipaddr.js-1.9.1.tgz 0ms (cache hit)
1032 http cache internmap@https://registry.npmjs.org/internmap/-/internmap-2.0.3.tgz 0ms (cache hit)
1033 http cache ip-address@https://registry.npmjs.org/ip-address/-/ip-address-10.2.0.tgz 0ms (cache hit)
1034 http cache internal-slot@https://registry.npmjs.org/internal-slot/-/internal-slot-1.1.0.tgz 0ms (cache hit)
1035 http cache inherits@https://registry.npmjs.org/inherits/-/inherits-2.0.4.tgz 0ms (cache hit)
1036 http cache imurmurhash@https://registry.npmjs.org/imurmurhash/-/imurmurhash-0.1.4.tgz 0ms (cache hit)
1037 http cache import-fresh@https://registry.npmjs.org/import-fresh/-/import-fresh-3.3.1.tgz 0ms (cache hit)
1038 http cache immer@https://registry.npmjs.org/immer/-/immer-10.2.0.tgz 0ms (cache hit)
1039 http cache ignore@https://registry.npmjs.org/ignore/-/ignore-5.3.2.tgz 0ms (cache hit)
1040 http cache iconv-lite@https://registry.npmjs.org/iconv-lite/-/iconv-lite-0.7.3.tgz 0ms (cache hit)
1041 http cache iceberg-js@https://registry.npmjs.org/iceberg-js/-/iceberg-js-0.8.1.tgz 0ms (cache hit)
1042 http cache human-signals@https://registry.npmjs.org/human-signals/-/human-signals-8.0.1.tgz 0ms (cache hit)
1043 http cache http-errors@https://registry.npmjs.org/http-errors/-/http-errors-2.0.1.tgz 0ms (cache hit)
1044 http cache hono@https://registry.npmjs.org/hono/-/hono-4.12.31.tgz 0ms (cache hit)
1045 http cache hermes-parser@https://registry.npmjs.org/hermes-parser/-/hermes-parser-0.25.1.tgz 0ms (cache hit)
1046 http cache hermes-estree@https://registry.npmjs.org/hermes-estree/-/hermes-estree-0.25.1.tgz 0ms (cache hit)
1047 http cache hasown@https://registry.npmjs.org/hasown/-/hasown-2.0.4.tgz 0ms (cache hit)
1048 http cache has-tostringtag@https://registry.npmjs.org/has-tostringtag/-/has-tostringtag-1.0.2.tgz 0ms (cache hit)
1049 http cache has-symbols@https://registry.npmjs.org/has-symbols/-/has-symbols-1.1.0.tgz 0ms (cache hit)
1050 http cache has-proto@https://registry.npmjs.org/has-proto/-/has-proto-1.2.0.tgz 0ms (cache hit)
1051 http cache has-bigints@https://registry.npmjs.org/has-bigints/-/has-bigints-1.1.0.tgz 0ms (cache hit)
1052 http cache has-property-descriptors@https://registry.npmjs.org/has-property-descriptors/-/has-property-descriptors-1.0.2.tgz 0ms (cache hit)
1053 http cache has-flag@https://registry.npmjs.org/has-flag/-/has-flag-4.0.0.tgz 0ms (cache hit)
1054 http cache graceful-fs@https://registry.npmjs.org/graceful-fs/-/graceful-fs-4.2.11.tgz 0ms (cache hit)
1055 http cache gopd@https://registry.npmjs.org/gopd/-/gopd-1.2.0.tgz 0ms (cache hit)
1056 http cache globalthis@https://registry.npmjs.org/globalthis/-/globalthis-1.0.4.tgz 1ms (cache hit)
1057 http cache globals@https://registry.npmjs.org/globals/-/globals-14.0.0.tgz 0ms (cache hit)
1058 http cache get-tsconfig@https://registry.npmjs.org/get-tsconfig/-/get-tsconfig-4.14.0.tgz 0ms (cache hit)
1059 http cache glob-parent@https://registry.npmjs.org/glob-parent/-/glob-parent-6.0.2.tgz 0ms (cache hit)
1060 http cache get-symbol-description@https://registry.npmjs.org/get-symbol-description/-/get-symbol-description-1.1.0.tgz 0ms (cache hit)
1061 http cache get-stream@https://registry.npmjs.org/get-stream/-/get-stream-9.0.1.tgz 0ms (cache hit)
1062 http cache get-proto@https://registry.npmjs.org/get-proto/-/get-proto-1.0.1.tgz 0ms (cache hit)
1063 http cache get-intrinsic@https://registry.npmjs.org/get-intrinsic/-/get-intrinsic-1.3.0.tgz 0ms (cache hit)
1064 http cache get-own-enumerable-keys@https://registry.npmjs.org/get-own-enumerable-keys/-/get-own-enumerable-keys-1.0.0.tgz 0ms (cache hit)
1065 http cache get-east-asian-width@https://registry.npmjs.org/get-east-asian-width/-/get-east-asian-width-1.6.0.tgz 0ms (cache hit)
1066 http cache gensync@https://registry.npmjs.org/gensync/-/gensync-1.0.0-beta.2.tgz 0ms (cache hit)
1067 http cache generator-function@https://registry.npmjs.org/generator-function/-/generator-function-2.0.1.tgz 0ms (cache hit)
1068 http cache fuzzysort@https://registry.npmjs.org/fuzzysort/-/fuzzysort-3.1.0.tgz 0ms (cache hit)
1069 http cache functions-have-names@https://registry.npmjs.org/functions-have-names/-/functions-have-names-1.2.3.tgz 0ms (cache hit)
1070 http cache function.prototype.name@https://registry.npmjs.org/function.prototype.name/-/function.prototype.name-1.2.0.tgz 0ms (cache hit)
1071 http cache function-bind@https://registry.npmjs.org/function-bind/-/function-bind-1.1.2.tgz 0ms (cache hit)
1072 http cache fs-extra@https://registry.npmjs.org/fs-extra/-/fs-extra-11.3.6.tgz 0ms (cache hit)
1073 http cache fresh@https://registry.npmjs.org/fresh/-/fresh-2.0.0.tgz 0ms (cache hit)
1074 http cache framer-motion@https://registry.npmjs.org/framer-motion/-/framer-motion-12.42.2.tgz 0ms (cache hit)
1075 http cache for-each@https://registry.npmjs.org/for-each/-/for-each-0.3.5.tgz 0ms (cache hit)
1076 http cache flat-cache@https://registry.npmjs.org/flat-cache/-/flat-cache-4.0.1.tgz 0ms (cache hit)
1077 http cache forwarded@https://registry.npmjs.org/forwarded/-/forwarded-0.2.0.tgz 0ms (cache hit)
1078 http cache flatted@https://registry.npmjs.org/flatted/-/flatted-3.4.2.tgz 0ms (cache hit)
1079 http cache finalhandler@https://registry.npmjs.org/finalhandler/-/finalhandler-2.1.1.tgz 0ms (cache hit)
1080 http cache find-up@https://registry.npmjs.org/find-up/-/find-up-5.0.0.tgz 0ms (cache hit)
1081 http cache fill-range@https://registry.npmjs.org/fill-range/-/fill-range-7.1.1.tgz 0ms (cache hit)
1082 http cache file-entry-cache@https://registry.npmjs.org/file-entry-cache/-/file-entry-cache-8.0.0.tgz 0ms (cache hit)
1083 http cache figures@https://registry.npmjs.org/figures/-/figures-6.1.0.tgz 0ms (cache hit)
1084 http cache fast-uri@https://registry.npmjs.org/fast-uri/-/fast-uri-3.1.4.tgz 0ms (cache hit)
1085 http cache fast-levenshtein@https://registry.npmjs.org/fast-levenshtein/-/fast-levenshtein-2.0.6.tgz 0ms (cache hit)
1086 http cache fastq@https://registry.npmjs.org/fastq/-/fastq-1.20.1.tgz 0ms (cache hit)
1087 http cache fast-json-stable-stringify@https://registry.npmjs.org/fast-json-stable-stringify/-/fast-json-stable-stringify-2.1.0.tgz 0ms (cache hit)
1088 http cache fast-deep-equal@https://registry.npmjs.org/fast-deep-equal/-/fast-deep-equal-3.1.3.tgz 0ms (cache hit)
1089 http cache express-rate-limit@https://registry.npmjs.org/express-rate-limit/-/express-rate-limit-8.6.0.tgz 0ms (cache hit)
1090 http cache fast-glob@https://registry.npmjs.org/fast-glob/-/fast-glob-3.3.1.tgz 0ms (cache hit)
1091 http cache execa@https://registry.npmjs.org/execa/-/execa-9.6.1.tgz 0ms (cache hit)
1092 http cache express@https://registry.npmjs.org/express/-/express-5.2.1.tgz 0ms (cache hit)
1093 http cache expect-type@https://registry.npmjs.org/expect-type/-/expect-type-1.4.0.tgz 0ms (cache hit)
1094 http cache eventsource-parser@https://registry.npmjs.org/eventsource-parser/-/eventsource-parser-3.1.0.tgz 0ms (cache hit)
1095 http cache eventsource@https://registry.npmjs.org/eventsource/-/eventsource-3.0.7.tgz 0ms (cache hit)
1096 http cache esutils@https://registry.npmjs.org/esutils/-/esutils-2.0.3.tgz 0ms (cache hit)
1097 http cache estree-walker@https://registry.npmjs.org/estree-walker/-/estree-walker-3.0.3.tgz 0ms (cache hit)
1098 http cache eventemitter3@https://registry.npmjs.org/eventemitter3/-/eventemitter3-5.0.4.tgz 0ms (cache hit)
1099 http cache estraverse@https://registry.npmjs.org/estraverse/-/estraverse-5.3.0.tgz 0ms (cache hit)
1100 http cache etag@https://registry.npmjs.org/etag/-/etag-1.8.1.tgz 0ms (cache hit)
1101 http cache esrecurse@https://registry.npmjs.org/esrecurse/-/esrecurse-4.3.0.tgz 0ms (cache hit)
1102 http cache esquery@https://registry.npmjs.org/esquery/-/esquery-1.7.0.tgz 0ms (cache hit)
1103 http cache espree@https://registry.npmjs.org/espree/-/espree-10.4.0.tgz 0ms (cache hit)
1104 http cache eslint-visitor-keys@https://registry.npmjs.org/eslint-visitor-keys/-/eslint-visitor-keys-4.2.1.tgz 0ms (cache hit)
1105 http cache eslint-scope@https://registry.npmjs.org/eslint-scope/-/eslint-scope-8.4.0.tgz 0ms (cache hit)
1106 http cache eslint-plugin-react-hooks@https://registry.npmjs.org/eslint-plugin-react-hooks/-/eslint-plugin-react-hooks-7.1.1.tgz 0ms (cache hit)
1107 http cache eslint-plugin-jsx-a11y@https://registry.npmjs.org/eslint-plugin-jsx-a11y/-/eslint-plugin-jsx-a11y-6.10.2.tgz 0ms (cache hit)
1108 http cache eslint-plugin-react@https://registry.npmjs.org/eslint-plugin-react/-/eslint-plugin-react-7.37.5.tgz 0ms (cache hit)
1109 http cache eslint-plugin-import@https://registry.npmjs.org/eslint-plugin-import/-/eslint-plugin-import-2.32.0.tgz 0ms (cache hit)
1110 http cache eslint-import-resolver-typescript@https://registry.npmjs.org/eslint-import-resolver-typescript/-/eslint-import-resolver-typescript-3.10.1.tgz 0ms (cache hit)
1111 http cache eslint-module-utils@https://registry.npmjs.org/eslint-module-utils/-/eslint-module-utils-2.14.0.tgz 0ms (cache hit)
1112 http cache eslint-config-next@https://registry.npmjs.org/eslint-config-next/-/eslint-config-next-16.2.10.tgz 0ms (cache hit)
1113 http cache esprima@https://registry.npmjs.org/esprima/-/esprima-4.0.1.tgz 0ms (cache hit)
1114 http cache eslint@https://registry.npmjs.org/eslint/-/eslint-9.39.5.tgz 0ms (cache hit)
1115 http cache escape-string-regexp@https://registry.npmjs.org/escape-string-regexp/-/escape-string-regexp-4.0.0.tgz 0ms (cache hit)
1116 http cache eslint-import-resolver-node@https://registry.npmjs.org/eslint-import-resolver-node/-/eslint-import-resolver-node-0.3.10.tgz 0ms (cache hit)
1117 http cache esbuild@https://registry.npmjs.org/esbuild/-/esbuild-0.28.1.tgz 0ms (cache hit)
1118 http cache escape-html@https://registry.npmjs.org/escape-html/-/escape-html-1.0.3.tgz 0ms (cache hit)
1119 http cache es-toolkit@https://registry.npmjs.org/es-toolkit/-/es-toolkit-1.49.0.tgz 0ms (cache hit)
1120 http cache escalade@https://registry.npmjs.org/escalade/-/escalade-3.2.0.tgz 0ms (cache hit)
1121 http cache es-shim-unscopables@https://registry.npmjs.org/es-shim-unscopables/-/es-shim-unscopables-1.1.0.tgz 0ms (cache hit)
1122 http cache es-set-tostringtag@https://registry.npmjs.org/es-set-tostringtag/-/es-set-tostringtag-2.1.0.tgz 0ms (cache hit)
1123 http cache es-object-atoms@https://registry.npmjs.org/es-object-atoms/-/es-object-atoms-1.1.2.tgz 0ms (cache hit)
1124 http cache es-to-primitive@https://registry.npmjs.org/es-to-primitive/-/es-to-primitive-1.3.4.tgz 0ms (cache hit)
1125 http cache es-iterator-helpers@https://registry.npmjs.org/es-iterator-helpers/-/es-iterator-helpers-1.4.0.tgz 0ms (cache hit)
1126 http cache es-module-lexer@https://registry.npmjs.org/es-module-lexer/-/es-module-lexer-1.7.0.tgz 0ms (cache hit)
1127 http cache es-define-property@https://registry.npmjs.org/es-define-property/-/es-define-property-1.0.1.tgz 0ms (cache hit)
1128 http cache es-errors@https://registry.npmjs.org/es-errors/-/es-errors-1.3.0.tgz 0ms (cache hit)
1129 http cache es-abstract-get@https://registry.npmjs.org/es-abstract-get/-/es-abstract-get-1.0.0.tgz 0ms (cache hit)
1130 http cache error-ex@https://registry.npmjs.org/error-ex/-/error-ex-1.3.4.tgz 0ms (cache hit)
1131 http cache env-paths@https://registry.npmjs.org/env-paths/-/env-paths-2.2.1.tgz 0ms (cache hit)
1132 http cache es-abstract@https://registry.npmjs.org/es-abstract/-/es-abstract-1.24.2.tgz 0ms (cache hit)
1133 http cache enhanced-resolve@https://registry.npmjs.org/enhanced-resolve/-/enhanced-resolve-5.24.3.tgz 0ms (cache hit)
1134 http cache enquirer@https://registry.npmjs.org/enquirer/-/enquirer-2.4.1.tgz 0ms (cache hit)
1135 http cache encodeurl@https://registry.npmjs.org/encodeurl/-/encodeurl-2.0.0.tgz 0ms (cache hit)
1136 http cache emoji-regex@https://registry.npmjs.org/emoji-regex/-/emoji-regex-9.2.2.tgz 0ms (cache hit)
1137 http cache electron-to-chromium@https://registry.npmjs.org/electron-to-chromium/-/electron-to-chromium-1.5.394.tgz 0ms (cache hit)
1138 http cache ee-first@https://registry.npmjs.org/ee-first/-/ee-first-1.1.1.tgz 0ms (cache hit)
1139 http cache doctrine@https://registry.npmjs.org/doctrine/-/doctrine-2.1.0.tgz 0ms (cache hit)
1140 http cache dunder-proto@https://registry.npmjs.org/dunder-proto/-/dunder-proto-1.0.1.tgz 0ms (cache hit)
1141 http cache dot-prop@https://registry.npmjs.org/dot-prop/-/dot-prop-6.0.1.tgz 0ms (cache hit)
1142 http cache dotenv@https://registry.npmjs.org/dotenv/-/dotenv-17.4.2.tgz 0ms (cache hit)
1143 http cache detect-libc@https://registry.npmjs.org/detect-libc/-/detect-libc-2.1.2.tgz 0ms (cache hit)
1144 http cache depd@https://registry.npmjs.org/depd/-/depd-2.0.0.tgz 0ms (cache hit)
1145 http cache diff@https://registry.npmjs.org/diff/-/diff-8.0.4.tgz 0ms (cache hit)
1146 http cache define-lazy-prop@https://registry.npmjs.org/define-lazy-prop/-/define-lazy-prop-3.0.0.tgz 0ms (cache hit)
1147 http cache define-properties@https://registry.npmjs.org/define-properties/-/define-properties-1.2.1.tgz 0ms (cache hit)
1148 http cache deepmerge@https://registry.npmjs.org/deepmerge/-/deepmerge-4.3.1.tgz 0ms (cache hit)
1149 http cache define-data-property@https://registry.npmjs.org/define-data-property/-/define-data-property-1.1.4.tgz 0ms (cache hit)
1150 http cache default-browser-id@https://registry.npmjs.org/default-browser-id/-/default-browser-id-5.0.1.tgz 0ms (cache hit)
1151 http cache default-browser@https://registry.npmjs.org/default-browser/-/default-browser-5.5.0.tgz 0ms (cache hit)
1152 http cache deep-eql@https://registry.npmjs.org/deep-eql/-/deep-eql-5.0.2.tgz 0ms (cache hit)
1153 http cache decimal.js-light@https://registry.npmjs.org/decimal.js-light/-/decimal.js-light-2.5.1.tgz 0ms (cache hit)
1154 http cache debounce-fn@https://registry.npmjs.org/debounce-fn/-/debounce-fn-4.0.0.tgz 0ms (cache hit)
1155 http cache deep-is@https://registry.npmjs.org/deep-is/-/deep-is-0.1.4.tgz 0ms (cache hit)
1156 http cache dedent@https://registry.npmjs.org/dedent/-/dedent-1.7.2.tgz 0ms (cache hit)
1157 http cache debug@https://registry.npmjs.org/debug/-/debug-4.4.3.tgz 0ms (cache hit)
1158 http cache data-view-byte-offset@https://registry.npmjs.org/data-view-byte-offset/-/data-view-byte-offset-1.0.1.tgz 0ms (cache hit)
1159 http cache d3-timer@https://registry.npmjs.org/d3-timer/-/d3-timer-3.0.1.tgz 0ms (cache hit)
1160 http cache data-view-byte-length@https://registry.npmjs.org/data-view-byte-length/-/data-view-byte-length-1.0.2.tgz 0ms (cache hit)
1161 http cache damerau-levenshtein@https://registry.npmjs.org/damerau-levenshtein/-/damerau-levenshtein-1.0.8.tgz 0ms (cache hit)
1162 http cache data-view-buffer@https://registry.npmjs.org/data-view-buffer/-/data-view-buffer-1.0.2.tgz 0ms (cache hit)
1163 http cache d3-scale@https://registry.npmjs.org/d3-scale/-/d3-scale-4.0.2.tgz 0ms (cache hit)
1164 http cache d3-shape@https://registry.npmjs.org/d3-shape/-/d3-shape-3.2.0.tgz 0ms (cache hit)
1165 http cache d3-time-format@https://registry.npmjs.org/d3-time-format/-/d3-time-format-4.1.0.tgz 0ms (cache hit)
1166 http cache d3-path@https://registry.npmjs.org/d3-path/-/d3-path-3.1.0.tgz 0ms (cache hit)
1167 http cache d3-time@https://registry.npmjs.org/d3-time/-/d3-time-3.1.0.tgz 0ms (cache hit)
1168 http cache d3-interpolate@https://registry.npmjs.org/d3-interpolate/-/d3-interpolate-3.0.1.tgz 0ms (cache hit)
1169 http cache d3-color@https://registry.npmjs.org/d3-color/-/d3-color-3.1.0.tgz 0ms (cache hit)
1170 http cache d3-format@https://registry.npmjs.org/d3-format/-/d3-format-3.1.2.tgz 0ms (cache hit)
1171 http cache csstype@https://registry.npmjs.org/csstype/-/csstype-3.2.3.tgz 0ms (cache hit)
1172 http cache d3-ease@https://registry.npmjs.org/d3-ease/-/d3-ease-3.0.1.tgz 0ms (cache hit)
1173 http cache cssesc@https://registry.npmjs.org/cssesc/-/cssesc-3.0.0.tgz 0ms (cache hit)
1174 http cache d3-array@https://registry.npmjs.org/d3-array/-/d3-array-3.2.4.tgz 0ms (cache hit)
1175 http cache cross-spawn@https://registry.npmjs.org/cross-spawn/-/cross-spawn-7.0.6.tgz 0ms (cache hit)
1176 http cache cosmiconfig@https://registry.npmjs.org/cosmiconfig/-/cosmiconfig-9.0.2.tgz 0ms (cache hit)
1177 http cache cookie-signature@https://registry.npmjs.org/cookie-signature/-/cookie-signature-1.2.2.tgz 0ms (cache hit)
1178 http cache cors@https://registry.npmjs.org/cors/-/cors-2.8.6.tgz 0ms (cache hit)
1179 http cache cookie@https://registry.npmjs.org/cookie/-/cookie-0.7.2.tgz 0ms (cache hit)
1180 http cache content-disposition@https://registry.npmjs.org/content-disposition/-/content-disposition-1.1.0.tgz 0ms (cache hit)
1181 http cache convert-source-map@https://registry.npmjs.org/convert-source-map/-/convert-source-map-2.0.0.tgz 0ms (cache hit)
1182 http cache conf@https://registry.npmjs.org/conf/-/conf-10.2.0.tgz 0ms (cache hit)
1183 http cache content-type@https://registry.npmjs.org/content-type/-/content-type-1.0.5.tgz 0ms (cache hit)
1184 http cache color-name@https://registry.npmjs.org/color-name/-/color-name-1.1.4.tgz 0ms (cache hit)
1185 http cache concat-map@https://registry.npmjs.org/concat-map/-/concat-map-0.0.1.tgz 0ms (cache hit)
1186 http cache code-block-writer@https://registry.npmjs.org/code-block-writer/-/code-block-writer-13.0.3.tgz 0ms (cache hit)
1187 http cache color-convert@https://registry.npmjs.org/color-convert/-/color-convert-2.0.1.tgz 0ms (cache hit)
1188 http cache commander@https://registry.npmjs.org/commander/-/commander-14.0.3.tgz 0ms (cache hit)
1189 http cache client-only@https://registry.npmjs.org/client-only/-/client-only-0.0.1.tgz 0ms (cache hit)
1190 http cache cli-spinners@https://registry.npmjs.org/cli-spinners/-/cli-spinners-2.9.2.tgz 0ms (cache hit)
1191 http cache clsx@https://registry.npmjs.org/clsx/-/clsx-2.1.1.tgz 0ms (cache hit)
1192 http cache cli-cursor@https://registry.npmjs.org/cli-cursor/-/cli-cursor-5.0.0.tgz 0ms (cache hit)
1193 http cache class-variance-authority@https://registry.npmjs.org/class-variance-authority/-/class-variance-authority-0.7.1.tgz 0ms (cache hit)
1194 http cache check-error@https://registry.npmjs.org/check-error/-/check-error-2.1.3.tgz 0ms (cache hit)
1195 http cache chalk@https://registry.npmjs.org/chalk/-/chalk-4.1.2.tgz 0ms (cache hit)
1196 http cache chai@https://registry.npmjs.org/chai/-/chai-5.3.3.tgz 0ms (cache hit)
1197 http cache caniuse-lite@https://registry.npmjs.org/caniuse-lite/-/caniuse-lite-1.0.30001806.tgz 0ms (cache hit)
1198 http cache canvas-confetti@https://registry.npmjs.org/canvas-confetti/-/canvas-confetti-1.9.4.tgz 0ms (cache hit)
1199 http cache callsites@https://registry.npmjs.org/callsites/-/callsites-3.1.0.tgz 0ms (cache hit)
1200 http cache call-bind-apply-helpers@https://registry.npmjs.org/call-bind-apply-helpers/-/call-bind-apply-helpers-1.0.2.tgz 0ms (cache hit)
1201 http cache call-bound@https://registry.npmjs.org/call-bound/-/call-bound-1.0.4.tgz 0ms (cache hit)
1202 http cache cac@https://registry.npmjs.org/cac/-/cac-6.7.14.tgz 0ms (cache hit)
1203 http cache bytes@https://registry.npmjs.org/bytes/-/bytes-3.1.2.tgz 0ms (cache hit)
1204 http cache call-bind@https://registry.npmjs.org/call-bind/-/call-bind-1.0.9.tgz 0ms (cache hit)
1205 http cache bundle-name@https://registry.npmjs.org/bundle-name/-/bundle-name-4.1.0.tgz 0ms (cache hit)
1206 http cache browserslist@https://registry.npmjs.org/browserslist/-/browserslist-4.28.6.tgz 0ms (cache hit)
1207 http cache baseline-browser-mapping@https://registry.npmjs.org/baseline-browser-mapping/-/baseline-browser-mapping-2.10.44.tgz 0ms (cache hit)
1208 http cache braces@https://registry.npmjs.org/braces/-/braces-3.0.3.tgz 0ms (cache hit)
1209 http cache brace-expansion@https://registry.npmjs.org/brace-expansion/-/brace-expansion-1.1.16.tgz 0ms (cache hit)
1210 http cache body-parser@https://registry.npmjs.org/body-parser/-/body-parser-2.3.0.tgz 0ms (cache hit)
1211 http cache axobject-query@https://registry.npmjs.org/axobject-query/-/axobject-query-4.1.0.tgz 0ms (cache hit)
1212 http cache balanced-match@https://registry.npmjs.org/balanced-match/-/balanced-match-1.0.2.tgz 0ms (cache hit)
1213 http cache available-typed-arrays@https://registry.npmjs.org/available-typed-arrays/-/available-typed-arrays-1.0.7.tgz 0ms (cache hit)
1214 http cache axe-core@https://registry.npmjs.org/axe-core/-/axe-core-4.12.1.tgz 0ms (cache hit)
1215 http cache atomically@https://registry.npmjs.org/atomically/-/atomically-1.7.0.tgz 0ms (cache hit)
1216 http cache ast-types-flow@https://registry.npmjs.org/ast-types-flow/-/ast-types-flow-0.0.8.tgz 0ms (cache hit)
1217 http cache async-function@https://registry.npmjs.org/async-function/-/async-function-1.0.0.tgz 0ms (cache hit)
1218 http cache ast-types@https://registry.npmjs.org/ast-types/-/ast-types-0.16.1.tgz 0ms (cache hit)
1219 http cache arraybuffer.prototype.slice@https://registry.npmjs.org/arraybuffer.prototype.slice/-/arraybuffer.prototype.slice-1.0.4.tgz 0ms (cache hit)
1220 http cache assertion-error@https://registry.npmjs.org/assertion-error/-/assertion-error-2.0.1.tgz 0ms (cache hit)
1221 http cache array.prototype.tosorted@https://registry.npmjs.org/array.prototype.tosorted/-/array.prototype.tosorted-1.1.4.tgz 0ms (cache hit)
1222 http cache array.prototype.flat@https://registry.npmjs.org/array.prototype.flat/-/array.prototype.flat-1.3.3.tgz 0ms (cache hit)
1223 http cache array.prototype.findlastindex@https://registry.npmjs.org/array.prototype.findlastindex/-/array.prototype.findlastindex-1.2.6.tgz 0ms (cache hit)
1224 http cache array.prototype.flatmap@https://registry.npmjs.org/array.prototype.flatmap/-/array.prototype.flatmap-1.3.3.tgz 0ms (cache hit)
1225 http cache array-includes@https://registry.npmjs.org/array-includes/-/array-includes-3.1.9.tgz 0ms (cache hit)
1226 http cache array.prototype.findlast@https://registry.npmjs.org/array.prototype.findlast/-/array.prototype.findlast-1.2.5.tgz 0ms (cache hit)
1227 http cache aria-query@https://registry.npmjs.org/aria-query/-/aria-query-5.3.2.tgz 0ms (cache hit)
1228 http cache array-buffer-byte-length@https://registry.npmjs.org/array-buffer-byte-length/-/array-buffer-byte-length-1.0.2.tgz 0ms (cache hit)
1229 http cache ansi-regex@https://registry.npmjs.org/ansi-regex/-/ansi-regex-5.0.1.tgz 0ms (cache hit)
1230 http cache ansi-colors@https://registry.npmjs.org/ansi-colors/-/ansi-colors-4.1.3.tgz 0ms (cache hit)
1231 http cache ansi-styles@https://registry.npmjs.org/ansi-styles/-/ansi-styles-4.3.0.tgz 0ms (cache hit)
1232 http cache argparse@https://registry.npmjs.org/argparse/-/argparse-2.0.1.tgz 0ms (cache hit)
1233 http cache ajv-formats@https://registry.npmjs.org/ajv-formats/-/ajv-formats-3.0.1.tgz 0ms (cache hit)
1234 http cache ajv@https://registry.npmjs.org/ajv/-/ajv-6.15.0.tgz 0ms (cache hit)
1235 http cache typescript@https://registry.npmjs.org/typescript/-/typescript-5.9.3.tgz 0ms (cache hit)
1236 http cache vitest@https://registry.npmjs.org/vitest/-/vitest-3.2.7.tgz 0ms (cache hit)
1237 http cache accepts@https://registry.npmjs.org/accepts/-/accepts-2.0.0.tgz 0ms (cache hit)
1238 http cache acorn-jsx@https://registry.npmjs.org/acorn-jsx/-/acorn-jsx-5.3.2.tgz 0ms (cache hit)
1239 http cache acorn@https://registry.npmjs.org/acorn/-/acorn-8.17.0.tgz 0ms (cache hit)
1240 http cache typescript@https://registry.npmjs.org/typescript/-/typescript-5.9.3.tgz 0ms (cache hit)
1241 http cache picomatch@https://registry.npmjs.org/picomatch/-/picomatch-4.0.5.tgz 0ms (cache hit)
1242 http cache eslint-visitor-keys@https://registry.npmjs.org/eslint-visitor-keys/-/eslint-visitor-keys-5.0.1.tgz 0ms (cache hit)
1243 http cache ignore@https://registry.npmjs.org/ignore/-/ignore-7.0.6.tgz 0ms (cache hit)
1244 http cache semver@https://registry.npmjs.org/semver/-/semver-7.8.5.tgz 0ms (cache hit)
1245 http cache glob-parent@https://registry.npmjs.org/glob-parent/-/glob-parent-5.1.2.tgz 0ms (cache hit)
1246 http cache fast-glob@https://registry.npmjs.org/fast-glob/-/fast-glob-3.3.3.tgz 0ms (cache hit)
1247 http cache minimatch@https://registry.npmjs.org/minimatch/-/minimatch-10.2.5.tgz 0ms (cache hit)
1248 http cache minimatch@https://registry.npmjs.org/minimatch/-/minimatch-10.2.5.tgz 0ms (cache hit)
1249 http cache brace-expansion@https://registry.npmjs.org/brace-expansion/-/brace-expansion-5.0.7.tgz 0ms (cache hit)
1250 http cache balanced-match@https://registry.npmjs.org/balanced-match/-/balanced-match-4.0.4.tgz 0ms (cache hit)
1251 http cache immer@https://registry.npmjs.org/immer/-/immer-11.1.15.tgz 0ms (cache hit)
1252 http cache balanced-match@https://registry.npmjs.org/balanced-match/-/balanced-match-4.0.4.tgz 0ms (cache hit)
1253 http cache json-schema-traverse@https://registry.npmjs.org/json-schema-traverse/-/json-schema-traverse-1.0.0.tgz 0ms (cache hit)
1254 http cache ajv@https://registry.npmjs.org/ajv/-/ajv-8.20.0.tgz 0ms (cache hit)
1255 http cache eslint-visitor-keys@https://registry.npmjs.org/eslint-visitor-keys/-/eslint-visitor-keys-3.4.3.tgz 0ms (cache hit)
1256 http cache brace-expansion@https://registry.npmjs.org/brace-expansion/-/brace-expansion-5.0.7.tgz 0ms (cache hit)
1257 http cache which@https://registry.npmjs.org/which/-/which-4.0.0.tgz 0ms (cache hit)
1258 http cache strip-final-newline@https://registry.npmjs.org/strip-final-newline/-/strip-final-newline-2.0.0.tgz 0ms (cache hit)
1259 http cache signal-exit@https://registry.npmjs.org/signal-exit/-/signal-exit-3.0.7.tgz 0ms (cache hit)
1260 http cache is-stream@https://registry.npmjs.org/is-stream/-/is-stream-2.0.1.tgz 0ms (cache hit)
1261 http cache picomatch@https://registry.npmjs.org/picomatch/-/picomatch-4.0.5.tgz 0ms (cache hit)
1262 http cache npm-run-path@https://registry.npmjs.org/npm-run-path/-/npm-run-path-4.0.1.tgz 0ms (cache hit)
1263 http cache open@https://registry.npmjs.org/open/-/open-8.4.2.tgz 0ms (cache hit)
1264 http cache is-wsl@https://registry.npmjs.org/is-wsl/-/is-wsl-2.2.0.tgz 0ms (cache hit)
1265 http cache isexe@https://registry.npmjs.org/isexe/-/isexe-3.1.5.tgz 0ms (cache hit)
1266 http cache is-docker@https://registry.npmjs.org/is-docker/-/is-docker-2.2.1.tgz 0ms (cache hit)
1267 http cache get-stream@https://registry.npmjs.org/get-stream/-/get-stream-6.0.1.tgz 0ms (cache hit)
1268 http cache human-signals@https://registry.npmjs.org/human-signals/-/human-signals-2.1.0.tgz 0ms (cache hit)
1269 http cache execa@https://registry.npmjs.org/execa/-/execa-5.1.1.tgz 0ms (cache hit)
1270 http cache fdir@https://registry.npmjs.org/fdir/-/fdir-6.5.0.tgz 0ms (cache hit)
1271 http cache define-lazy-prop@https://registry.npmjs.org/define-lazy-prop/-/define-lazy-prop-2.0.0.tgz 0ms (cache hit)
1272 http cache @vitest/utils@https://registry.npmjs.org/@vitest/utils/-/utils-4.1.10.tgz 0ms (cache hit)
1273 http cache commander@https://registry.npmjs.org/commander/-/commander-11.1.0.tgz 0ms (cache hit)
1274 http cache @vitest/runner@https://registry.npmjs.org/@vitest/runner/-/runner-4.1.10.tgz 0ms (cache hit)
1275 http cache @vitest/spy@https://registry.npmjs.org/@vitest/spy/-/spy-4.1.10.tgz 0ms (cache hit)
1276 http cache @vitest/snapshot@https://registry.npmjs.org/@vitest/snapshot/-/snapshot-4.1.10.tgz 0ms (cache hit)
1277 http cache @vitest/expect@https://registry.npmjs.org/@vitest/expect/-/expect-4.1.10.tgz 0ms (cache hit)
1278 http cache @vitest/mocker@https://registry.npmjs.org/@vitest/mocker/-/mocker-4.1.10.tgz 0ms (cache hit)
1279 http cache @vitest/pretty-format@https://registry.npmjs.org/@vitest/pretty-format/-/pretty-format-4.1.10.tgz 0ms (cache hit)
1280 http cache tinyrainbow@https://registry.npmjs.org/tinyrainbow/-/tinyrainbow-3.1.0.tgz 0ms (cache hit)
1281 http cache picomatch@https://registry.npmjs.org/picomatch/-/picomatch-4.0.5.tgz 0ms (cache hit)
1282 http cache picomatch@https://registry.npmjs.org/picomatch/-/picomatch-4.0.5.tgz 0ms (cache hit)
1283 http cache tinyexec@https://registry.npmjs.org/tinyexec/-/tinyexec-1.2.4.tgz 0ms (cache hit)
1284 http cache chai@https://registry.npmjs.org/chai/-/chai-6.2.2.tgz 0ms (cache hit)
1285 http cache content-type@https://registry.npmjs.org/content-type/-/content-type-2.0.0.tgz 0ms (cache hit)
1286 http cache std-env@https://registry.npmjs.org/std-env/-/std-env-4.2.0.tgz 0ms (cache hit)
1287 http cache es-module-lexer@https://registry.npmjs.org/es-module-lexer/-/es-module-lexer-2.3.1.tgz 0ms (cache hit)
1288 http cache fdir@https://registry.npmjs.org/fdir/-/fdir-6.5.0.tgz 0ms (cache hit)
1289 http cache json5@https://registry.npmjs.org/json5/-/json5-1.0.2.tgz 0ms (cache hit)
1290 http cache js-tokens@https://registry.npmjs.org/js-tokens/-/js-tokens-9.0.1.tgz 0ms (cache hit)
1291 http cache is-obj@https://registry.npmjs.org/is-obj/-/is-obj-3.0.0.tgz 0ms (cache hit)
1292 http cache picomatch@https://registry.npmjs.org/picomatch/-/picomatch-4.0.5.tgz 0ms (cache hit)
1293 http cache fdir@https://registry.npmjs.org/fdir/-/fdir-6.5.0.tgz 0ms (cache hit)
1294 http cache semver@https://registry.npmjs.org/semver/-/semver-7.8.5.tgz 0ms (cache hit)
1295 http cache onetime@https://registry.npmjs.org/onetime/-/onetime-7.0.0.tgz 0ms (cache hit)
1296 http cache glob-parent@https://registry.npmjs.org/glob-parent/-/glob-parent-5.1.2.tgz 0ms (cache hit)
1297 http cache reselect@https://registry.npmjs.org/reselect/-/reselect-5.1.1.tgz 0ms (cache hit)
1298 http cache tsconfig-paths@https://registry.npmjs.org/tsconfig-paths/-/tsconfig-paths-4.2.0.tgz 0ms (cache hit)
1299 http cache kleur@https://registry.npmjs.org/kleur/-/kleur-3.0.3.tgz 0ms (cache hit)
1300 http cache zod@https://registry.npmjs.org/zod/-/zod-3.25.76.tgz 1ms (cache hit)
1301 http cache fast-glob@https://registry.npmjs.org/fast-glob/-/fast-glob-3.3.3.tgz 0ms (cache hit)
1302 http cache chalk@https://registry.npmjs.org/chalk/-/chalk-5.6.2.tgz 0ms (cache hit)
1303 http cache strip-ansi@https://registry.npmjs.org/strip-ansi/-/strip-ansi-7.2.0.tgz 0ms (cache hit)
1304 http cache p-locate@https://registry.npmjs.org/p-locate/-/p-locate-3.0.0.tgz 0ms (cache hit)
1305 http cache p-limit@https://registry.npmjs.org/p-limit/-/p-limit-2.3.0.tgz 0ms (cache hit)
1306 http cache path-exists@https://registry.npmjs.org/path-exists/-/path-exists-3.0.0.tgz 0ms (cache hit)
1307 http cache mimic-fn@https://registry.npmjs.org/mimic-fn/-/mimic-fn-2.1.0.tgz 0ms (cache hit)
1308 http cache find-up@https://registry.npmjs.org/find-up/-/find-up-3.0.0.tgz 0ms (cache hit)
1309 http cache path-key@https://registry.npmjs.org/path-key/-/path-key-4.0.0.tgz 0ms (cache hit)
1310 http cache locate-path@https://registry.npmjs.org/locate-path/-/locate-path-3.0.0.tgz 0ms (cache hit)
1311 http cache string-width@https://registry.npmjs.org/string-width/-/string-width-7.2.0.tgz 0ms (cache hit)
1312 http cache postcss@https://registry.npmjs.org/postcss/-/postcss-8.4.31.tgz 0ms (cache hit)
1313 http cache glob-parent@https://registry.npmjs.org/glob-parent/-/glob-parent-5.1.2.tgz 0ms (cache hit)
1314 http cache ansi-regex@https://registry.npmjs.org/ansi-regex/-/ansi-regex-6.2.2.tgz 0ms (cache hit)
1315 http cache semver@https://registry.npmjs.org/semver/-/semver-7.8.5.tgz 0ms (cache hit)
1316 http cache emoji-regex@https://registry.npmjs.org/emoji-regex/-/emoji-regex-10.6.0.tgz 0ms (cache hit)
1317 http cache chalk@https://registry.npmjs.org/chalk/-/chalk-5.6.2.tgz 0ms (cache hit)
1318 http cache debug@https://registry.npmjs.org/debug/-/debug-3.2.7.tgz 0ms (cache hit)
1319 http cache debug@https://registry.npmjs.org/debug/-/debug-3.2.7.tgz 0ms (cache hit)
1320 http cache debug@https://registry.npmjs.org/debug/-/debug-3.2.7.tgz 0ms (cache hit)
1321 http cache is-unicode-supported@https://registry.npmjs.org/is-unicode-supported/-/is-unicode-supported-1.3.0.tgz 0ms (cache hit)
1322 http cache globals@https://registry.npmjs.org/globals/-/globals-16.4.0.tgz 0ms (cache hit)
1323 http cache semver@https://registry.npmjs.org/semver/-/semver-7.8.5.tgz 0ms (cache hit)
1324 http cache json-schema-typed@https://registry.npmjs.org/json-schema-typed/-/json-schema-typed-7.0.3.tgz 0ms (cache hit)
1325 http cache content-type@https://registry.npmjs.org/content-type/-/content-type-2.0.0.tgz 0ms (cache hit)
1326 http cache ajv-formats@https://registry.npmjs.org/ajv-formats/-/ajv-formats-2.1.1.tgz 0ms (cache hit)
1327 http cache json-schema-traverse@https://registry.npmjs.org/json-schema-traverse/-/json-schema-traverse-1.0.0.tgz 0ms (cache hit)
1328 http cache json-schema-traverse@https://registry.npmjs.org/json-schema-traverse/-/json-schema-traverse-1.0.0.tgz 0ms (cache hit)
1329 silly tarball no local data for @vitest/utils@https://registry.npmjs.org/@vitest/utils/-/utils-3.2.7.tgz. Extracting by manifest.
1330 http cache ajv@https://registry.npmjs.org/ajv/-/ajv-8.20.0.tgz 0ms (cache hit)
1331 silly tarball no local data for @vitest/snapshot@https://registry.npmjs.org/@vitest/snapshot/-/snapshot-3.2.7.tgz. Extracting by manifest.
1332 silly tarball no local data for @vitest/spy@https://registry.npmjs.org/@vitest/spy/-/spy-3.2.7.tgz. Extracting by manifest.
1333 silly tarball no local data for @vitest/pretty-format@https://registry.npmjs.org/@vitest/pretty-format/-/pretty-format-3.2.7.tgz. Extracting by manifest.
1334 http cache ajv@https://registry.npmjs.org/ajv/-/ajv-8.20.0.tgz 0ms (cache hit)
1335 silly tarball no local data for @unrs/resolver-binding-win32-x64-msvc@https://registry.npmjs.org/@unrs/resolver-binding-win32-x64-msvc/-/resolver-binding-win32-x64-msvc-1.12.2.tgz. Extracting by manifest.
1336 silly tarball no local data for @typescript-eslint/utils@https://registry.npmjs.org/@typescript-eslint/utils/-/utils-8.65.0.tgz. Extracting by manifest.
1337 silly tarball no local data for @typescript-eslint/visitor-keys@https://registry.npmjs.org/@typescript-eslint/visitor-keys/-/visitor-keys-8.65.0.tgz. Extracting by manifest.
1338 silly tarball no local data for @vitest/runner@https://registry.npmjs.org/@vitest/runner/-/runner-3.2.7.tgz. Extracting by manifest.
1339 silly tarball no local data for @vitest/expect@https://registry.npmjs.org/@vitest/expect/-/expect-3.2.7.tgz. Extracting by manifest.
1340 silly tarball no local data for @vitest/mocker@https://registry.npmjs.org/@vitest/mocker/-/mocker-3.2.7.tgz. Extracting by manifest.
1341 silly tarball no local data for @typescript-eslint/typescript-estree@https://registry.npmjs.org/@typescript-eslint/typescript-estree/-/typescript-estree-8.65.0.tgz. Extracting by manifest.
1342 silly tarball no local data for @typescript-eslint/types@https://registry.npmjs.org/@typescript-eslint/types/-/types-8.65.0.tgz. Extracting by manifest.
1343 silly tarball no local data for @typescript-eslint/type-utils@https://registry.npmjs.org/@typescript-eslint/type-utils/-/type-utils-8.65.0.tgz. Extracting by manifest.
1344 silly tarball no local data for @typescript-eslint/parser@https://registry.npmjs.org/@typescript-eslint/parser/-/parser-8.65.0.tgz. Extracting by manifest.
1345 silly tarball no local data for @typescript-eslint/scope-manager@https://registry.npmjs.org/@typescript-eslint/scope-manager/-/scope-manager-8.65.0.tgz. Extracting by manifest.
1346 silly tarball no local data for @types/validate-npm-package-name@https://registry.npmjs.org/@types/validate-npm-package-name/-/validate-npm-package-name-4.0.2.tgz. Extracting by manifest.
1347 silly tarball no local data for @ts-morph/common@https://registry.npmjs.org/@ts-morph/common/-/common-0.27.0.tgz. Extracting by manifest.
1348 silly tarball no local data for @types/use-sync-external-store@https://registry.npmjs.org/@types/use-sync-external-store/-/use-sync-external-store-0.0.6.tgz. Extracting by manifest.
1349 silly tarball no local data for @typescript-eslint/project-service@https://registry.npmjs.org/@typescript-eslint/project-service/-/project-service-8.65.0.tgz. Extracting by manifest.
1350 silly tarball no local data for @typescript-eslint/eslint-plugin@https://registry.npmjs.org/@typescript-eslint/eslint-plugin/-/eslint-plugin-8.65.0.tgz. Extracting by manifest.
1351 silly tarball no local data for @typescript-eslint/tsconfig-utils@https://registry.npmjs.org/@typescript-eslint/tsconfig-utils/-/tsconfig-utils-8.65.0.tgz. Extracting by manifest.
1352 silly tarball no local data for @types/react-dom@https://registry.npmjs.org/@types/react-dom/-/react-dom-19.2.3.tgz. Extracting by manifest.
1353 silly tarball no local data for @types/react@https://registry.npmjs.org/@types/react/-/react-19.2.17.tgz. Extracting by manifest.
1354 silly tarball no local data for @types/ws@https://registry.npmjs.org/@types/ws/-/ws-8.18.1.tgz. Extracting by manifest.
1355 silly tarball no local data for @types/json-schema@https://registry.npmjs.org/@types/json-schema/-/json-schema-7.0.15.tgz. Extracting by manifest.
1356 silly tarball no local data for @types/node@https://registry.npmjs.org/@types/node/-/node-26.1.1.tgz. Extracting by manifest.
1357 silly tarball no local data for @types/json5@https://registry.npmjs.org/@types/json5/-/json5-0.0.29.tgz. Extracting by manifest.
1358 silly tarball no local data for @types/estree@https://registry.npmjs.org/@types/estree/-/estree-1.0.9.tgz. Extracting by manifest.
1359 silly tarball no local data for @types/d3-time@https://registry.npmjs.org/@types/d3-time/-/d3-time-3.0.4.tgz. Extracting by manifest.
1360 silly tarball no local data for @types/d3-shape@https://registry.npmjs.org/@types/d3-shape/-/d3-shape-3.1.8.tgz. Extracting by manifest.
1361 silly tarball no local data for @types/deep-eql@https://registry.npmjs.org/@types/deep-eql/-/deep-eql-4.0.2.tgz. Extracting by manifest.
1362 silly tarball no local data for @types/d3-scale@https://registry.npmjs.org/@types/d3-scale/-/d3-scale-4.0.9.tgz. Extracting by manifest.
1363 silly tarball no local data for @types/d3-ease@https://registry.npmjs.org/@types/d3-ease/-/d3-ease-3.0.2.tgz. Extracting by manifest.
1364 silly tarball no local data for @types/d3-interpolate@https://registry.npmjs.org/@types/d3-interpolate/-/d3-interpolate-3.0.4.tgz. Extracting by manifest.
1365 silly tarball no local data for @types/d3-color@https://registry.npmjs.org/@types/d3-color/-/d3-color-3.1.3.tgz. Extracting by manifest.
1366 silly tarball no local data for @types/d3-array@https://registry.npmjs.org/@types/d3-array/-/d3-array-3.2.2.tgz. Extracting by manifest.
1367 silly tarball no local data for @types/chai@https://registry.npmjs.org/@types/chai/-/chai-5.2.3.tgz. Extracting by manifest.
1368 silly tarball no local data for @tailwindcss/postcss@https://registry.npmjs.org/@tailwindcss/postcss/-/postcss-4.3.3.tgz. Extracting by manifest.
1369 silly tarball no local data for @types/d3-timer@https://registry.npmjs.org/@types/d3-timer/-/d3-timer-3.0.2.tgz. Extracting by manifest.
1370 silly tarball no local data for @tailwindcss/oxide-win32-x64-msvc@https://registry.npmjs.org/@tailwindcss/oxide-win32-x64-msvc/-/oxide-win32-x64-msvc-4.3.3.tgz. Extracting by manifest.
1371 silly tarball no local data for @tailwindcss/oxide@https://registry.npmjs.org/@tailwindcss/oxide/-/oxide-4.3.3.tgz. Extracting by manifest.
1372 silly tarball no local data for @tailwindcss/node@https://registry.npmjs.org/@tailwindcss/node/-/node-4.3.3.tgz. Extracting by manifest.
1373 silly tarball no local data for @supabase/supabase-js@https://registry.npmjs.org/@supabase/supabase-js/-/supabase-js-2.109.0.tgz. Extracting by manifest.
1374 silly tarball no local data for @swc/helpers@https://registry.npmjs.org/@swc/helpers/-/helpers-0.5.15.tgz. Extracting by manifest.
1375 silly tarball no local data for @supabase/storage-js@https://registry.npmjs.org/@supabase/storage-js/-/storage-js-2.109.0.tgz. Extracting by manifest.
1376 silly tarball no local data for @supabase/postgrest-js@https://registry.npmjs.org/@supabase/postgrest-js/-/postgrest-js-2.109.0.tgz. Extracting by manifest.
1377 silly tarball no local data for @supabase/realtime-js@https://registry.npmjs.org/@supabase/realtime-js/-/realtime-js-2.109.0.tgz. Extracting by manifest.
1378 silly tarball no local data for @standard-schema/utils@https://registry.npmjs.org/@standard-schema/utils/-/utils-0.3.0.tgz. Extracting by manifest.
1379 silly tarball no local data for @sec-ant/readable-stream@https://registry.npmjs.org/@sec-ant/readable-stream/-/readable-stream-0.4.1.tgz. Extracting by manifest.
1380 silly tarball no local data for @standard-schema/spec@https://registry.npmjs.org/@standard-schema/spec/-/spec-1.1.0.tgz. Extracting by manifest.
1381 silly tarball no local data for @supabase/functions-js@https://registry.npmjs.org/@supabase/functions-js/-/functions-js-2.109.0.tgz. Extracting by manifest.
1382 silly tarball no local data for @supabase/phoenix@https://registry.npmjs.org/@supabase/phoenix/-/phoenix-0.4.4.tgz. Extracting by manifest.
1383 silly tarball no local data for @supabase/auth-js@https://registry.npmjs.org/@supabase/auth-js/-/auth-js-2.109.0.tgz. Extracting by manifest.
1384 silly tarball no local data for @sindresorhus/merge-streams@https://registry.npmjs.org/@sindresorhus/merge-streams/-/merge-streams-4.0.0.tgz. Extracting by manifest.
1385 silly tarball no local data for @rtsao/scc@https://registry.npmjs.org/@rtsao/scc/-/scc-1.1.0.tgz. Extracting by manifest.
1386 silly tarball no local data for @rollup/rollup-win32-x64-gnu@https://registry.npmjs.org/@rollup/rollup-win32-x64-gnu/-/rollup-win32-x64-gnu-4.62.2.tgz. Extracting by manifest.
1387 silly tarball no local data for @rollup/rollup-win32-x64-msvc@https://registry.npmjs.org/@rollup/rollup-win32-x64-msvc/-/rollup-win32-x64-msvc-4.62.2.tgz. Extracting by manifest.
1388 silly tarball no local data for @types/d3-path@https://registry.npmjs.org/@types/d3-path/-/d3-path-3.1.1.tgz. Extracting by manifest.
1389 silly tarball no local data for @reduxjs/toolkit@https://registry.npmjs.org/@reduxjs/toolkit/-/toolkit-2.12.0.tgz. Extracting by manifest.
1390 silly tarball no local data for @nolyfill/is-core-module@https://registry.npmjs.org/@nolyfill/is-core-module/-/is-core-module-1.0.39.tgz. Extracting by manifest.
1391 silly tarball no local data for @modelcontextprotocol/sdk@https://registry.npmjs.org/@modelcontextprotocol/sdk/-/sdk-1.29.0.tgz. Extracting by manifest.
1392 silly tarball no local data for @next/swc-win32-x64-msvc@https://registry.npmjs.org/@next/swc-win32-x64-msvc/-/swc-win32-x64-msvc-16.2.10.tgz. Extracting by manifest.
1393 silly tarball no local data for @nodelib/fs.scandir@https://registry.npmjs.org/@nodelib/fs.scandir/-/fs.scandir-2.1.5.tgz. Extracting by manifest.
1394 silly tarball no local data for @nodelib/fs.walk@https://registry.npmjs.org/@nodelib/fs.walk/-/fs.walk-1.2.8.tgz. Extracting by manifest.
1395 silly tarball no local data for @next/env@https://registry.npmjs.org/@next/env/-/env-16.2.10.tgz. Extracting by manifest.
1396 silly tarball no local data for @next/eslint-plugin-next@https://registry.npmjs.org/@next/eslint-plugin-next/-/eslint-plugin-next-16.2.10.tgz. Extracting by manifest.
1397 silly tarball no local data for @jridgewell/sourcemap-codec@https://registry.npmjs.org/@jridgewell/sourcemap-codec/-/sourcemap-codec-1.5.5.tgz. Extracting by manifest.
1398 silly tarball no local data for @jridgewell/trace-mapping@https://registry.npmjs.org/@jridgewell/trace-mapping/-/trace-mapping-0.3.31.tgz. Extracting by manifest.
1399 silly tarball no local data for @jridgewell/resolve-uri@https://registry.npmjs.org/@jridgewell/resolve-uri/-/resolve-uri-3.1.2.tgz. Extracting by manifest.
1400 silly tarball no local data for @jridgewell/remapping@https://registry.npmjs.org/@jridgewell/remapping/-/remapping-2.3.5.tgz. Extracting by manifest.
1401 silly tarball no local data for @jridgewell/gen-mapping@https://registry.npmjs.org/@jridgewell/gen-mapping/-/gen-mapping-0.3.13.tgz. Extracting by manifest.
1402 silly tarball no local data for @img/sharp-win32-x64@https://registry.npmjs.org/@img/sharp-win32-x64/-/sharp-win32-x64-0.34.5.tgz. Extracting by manifest.
1403 silly tarball no local data for @humanwhocodes/retry@https://registry.npmjs.org/@humanwhocodes/retry/-/retry-0.4.3.tgz. Extracting by manifest.
1404 silly tarball no local data for @humanwhocodes/module-importer@https://registry.npmjs.org/@humanwhocodes/module-importer/-/module-importer-1.0.1.tgz. Extracting by manifest.
1405 silly tarball no local data for @img/colour@https://registry.npmjs.org/@img/colour/-/colour-1.1.0.tgz. Extracting by manifest.
1406 silly tarball no local data for @floating-ui/utils@https://registry.npmjs.org/@floating-ui/utils/-/utils-0.2.12.tgz. Extracting by manifest.
1407 silly tarball no local data for @hono/node-server@https://registry.npmjs.org/@hono/node-server/-/node-server-1.19.14.tgz. Extracting by manifest.
1408 silly tarball no local data for @humanfs/node@https://registry.npmjs.org/@humanfs/node/-/node-0.16.8.tgz. Extracting by manifest.
1409 silly tarball no local data for @humanfs/types@https://registry.npmjs.org/@humanfs/types/-/types-0.15.0.tgz. Extracting by manifest.
1410 silly tarball no local data for @humanfs/core@https://registry.npmjs.org/@humanfs/core/-/core-0.19.2.tgz. Extracting by manifest.
1411 silly tarball no local data for @eslint-community/regexpp@https://registry.npmjs.org/@eslint-community/regexpp/-/regexpp-4.12.2.tgz. Extracting by manifest.
1412 silly tarball no local data for @floating-ui/react-dom@https://registry.npmjs.org/@floating-ui/react-dom/-/react-dom-2.1.9.tgz. Extracting by manifest.
1413 silly tarball no local data for @floating-ui/core@https://registry.npmjs.org/@floating-ui/core/-/core-1.8.0.tgz. Extracting by manifest.
1414 silly tarball no local data for @eslint-community/eslint-utils@https://registry.npmjs.org/@eslint-community/eslint-utils/-/eslint-utils-4.9.1.tgz. Extracting by manifest.
1415 silly tarball no local data for @eslint/object-schema@https://registry.npmjs.org/@eslint/object-schema/-/object-schema-2.1.7.tgz. Extracting by manifest.
1416 silly tarball no local data for @eslint/plugin-kit@https://registry.npmjs.org/@eslint/plugin-kit/-/plugin-kit-0.4.1.tgz. Extracting by manifest.
1417 silly tarball no local data for @eslint/js@https://registry.npmjs.org/@eslint/js/-/js-9.39.5.tgz. Extracting by manifest.
1418 silly tarball no local data for @eslint/eslintrc@https://registry.npmjs.org/@eslint/eslintrc/-/eslintrc-3.3.6.tgz. Extracting by manifest.
1419 silly tarball no local data for @eslint/core@https://registry.npmjs.org/@eslint/core/-/core-0.17.0.tgz. Extracting by manifest.
1420 silly tarball no local data for @esbuild/win32-x64@https://registry.npmjs.org/@esbuild/win32-x64/-/win32-x64-0.28.1.tgz. Extracting by manifest.
1421 silly tarball no local data for @floating-ui/dom@https://registry.npmjs.org/@floating-ui/dom/-/dom-1.8.0.tgz. Extracting by manifest.
1422 silly tarball no local data for @eslint/config-array@https://registry.npmjs.org/@eslint/config-array/-/config-array-0.21.2.tgz. Extracting by manifest.
1423 silly tarball no local data for @eslint/config-helpers@https://registry.npmjs.org/@eslint/config-helpers/-/config-helpers-0.4.2.tgz. Extracting by manifest.
1424 silly tarball no local data for @dotenvx/dotenvx@https://registry.npmjs.org/@dotenvx/dotenvx/-/dotenvx-1.75.1.tgz. Extracting by manifest.
1425 silly tarball no local data for @dotenvx/primitives@https://registry.npmjs.org/@dotenvx/primitives/-/primitives-0.8.0.tgz. Extracting by manifest.
1426 silly tarball no local data for @base-ui/utils@https://registry.npmjs.org/@base-ui/utils/-/utils-0.3.1.tgz. Extracting by manifest.
1427 silly tarball no local data for @base-ui/react@https://registry.npmjs.org/@base-ui/react/-/react-1.6.0.tgz. Extracting by manifest.
1428 silly tarball no local data for @babel/template@https://registry.npmjs.org/@babel/template/-/template-7.29.7.tgz. Extracting by manifest.
1429 silly tarball no local data for @babel/types@https://registry.npmjs.org/@babel/types/-/types-7.29.7.tgz. Extracting by manifest.
1430 silly tarball no local data for @babel/runtime@https://registry.npmjs.org/@babel/runtime/-/runtime-7.29.7.tgz. Extracting by manifest.
1431 silly tarball no local data for @babel/traverse@https://registry.npmjs.org/@babel/traverse/-/traverse-7.29.7.tgz. Extracting by manifest.
1432 silly tarball no local data for @babel/preset-typescript@https://registry.npmjs.org/@babel/preset-typescript/-/preset-typescript-7.29.7.tgz. Extracting by manifest.
1433 silly tarball no local data for @babel/plugin-transform-typescript@https://registry.npmjs.org/@babel/plugin-transform-typescript/-/plugin-transform-typescript-7.29.7.tgz. Extracting by manifest.
1434 silly tarball no local data for @babel/plugin-syntax-typescript@https://registry.npmjs.org/@babel/plugin-syntax-typescript/-/plugin-syntax-typescript-7.29.7.tgz. Extracting by manifest.
1435 silly tarball no local data for @babel/plugin-transform-modules-commonjs@https://registry.npmjs.org/@babel/plugin-transform-modules-commonjs/-/plugin-transform-modules-commonjs-7.29.7.tgz. Extracting by manifest.
1436 silly tarball no local data for @babel/plugin-syntax-jsx@https://registry.npmjs.org/@babel/plugin-syntax-jsx/-/plugin-syntax-jsx-7.29.7.tgz. Extracting by manifest.
1437 silly tarball no local data for @babel/helpers@https://registry.npmjs.org/@babel/helpers/-/helpers-7.29.7.tgz. Extracting by manifest.
1438 silly tarball no local data for @babel/parser@https://registry.npmjs.org/@babel/parser/-/parser-7.29.7.tgz. Extracting by manifest.
1439 silly tarball no local data for @babel/helper-validator-option@https://registry.npmjs.org/@babel/helper-validator-option/-/helper-validator-option-7.29.7.tgz. Extracting by manifest.
1440 silly tarball no local data for @babel/helper-validator-identifier@https://registry.npmjs.org/@babel/helper-validator-identifier/-/helper-validator-identifier-7.29.7.tgz. Extracting by manifest.
1441 silly tarball no local data for @babel/helper-string-parser@https://registry.npmjs.org/@babel/helper-string-parser/-/helper-string-parser-7.29.7.tgz. Extracting by manifest.
1442 silly tarball no local data for @babel/helper-skip-transparent-expression-wrappers@https://registry.npmjs.org/@babel/helper-skip-transparent-expression-wrappers/-/helper-skip-transparent-expression-wrappers-7.29.7.tgz. Extracting by manifest.
1443 silly tarball no local data for @babel/helper-replace-supers@https://registry.npmjs.org/@babel/helper-replace-supers/-/helper-replace-supers-7.29.7.tgz. Extracting by manifest.
1444 silly tarball no local data for @babel/helper-plugin-utils@https://registry.npmjs.org/@babel/helper-plugin-utils/-/helper-plugin-utils-7.29.7.tgz. Extracting by manifest.
1445 silly tarball no local data for @babel/helper-optimise-call-expression@https://registry.npmjs.org/@babel/helper-optimise-call-expression/-/helper-optimise-call-expression-7.29.7.tgz. Extracting by manifest.
1446 silly tarball no local data for @babel/helper-module-transforms@https://registry.npmjs.org/@babel/helper-module-transforms/-/helper-module-transforms-7.29.7.tgz. Extracting by manifest.
1447 silly tarball no local data for @babel/helper-member-expression-to-functions@https://registry.npmjs.org/@babel/helper-member-expression-to-functions/-/helper-member-expression-to-functions-7.29.7.tgz. Extracting by manifest.
1448 silly tarball no local data for @babel/helper-module-imports@https://registry.npmjs.org/@babel/helper-module-imports/-/helper-module-imports-7.29.7.tgz. Extracting by manifest.
1449 silly tarball no local data for @babel/helper-globals@https://registry.npmjs.org/@babel/helper-globals/-/helper-globals-7.29.7.tgz. Extracting by manifest.
1450 silly tarball no local data for @babel/helper-create-class-features-plugin@https://registry.npmjs.org/@babel/helper-create-class-features-plugin/-/helper-create-class-features-plugin-7.29.7.tgz. Extracting by manifest.
1451 silly tarball no local data for @babel/helper-annotate-as-pure@https://registry.npmjs.org/@babel/helper-annotate-as-pure/-/helper-annotate-as-pure-7.29.7.tgz. Extracting by manifest.
1452 silly tarball no local data for @babel/core@https://registry.npmjs.org/@babel/core/-/core-7.29.7.tgz. Extracting by manifest.
1453 silly tarball no local data for @babel/generator@https://registry.npmjs.org/@babel/generator/-/generator-7.29.7.tgz. Extracting by manifest.
1454 silly tarball no local data for @babel/helper-compilation-targets@https://registry.npmjs.org/@babel/helper-compilation-targets/-/helper-compilation-targets-7.29.7.tgz. Extracting by manifest.
1455 silly tarball no local data for @babel/code-frame@https://registry.npmjs.org/@babel/code-frame/-/code-frame-7.29.7.tgz. Extracting by manifest.
1456 silly tarball no local data for @alloc/quick-lru@https://registry.npmjs.org/@alloc/quick-lru/-/quick-lru-5.2.0.tgz. Extracting by manifest.
1457 silly tarball no local data for @babel/compat-data@https://registry.npmjs.org/@babel/compat-data/-/compat-data-7.29.7.tgz. Extracting by manifest.
1458 silly tarball no local data for zod-validation-error@https://registry.npmjs.org/zod-validation-error/-/zod-validation-error-4.0.2.tgz. Extracting by manifest.
1459 silly tarball no local data for zod-to-json-schema@https://registry.npmjs.org/zod-to-json-schema/-/zod-to-json-schema-3.25.2.tgz. Extracting by manifest.
1460 silly tarball no local data for zod@https://registry.npmjs.org/zod/-/zod-4.4.3.tgz. Extracting by manifest.
1461 silly tarball no local data for yocto-spinner@https://registry.npmjs.org/yocto-spinner/-/yocto-spinner-1.2.2.tgz. Extracting by manifest.
1462 silly tarball no local data for yoctocolors@https://registry.npmjs.org/yoctocolors/-/yoctocolors-2.1.2.tgz. Extracting by manifest.
1463 silly tarball no local data for yocto-queue@https://registry.npmjs.org/yocto-queue/-/yocto-queue-0.1.0.tgz. Extracting by manifest.
1464 silly tarball no local data for yallist@https://registry.npmjs.org/yallist/-/yallist-3.1.1.tgz. Extracting by manifest.
1465 silly tarball no local data for wsl-utils@https://registry.npmjs.org/wsl-utils/-/wsl-utils-0.3.1.tgz. Extracting by manifest.
1466 silly tarball no local data for @nodelib/fs.stat@https://registry.npmjs.org/@nodelib/fs.stat/-/fs.stat-2.0.5.tgz. Extracting by manifest.
1467 silly tarball no local data for ws@https://registry.npmjs.org/ws/-/ws-8.21.1.tgz. Extracting by manifest.
1468 silly tarball no local data for wrappy@https://registry.npmjs.org/wrappy/-/wrappy-1.0.2.tgz. Extracting by manifest.
1469 silly tarball no local data for why-is-node-running@https://registry.npmjs.org/why-is-node-running/-/why-is-node-running-2.3.0.tgz. Extracting by manifest.
1470 silly tarball no local data for word-wrap@https://registry.npmjs.org/word-wrap/-/word-wrap-1.2.5.tgz. Extracting by manifest.
1471 silly tarball no local data for which-typed-array@https://registry.npmjs.org/which-typed-array/-/which-typed-array-1.1.22.tgz. Extracting by manifest.
1472 silly tarball no local data for which-collection@https://registry.npmjs.org/which-collection/-/which-collection-1.0.2.tgz. Extracting by manifest.
1473 silly tarball no local data for vitest@https://registry.npmjs.org/vitest/-/vitest-4.1.10.tgz. Extracting by manifest.
1474 silly tarball no local data for which-builtin-type@https://registry.npmjs.org/which-builtin-type/-/which-builtin-type-1.2.1.tgz. Extracting by manifest.
1475 silly tarball no local data for which@https://registry.npmjs.org/which/-/which-2.0.2.tgz. Extracting by manifest.
1476 silly tarball no local data for vite@https://registry.npmjs.org/vite/-/vite-7.3.6.tgz. Extracting by manifest.
1477 silly tarball no local data for vite-node@https://registry.npmjs.org/vite-node/-/vite-node-3.2.4.tgz. Extracting by manifest.
1478 silly tarball no local data for victory-vendor@https://registry.npmjs.org/victory-vendor/-/victory-vendor-37.3.6.tgz. Extracting by manifest.
1479 silly tarball no local data for vary@https://registry.npmjs.org/vary/-/vary-1.1.2.tgz. Extracting by manifest.
1480 silly tarball no local data for validate-npm-package-name@https://registry.npmjs.org/validate-npm-package-name/-/validate-npm-package-name-7.0.2.tgz. Extracting by manifest.
1481 silly tarball no local data for which-boxed-primitive@https://registry.npmjs.org/which-boxed-primitive/-/which-boxed-primitive-1.1.1.tgz. Extracting by manifest.
1482 silly tarball no local data for uri-js@https://registry.npmjs.org/uri-js/-/uri-js-4.4.1.tgz. Extracting by manifest.
1483 silly tarball no local data for use-sync-external-store@https://registry.npmjs.org/use-sync-external-store/-/use-sync-external-store-1.6.0.tgz. Extracting by manifest.
1484 silly tarball no local data for update-browserslist-db@https://registry.npmjs.org/update-browserslist-db/-/update-browserslist-db-1.2.3.tgz. Extracting by manifest.
1485 silly tarball no local data for unrs-resolver@https://registry.npmjs.org/unrs-resolver/-/unrs-resolver-1.12.2.tgz. Extracting by manifest.
1486 silly tarball no local data for unpipe@https://registry.npmjs.org/unpipe/-/unpipe-1.0.0.tgz. Extracting by manifest.
1487 silly tarball no local data for universalify@https://registry.npmjs.org/universalify/-/universalify-2.0.1.tgz. Extracting by manifest.
1488 silly tarball no local data for unicorn-magic@https://registry.npmjs.org/unicorn-magic/-/unicorn-magic-0.3.0.tgz. Extracting by manifest.
1489 silly tarball no local data for undici-types@https://registry.npmjs.org/undici-types/-/undici-types-8.3.0.tgz. Extracting by manifest.
1490 silly tarball no local data for unbox-primitive@https://registry.npmjs.org/unbox-primitive/-/unbox-primitive-1.1.0.tgz. Extracting by manifest.
1491 silly tarball no local data for util-deprecate@https://registry.npmjs.org/util-deprecate/-/util-deprecate-1.0.2.tgz. Extracting by manifest.
1492 silly tarball no local data for undici@https://registry.npmjs.org/undici/-/undici-7.28.0.tgz. Extracting by manifest.
1493 silly tarball no local data for typescript-eslint@https://registry.npmjs.org/typescript-eslint/-/typescript-eslint-8.65.0.tgz. Extracting by manifest.
1494 silly tarball no local data for typescript@https://registry.npmjs.org/typescript/-/typescript-6.0.3.tgz. Extracting by manifest.
1495 silly tarball no local data for typed-array-length@https://registry.npmjs.org/typed-array-length/-/typed-array-length-1.0.8.tgz. Extracting by manifest.
1496 silly tarball no local data for typed-array-byte-length@https://registry.npmjs.org/typed-array-byte-length/-/typed-array-byte-length-1.0.3.tgz. Extracting by manifest.
1497 silly tarball no local data for typed-array-byte-offset@https://registry.npmjs.org/typed-array-byte-offset/-/typed-array-byte-offset-1.0.4.tgz. Extracting by manifest.
1498 silly tarball no local data for typed-array-buffer@https://registry.npmjs.org/typed-array-buffer/-/typed-array-buffer-1.0.3.tgz. Extracting by manifest.
1499 silly tarball no local data for type-is@https://registry.npmjs.org/type-is/-/type-is-2.1.0.tgz. Extracting by manifest.
1500 silly tarball no local data for type-check@https://registry.npmjs.org/type-check/-/type-check-0.4.0.tgz. Extracting by manifest.
1501 silly tarball no local data for tw-animate-css@https://registry.npmjs.org/tw-animate-css/-/tw-animate-css-1.4.0.tgz. Extracting by manifest.
1502 silly tarball no local data for tslib@https://registry.npmjs.org/tslib/-/tslib-2.8.1.tgz. Extracting by manifest.
1503 silly tarball no local data for tsx@https://registry.npmjs.org/tsx/-/tsx-4.23.1.tgz. Extracting by manifest.
1504 silly tarball no local data for tsconfig-paths@https://registry.npmjs.org/tsconfig-paths/-/tsconfig-paths-3.15.0.tgz. Extracting by manifest.
1505 silly tarball no local data for ts-morph@https://registry.npmjs.org/ts-morph/-/ts-morph-26.0.0.tgz. Extracting by manifest.
1506 silly tarball no local data for ts-api-utils@https://registry.npmjs.org/ts-api-utils/-/ts-api-utils-2.5.0.tgz. Extracting by manifest.
1507 silly tarball no local data for tinyrainbow@https://registry.npmjs.org/tinyrainbow/-/tinyrainbow-2.0.0.tgz. Extracting by manifest.
1508 silly tarball no local data for toidentifier@https://registry.npmjs.org/toidentifier/-/toidentifier-1.0.1.tgz. Extracting by manifest.
1509 silly tarball no local data for to-regex-range@https://registry.npmjs.org/to-regex-range/-/to-regex-range-5.0.1.tgz. Extracting by manifest.
1510 silly tarball no local data for tinyspy@https://registry.npmjs.org/tinyspy/-/tinyspy-4.0.4.tgz. Extracting by manifest.
1511 silly tarball no local data for tinyglobby@https://registry.npmjs.org/tinyglobby/-/tinyglobby-0.2.17.tgz. Extracting by manifest.
1512 silly tarball no local data for tinypool@https://registry.npmjs.org/tinypool/-/tinypool-1.1.1.tgz. Extracting by manifest.
1513 silly tarball no local data for tinyexec@https://registry.npmjs.org/tinyexec/-/tinyexec-0.3.2.tgz. Extracting by manifest.
1514 silly tarball no local data for tinybench@https://registry.npmjs.org/tinybench/-/tinybench-2.9.0.tgz. Extracting by manifest.
1515 silly tarball no local data for tapable@https://registry.npmjs.org/tapable/-/tapable-2.3.3.tgz. Extracting by manifest.
1516 silly tarball no local data for tailwindcss@https://registry.npmjs.org/tailwindcss/-/tailwindcss-4.3.3.tgz. Extracting by manifest.
1517 silly tarball no local data for tiny-invariant@https://registry.npmjs.org/tiny-invariant/-/tiny-invariant-1.3.3.tgz. Extracting by manifest.
1518 silly tarball no local data for tailwind-merge@https://registry.npmjs.org/tailwind-merge/-/tailwind-merge-3.6.0.tgz. Extracting by manifest.
1519 silly tarball no local data for systeminformation@https://registry.npmjs.org/systeminformation/-/systeminformation-5.33.0.tgz. Extracting by manifest.
1520 silly tarball no local data for supports-color@https://registry.npmjs.org/supports-color/-/supports-color-7.2.0.tgz. Extracting by manifest.
1521 silly tarball no local data for strip-literal@https://registry.npmjs.org/strip-literal/-/strip-literal-3.1.0.tgz. Extracting by manifest.
1522 silly tarball no local data for strip-json-comments@https://registry.npmjs.org/strip-json-comments/-/strip-json-comments-3.1.1.tgz. Extracting by manifest.
1523 silly tarball no local data for string.prototype.trimstart@https://registry.npmjs.org/string.prototype.trimstart/-/string.prototype.trimstart-1.0.8.tgz. Extracting by manifest.
1524 silly tarball no local data for strip-final-newline@https://registry.npmjs.org/strip-final-newline/-/strip-final-newline-4.0.0.tgz. Extracting by manifest.
1525 silly tarball no local data for supports-preserve-symlinks-flag@https://registry.npmjs.org/supports-preserve-symlinks-flag/-/supports-preserve-symlinks-flag-1.0.0.tgz. Extracting by manifest.
1526 silly tarball no local data for styled-jsx@https://registry.npmjs.org/styled-jsx/-/styled-jsx-5.1.6.tgz. Extracting by manifest.
1527 silly tarball no local data for strip-bom@https://registry.npmjs.org/strip-bom/-/strip-bom-3.0.0.tgz. Extracting by manifest.
1528 silly tarball no local data for string.prototype.trimend@https://registry.npmjs.org/string.prototype.trimend/-/string.prototype.trimend-1.0.10.tgz. Extracting by manifest.
1529 silly tarball no local data for stringify-object@https://registry.npmjs.org/stringify-object/-/stringify-object-5.0.0.tgz. Extracting by manifest.
1530 silly tarball no local data for string.prototype.trim@https://registry.npmjs.org/string.prototype.trim/-/string.prototype.trim-1.2.11.tgz. Extracting by manifest.
1531 silly tarball no local data for strip-ansi@https://registry.npmjs.org/strip-ansi/-/strip-ansi-6.0.1.tgz. Extracting by manifest.
1532 silly tarball no local data for string.prototype.matchall@https://registry.npmjs.org/string.prototype.matchall/-/string.prototype.matchall-4.0.12.tgz. Extracting by manifest.
1533 silly tarball no local data for stop-iteration-iterator@https://registry.npmjs.org/stop-iteration-iterator/-/stop-iteration-iterator-1.1.0.tgz. Extracting by manifest.
1534 silly tarball no local data for string.prototype.includes@https://registry.npmjs.org/string.prototype.includes/-/string.prototype.includes-2.0.1.tgz. Extracting by manifest.
1535 silly tarball no local data for stdin-discarder@https://registry.npmjs.org/stdin-discarder/-/stdin-discarder-0.2.2.tgz. Extracting by manifest.
1536 silly tarball no local data for statuses@https://registry.npmjs.org/statuses/-/statuses-2.0.2.tgz. Extracting by manifest.
1537 silly tarball no local data for source-map-js@https://registry.npmjs.org/source-map-js/-/source-map-js-1.2.1.tgz. Extracting by manifest.
1538 silly tarball no local data for stackback@https://registry.npmjs.org/stackback/-/stackback-0.0.2.tgz. Extracting by manifest.
1539 silly tarball no local data for std-env@https://registry.npmjs.org/std-env/-/std-env-3.10.0.tgz. Extracting by manifest.
1540 silly tarball no local data for stable-hash@https://registry.npmjs.org/stable-hash/-/stable-hash-0.0.5.tgz. Extracting by manifest.
1541 silly tarball no local data for source-map@https://registry.npmjs.org/source-map/-/source-map-0.6.1.tgz. Extracting by manifest.
1542 silly tarball no local data for sonner@https://registry.npmjs.org/sonner/-/sonner-2.0.7.tgz. Extracting by manifest.
1543 silly tarball no local data for sisteransi@https://registry.npmjs.org/sisteransi/-/sisteransi-1.0.5.tgz. Extracting by manifest.
1544 silly tarball no local data for signal-exit@https://registry.npmjs.org/signal-exit/-/signal-exit-4.1.0.tgz. Extracting by manifest.
1545 silly tarball no local data for siginfo@https://registry.npmjs.org/siginfo/-/siginfo-2.0.0.tgz. Extracting by manifest.
1546 silly tarball no local data for side-channel-weakmap@https://registry.npmjs.org/side-channel-weakmap/-/side-channel-weakmap-1.0.2.tgz. Extracting by manifest.
1547 silly tarball no local data for side-channel-map@https://registry.npmjs.org/side-channel-map/-/side-channel-map-1.0.1.tgz. Extracting by manifest.
1548 silly tarball no local data for side-channel-list@https://registry.npmjs.org/side-channel-list/-/side-channel-list-1.0.1.tgz. Extracting by manifest.
1549 silly tarball no local data for shebang-regex@https://registry.npmjs.org/shebang-regex/-/shebang-regex-3.0.0.tgz. Extracting by manifest.
1550 silly tarball no local data for side-channel@https://registry.npmjs.org/side-channel/-/side-channel-1.1.1.tgz. Extracting by manifest.
1551 silly tarball no local data for shebang-command@https://registry.npmjs.org/shebang-command/-/shebang-command-2.0.0.tgz. Extracting by manifest.
1552 silly tarball no local data for shadcn@https://registry.npmjs.org/shadcn/-/shadcn-4.13.1.tgz. Extracting by manifest.
1553 silly tarball no local data for sharp@https://registry.npmjs.org/sharp/-/sharp-0.34.5.tgz. Extracting by manifest.
1554 silly tarball no local data for set-proto@https://registry.npmjs.org/set-proto/-/set-proto-1.0.0.tgz. Extracting by manifest.
1555 silly tarball no local data for setprototypeof@https://registry.npmjs.org/setprototypeof/-/setprototypeof-1.2.0.tgz. Extracting by manifest.
1556 silly tarball no local data for set-function-name@https://registry.npmjs.org/set-function-name/-/set-function-name-2.0.2.tgz. Extracting by manifest.
1557 silly tarball no local data for set-function-length@https://registry.npmjs.org/set-function-length/-/set-function-length-1.2.2.tgz. Extracting by manifest.
1558 silly tarball no local data for serve-static@https://registry.npmjs.org/serve-static/-/serve-static-2.2.1.tgz. Extracting by manifest.
1559 silly tarball no local data for send@https://registry.npmjs.org/send/-/send-1.2.1.tgz. Extracting by manifest.
1560 silly tarball no local data for semver@https://registry.npmjs.org/semver/-/semver-6.3.1.tgz. Extracting by manifest.
1561 silly tarball no local data for scheduler@https://registry.npmjs.org/scheduler/-/scheduler-0.27.0.tgz. Extracting by manifest.
1562 silly tarball no local data for safe-push-apply@https://registry.npmjs.org/safe-push-apply/-/safe-push-apply-1.0.0.tgz. Extracting by manifest.
1563 silly tarball no local data for run-parallel@https://registry.npmjs.org/run-parallel/-/run-parallel-1.2.0.tgz. Extracting by manifest.
1564 silly tarball no local data for safer-buffer@https://registry.npmjs.org/safer-buffer/-/safer-buffer-2.1.2.tgz. Extracting by manifest.
1565 silly tarball no local data for safe-regex-test@https://registry.npmjs.org/safe-regex-test/-/safe-regex-test-1.1.0.tgz. Extracting by manifest.
1566 silly tarball no local data for safe-array-concat@https://registry.npmjs.org/safe-array-concat/-/safe-array-concat-1.1.4.tgz. Extracting by manifest.
1567 silly tarball no local data for router@https://registry.npmjs.org/router/-/router-2.2.0.tgz. Extracting by manifest.
1568 silly tarball no local data for reusify@https://registry.npmjs.org/reusify/-/reusify-1.1.0.tgz. Extracting by manifest.
1569 silly tarball no local data for run-applescript@https://registry.npmjs.org/run-applescript/-/run-applescript-7.1.0.tgz. Extracting by manifest.
1570 silly tarball no local data for rollup@https://registry.npmjs.org/rollup/-/rollup-4.62.2.tgz. Extracting by manifest.
1571 silly tarball no local data for resolve-pkg-maps@https://registry.npmjs.org/resolve-pkg-maps/-/resolve-pkg-maps-1.0.0.tgz. Extracting by manifest.
1572 silly tarball no local data for reselect@https://registry.npmjs.org/reselect/-/reselect-5.2.0.tgz. Extracting by manifest.
1573 silly tarball no local data for restore-cursor@https://registry.npmjs.org/restore-cursor/-/restore-cursor-5.1.0.tgz. Extracting by manifest.
1574 silly tarball no local data for resolve@https://registry.npmjs.org/resolve/-/resolve-2.0.0-next.7.tgz. Extracting by manifest.
1575 silly tarball no local data for string.prototype.repeat@https://registry.npmjs.org/string.prototype.repeat/-/string.prototype.repeat-1.0.0.tgz. Extracting by manifest.
1576 silly tarball no local data for regexp.prototype.flags@https://registry.npmjs.org/regexp.prototype.flags/-/regexp.prototype.flags-1.5.4.tgz. Extracting by manifest.
1577 silly tarball no local data for require-from-string@https://registry.npmjs.org/require-from-string/-/require-from-string-2.0.2.tgz. Extracting by manifest.
1578 silly tarball no local data for resolve-from@https://registry.npmjs.org/resolve-from/-/resolve-from-4.0.0.tgz. Extracting by manifest.
1579 silly tarball no local data for recast@https://registry.npmjs.org/recast/-/recast-0.23.12.tgz. Extracting by manifest.
1580 silly tarball no local data for redux-thunk@https://registry.npmjs.org/redux-thunk/-/redux-thunk-3.1.0.tgz. Extracting by manifest.
1581 silly tarball no local data for redux@https://registry.npmjs.org/redux/-/redux-5.0.1.tgz. Extracting by manifest.
1582 silly tarball no local data for react-redux@https://registry.npmjs.org/react-redux/-/react-redux-9.3.0.tgz. Extracting by manifest.
1583 silly tarball no local data for react-is@https://registry.npmjs.org/react-is/-/react-is-16.13.1.tgz. Extracting by manifest.
1584 silly tarball no local data for recharts@https://registry.npmjs.org/recharts/-/recharts-3.8.0.tgz. Extracting by manifest.
1585 silly tarball no local data for reflect.getprototypeof@https://registry.npmjs.org/reflect.getprototypeof/-/reflect.getprototypeof-1.0.10.tgz. Extracting by manifest.
1586 silly tarball no local data for react-icons@https://registry.npmjs.org/react-icons/-/react-icons-5.7.0.tgz. Extracting by manifest.
1587 silly tarball no local data for react-dom@https://registry.npmjs.org/react-dom/-/react-dom-19.2.7.tgz. Extracting by manifest.
1588 silly tarball no local data for react@https://registry.npmjs.org/react/-/react-19.2.7.tgz. Extracting by manifest.
1589 silly tarball no local data for range-parser@https://registry.npmjs.org/range-parser/-/range-parser-1.3.0.tgz. Extracting by manifest.
1590 silly tarball no local data for raw-body@https://registry.npmjs.org/raw-body/-/raw-body-3.0.2.tgz. Extracting by manifest.
1591 silly tarball no local data for queue-microtask@https://registry.npmjs.org/queue-microtask/-/queue-microtask-1.2.3.tgz. Extracting by manifest.
1592 silly tarball no local data for punycode@https://registry.npmjs.org/punycode/-/punycode-2.3.1.tgz. Extracting by manifest.
1593 silly tarball no local data for qs@https://registry.npmjs.org/qs/-/qs-6.15.3.tgz. Extracting by manifest.
1594 silly tarball no local data for prompts@https://registry.npmjs.org/prompts/-/prompts-2.4.2.tgz. Extracting by manifest.
1595 silly tarball no local data for prop-types@https://registry.npmjs.org/prop-types/-/prop-types-15.8.1.tgz. Extracting by manifest.
1596 silly tarball no local data for pretty-ms@https://registry.npmjs.org/pretty-ms/-/pretty-ms-9.3.0.tgz. Extracting by manifest.
1597 silly tarball no local data for prelude-ls@https://registry.npmjs.org/prelude-ls/-/prelude-ls-1.2.1.tgz. Extracting by manifest.
1598 silly tarball no local data for proxy-addr@https://registry.npmjs.org/proxy-addr/-/proxy-addr-2.0.7.tgz. Extracting by manifest.
1599 silly tarball no local data for powershell-utils@https://registry.npmjs.org/powershell-utils/-/powershell-utils-0.1.0.tgz. Extracting by manifest.
1600 silly tarball no local data for postcss@https://registry.npmjs.org/postcss/-/postcss-8.5.20.tgz. Extracting by manifest.
1601 silly tarball no local data for possible-typed-array-names@https://registry.npmjs.org/possible-typed-array-names/-/possible-typed-array-names-1.1.0.tgz. Extracting by manifest.
1602 silly tarball no local data for postcss-selector-parser@https://registry.npmjs.org/postcss-selector-parser/-/postcss-selector-parser-7.1.4.tgz. Extracting by manifest.
1603 silly tarball no local data for picomatch@https://registry.npmjs.org/picomatch/-/picomatch-2.3.2.tgz. Extracting by manifest.
1604 silly tarball no local data for pathval@https://registry.npmjs.org/pathval/-/pathval-2.0.1.tgz. Extracting by manifest.
1605 silly tarball no local data for pkce-challenge@https://registry.npmjs.org/pkce-challenge/-/pkce-challenge-5.0.1.tgz. Extracting by manifest.
1606 silly tarball no local data for pkg-up@https://registry.npmjs.org/pkg-up/-/pkg-up-3.1.0.tgz. Extracting by manifest.
1607 silly tarball no local data for path-to-regexp@https://registry.npmjs.org/path-to-regexp/-/path-to-regexp-8.4.2.tgz. Extracting by manifest.
1608 silly tarball no local data for picocolors@https://registry.npmjs.org/picocolors/-/picocolors-1.1.1.tgz. Extracting by manifest.
1609 silly tarball no local data for path-key@https://registry.npmjs.org/path-key/-/path-key-3.1.1.tgz. Extracting by manifest.
1610 silly tarball no local data for parse-json@https://registry.npmjs.org/parse-json/-/parse-json-5.2.0.tgz. Extracting by manifest.
1611 silly tarball no local data for pathe@https://registry.npmjs.org/pathe/-/pathe-2.0.3.tgz. Extracting by manifest.
1612 silly tarball no local data for path-parse@https://registry.npmjs.org/path-parse/-/path-parse-1.0.7.tgz. Extracting by manifest.
1613 silly tarball no local data for path-browserify@https://registry.npmjs.org/path-browserify/-/path-browserify-1.0.1.tgz. Extracting by manifest.
1614 silly tarball no local data for path-exists@https://registry.npmjs.org/path-exists/-/path-exists-4.0.0.tgz. Extracting by manifest.
1615 silly tarball no local data for parse-ms@https://registry.npmjs.org/parse-ms/-/parse-ms-4.0.0.tgz. Extracting by manifest.
1616 silly tarball no local data for p-try@https://registry.npmjs.org/p-try/-/p-try-2.2.0.tgz. Extracting by manifest.
1617 silly tarball no local data for parseurl@https://registry.npmjs.org/parseurl/-/parseurl-1.3.3.tgz. Extracting by manifest.
1618 silly tarball no local data for parent-module@https://registry.npmjs.org/parent-module/-/parent-module-1.0.1.tgz. Extracting by manifest.
1619 silly tarball no local data for p-locate@https://registry.npmjs.org/p-locate/-/p-locate-5.0.0.tgz. Extracting by manifest.
1620 silly tarball no local data for p-limit@https://registry.npmjs.org/p-limit/-/p-limit-3.1.0.tgz. Extracting by manifest.
1621 silly tarball no local data for own-keys@https://registry.npmjs.org/own-keys/-/own-keys-1.0.1.tgz. Extracting by manifest.
1622 silly tarball no local data for ora@https://registry.npmjs.org/ora/-/ora-8.2.0.tgz. Extracting by manifest.
1623 silly tarball no local data for optionator@https://registry.npmjs.org/optionator/-/optionator-0.9.4.tgz. Extracting by manifest.
1624 silly tarball no local data for open@https://registry.npmjs.org/open/-/open-11.0.0.tgz. Extracting by manifest.
1625 silly tarball no local data for onetime@https://registry.npmjs.org/onetime/-/onetime-5.1.2.tgz. Extracting by manifest.
1626 silly tarball no local data for object.values@https://registry.npmjs.org/object.values/-/object.values-1.2.1.tgz. Extracting by manifest.
1627 silly tarball no local data for obug@https://registry.npmjs.org/obug/-/obug-2.1.4.tgz. Extracting by manifest.
1628 silly tarball no local data for on-finished@https://registry.npmjs.org/on-finished/-/on-finished-2.4.1.tgz. Extracting by manifest.
1629 silly tarball no local data for once@https://registry.npmjs.org/once/-/once-1.4.0.tgz. Extracting by manifest.
1630 silly tarball no local data for object.fromentries@https://registry.npmjs.org/object.fromentries/-/object.fromentries-2.0.8.tgz. Extracting by manifest.
1631 silly tarball no local data for object.groupby@https://registry.npmjs.org/object.groupby/-/object.groupby-1.0.3.tgz. Extracting by manifest.
1632 silly tarball no local data for object-treeify@https://registry.npmjs.org/object-treeify/-/object-treeify-1.1.33.tgz. Extracting by manifest.
1633 silly tarball no local data for object.entries@https://registry.npmjs.org/object.entries/-/object.entries-1.1.9.tgz. Extracting by manifest.
1634 silly tarball no local data for object.assign@https://registry.npmjs.org/object.assign/-/object.assign-4.1.7.tgz. Extracting by manifest.
1635 silly tarball no local data for object-keys@https://registry.npmjs.org/object-keys/-/object-keys-1.1.1.tgz. Extracting by manifest.
1636 silly tarball no local data for object-assign@https://registry.npmjs.org/object-assign/-/object-assign-4.1.1.tgz. Extracting by manifest.
1637 silly tarball no local data for object-inspect@https://registry.npmjs.org/object-inspect/-/object-inspect-1.13.4.tgz. Extracting by manifest.
1638 silly tarball no local data for npm-run-path@https://registry.npmjs.org/npm-run-path/-/npm-run-path-6.0.0.tgz. Extracting by manifest.
1639 silly tarball no local data for node-exports-info@https://registry.npmjs.org/node-exports-info/-/node-exports-info-1.6.2.tgz. Extracting by manifest.
1640 silly tarball no local data for next@https://registry.npmjs.org/next/-/next-16.2.10.tgz. Extracting by manifest.
1641 silly tarball no local data for negotiator@https://registry.npmjs.org/negotiator/-/negotiator-1.0.0.tgz. Extracting by manifest.
1642 silly tarball no local data for next-themes@https://registry.npmjs.org/next-themes/-/next-themes-0.4.6.tgz. Extracting by manifest.
1643 silly tarball no local data for napi-postinstall@https://registry.npmjs.org/napi-postinstall/-/napi-postinstall-0.3.4.tgz. Extracting by manifest.
1644 silly tarball no local data for nanoid@https://registry.npmjs.org/nanoid/-/nanoid-3.3.16.tgz. Extracting by manifest.
1645 silly tarball no local data for minimist@https://registry.npmjs.org/minimist/-/minimist-1.2.8.tgz. Extracting by manifest.
1646 silly tarball no local data for natural-compare@https://registry.npmjs.org/natural-compare/-/natural-compare-1.4.0.tgz. Extracting by manifest.
1647 silly tarball no local data for motion-dom@https://registry.npmjs.org/motion-dom/-/motion-dom-12.42.2.tgz. Extracting by manifest.
1648 silly tarball no local data for motion-utils@https://registry.npmjs.org/motion-utils/-/motion-utils-12.39.0.tgz. Extracting by manifest.
1649 silly tarball no local data for minimatch@https://registry.npmjs.org/minimatch/-/minimatch-3.1.5.tgz. Extracting by manifest.
1650 silly tarball no local data for ms@https://registry.npmjs.org/ms/-/ms-2.1.3.tgz. Extracting by manifest.
1651 silly tarball no local data for mime-types@https://registry.npmjs.org/mime-types/-/mime-types-3.0.2.tgz. Extracting by manifest.
1652 silly tarball no local data for mimic-function@https://registry.npmjs.org/mimic-function/-/mimic-function-5.0.1.tgz. Extracting by manifest.
1653 silly tarball no local data for micromatch@https://registry.npmjs.org/micromatch/-/micromatch-4.0.8.tgz. Extracting by manifest.
1654 silly tarball no local data for mime-db@https://registry.npmjs.org/mime-db/-/mime-db-1.54.0.tgz. Extracting by manifest.
1655 silly tarball no local data for merge-stream@https://registry.npmjs.org/merge-stream/-/merge-stream-2.0.0.tgz. Extracting by manifest.
1656 silly tarball no local data for merge2@https://registry.npmjs.org/merge2/-/merge2-1.4.1.tgz. Extracting by manifest.
1657 silly tarball no local data for math-intrinsics@https://registry.npmjs.org/math-intrinsics/-/math-intrinsics-1.1.0.tgz. Extracting by manifest.
1658 silly tarball no local data for merge-descriptors@https://registry.npmjs.org/merge-descriptors/-/merge-descriptors-2.0.0.tgz. Extracting by manifest.
1659 silly tarball no local data for media-typer@https://registry.npmjs.org/media-typer/-/media-typer-1.1.0.tgz. Extracting by manifest.
1660 silly tarball no local data for magic-string@https://registry.npmjs.org/magic-string/-/magic-string-0.30.21.tgz. Extracting by manifest.
1661 silly tarball no local data for lucide-react@https://registry.npmjs.org/lucide-react/-/lucide-react-1.25.0.tgz. Extracting by manifest.
1662 silly tarball no local data for lru-cache@https://registry.npmjs.org/lru-cache/-/lru-cache-5.1.1.tgz. Extracting by manifest.
1663 silly tarball no local data for mimic-fn@https://registry.npmjs.org/mimic-fn/-/mimic-fn-3.1.0.tgz. Extracting by manifest.
1664 silly tarball no local data for loupe@https://registry.npmjs.org/loupe/-/loupe-3.2.1.tgz. Extracting by manifest.
1665 silly tarball no local data for loose-envify@https://registry.npmjs.org/loose-envify/-/loose-envify-1.4.0.tgz. Extracting by manifest.
1666 silly tarball no local data for log-symbols@https://registry.npmjs.org/log-symbols/-/log-symbols-6.0.0.tgz. Extracting by manifest.
1667 silly tarball no local data for locate-path@https://registry.npmjs.org/locate-path/-/locate-path-6.0.0.tgz. Extracting by manifest.
1668 silly tarball no local data for lines-and-columns@https://registry.npmjs.org/lines-and-columns/-/lines-and-columns-1.2.4.tgz. Extracting by manifest.
1669 silly tarball no local data for node-releases@https://registry.npmjs.org/node-releases/-/node-releases-2.0.51.tgz. Extracting by manifest.
1670 silly tarball no local data for lightningcss@https://registry.npmjs.org/lightningcss/-/lightningcss-1.32.0.tgz. Extracting by manifest.
1671 silly tarball no local data for lodash.merge@https://registry.npmjs.org/lodash.merge/-/lodash.merge-4.6.2.tgz. Extracting by manifest.
1672 silly tarball no local data for lightningcss-win32-x64-msvc@https://registry.npmjs.org/lightningcss-win32-x64-msvc/-/lightningcss-win32-x64-msvc-1.32.0.tgz. Extracting by manifest.
1673 silly tarball no local data for levn@https://registry.npmjs.org/levn/-/levn-0.4.1.tgz. Extracting by manifest.
1674 silly tarball no local data for language-subtag-registry@https://registry.npmjs.org/language-subtag-registry/-/language-subtag-registry-0.3.23.tgz. Extracting by manifest.
1675 silly tarball no local data for language-tags@https://registry.npmjs.org/language-tags/-/language-tags-1.0.9.tgz. Extracting by manifest.
1676 silly tarball no local data for kleur@https://registry.npmjs.org/kleur/-/kleur-4.1.5.tgz. Extracting by manifest.
1677 silly tarball no local data for jsx-ast-utils@https://registry.npmjs.org/jsx-ast-utils/-/jsx-ast-utils-3.3.5.tgz. Extracting by manifest.
1678 silly tarball no local data for keyv@https://registry.npmjs.org/keyv/-/keyv-4.5.4.tgz. Extracting by manifest.
1679 silly tarball no local data for json-schema-typed@https://registry.npmjs.org/json-schema-typed/-/json-schema-typed-8.0.2.tgz. Extracting by manifest.
1680 silly tarball no local data for json5@https://registry.npmjs.org/json5/-/json5-2.2.3.tgz. Extracting by manifest.
1681 silly tarball no local data for json-schema-traverse@https://registry.npmjs.org/json-schema-traverse/-/json-schema-traverse-0.4.1.tgz. Extracting by manifest.
1682 silly tarball no local data for jsonfile@https://registry.npmjs.org/jsonfile/-/jsonfile-6.2.1.tgz. Extracting by manifest.
1683 silly tarball no local data for json-stable-stringify-without-jsonify@https://registry.npmjs.org/json-stable-stringify-without-jsonify/-/json-stable-stringify-without-jsonify-1.0.1.tgz. Extracting by manifest.
1684 silly tarball no local data for json-parse-even-better-errors@https://registry.npmjs.org/json-parse-even-better-errors/-/json-parse-even-better-errors-2.3.1.tgz. Extracting by manifest.
1685 silly tarball no local data for json-buffer@https://registry.npmjs.org/json-buffer/-/json-buffer-3.0.1.tgz. Extracting by manifest.
1686 silly tarball no local data for jsesc@https://registry.npmjs.org/jsesc/-/jsesc-3.1.0.tgz. Extracting by manifest.
1687 silly tarball no local data for jiti@https://registry.npmjs.org/jiti/-/jiti-2.7.0.tgz. Extracting by manifest.
1688 silly tarball no local data for js-yaml@https://registry.npmjs.org/js-yaml/-/js-yaml-4.3.0.tgz. Extracting by manifest.
1689 silly tarball no local data for js-tokens@https://registry.npmjs.org/js-tokens/-/js-tokens-4.0.0.tgz. Extracting by manifest.
1690 silly tarball no local data for isexe@https://registry.npmjs.org/isexe/-/isexe-2.0.0.tgz. Extracting by manifest.
1691 silly tarball no local data for jose@https://registry.npmjs.org/jose/-/jose-6.2.3.tgz. Extracting by manifest.
1692 silly tarball no local data for iterator.prototype@https://registry.npmjs.org/iterator.prototype/-/iterator.prototype-1.1.5.tgz. Extracting by manifest.
1693 silly tarball no local data for is-weakset@https://registry.npmjs.org/is-weakset/-/is-weakset-2.0.4.tgz. Extracting by manifest.
1694 silly tarball no local data for isarray@https://registry.npmjs.org/isarray/-/isarray-2.0.5.tgz. Extracting by manifest.
1695 silly tarball no local data for is-wsl@https://registry.npmjs.org/is-wsl/-/is-wsl-3.1.1.tgz. Extracting by manifest.
1696 silly tarball no local data for is-weakref@https://registry.npmjs.org/is-weakref/-/is-weakref-1.1.1.tgz. Extracting by manifest.
1697 silly tarball no local data for is-weakmap@https://registry.npmjs.org/is-weakmap/-/is-weakmap-2.0.2.tgz. Extracting by manifest.
1698 silly tarball no local data for is-symbol@https://registry.npmjs.org/is-symbol/-/is-symbol-1.1.1.tgz. Extracting by manifest.
1699 silly tarball no local data for is-unicode-supported@https://registry.npmjs.org/is-unicode-supported/-/is-unicode-supported-2.1.0.tgz. Extracting by manifest.
1700 silly tarball no local data for is-typed-array@https://registry.npmjs.org/is-typed-array/-/is-typed-array-1.1.15.tgz. Extracting by manifest.
1701 silly tarball no local data for is-stream@https://registry.npmjs.org/is-stream/-/is-stream-4.0.1.tgz. Extracting by manifest.
1702 silly tarball no local data for is-shared-array-buffer@https://registry.npmjs.org/is-shared-array-buffer/-/is-shared-array-buffer-1.0.4.tgz. Extracting by manifest.
1703 silly tarball no local data for is-string@https://registry.npmjs.org/is-string/-/is-string-1.1.1.tgz. Extracting by manifest.
1704 silly tarball no local data for is-regexp@https://registry.npmjs.org/is-regexp/-/is-regexp-3.1.0.tgz. Extracting by manifest.
1705 silly tarball no local data for is-regex@https://registry.npmjs.org/is-regex/-/is-regex-1.2.1.tgz. Extracting by manifest.
1706 silly tarball no local data for is-set@https://registry.npmjs.org/is-set/-/is-set-2.0.3.tgz. Extracting by manifest.
1707 silly tarball no local data for is-obj@https://registry.npmjs.org/is-obj/-/is-obj-2.0.0.tgz. Extracting by manifest.
1708 silly tarball no local data for is-promise@https://registry.npmjs.org/is-promise/-/is-promise-4.0.0.tgz. Extracting by manifest.
1709 silly tarball no local data for is-number-object@https://registry.npmjs.org/is-number-object/-/is-number-object-1.1.1.tgz. Extracting by manifest.
1710 silly tarball no local data for is-number@https://registry.npmjs.org/is-number/-/is-number-7.0.0.tgz. Extracting by manifest.
1711 silly tarball no local data for is-plain-obj@https://registry.npmjs.org/is-plain-obj/-/is-plain-obj-4.1.0.tgz. Extracting by manifest.
1712 silly tarball no local data for is-negative-zero@https://registry.npmjs.org/is-negative-zero/-/is-negative-zero-2.0.3.tgz. Extracting by manifest.
1713 silly tarball no local data for is-map@https://registry.npmjs.org/is-map/-/is-map-2.0.3.tgz. Extracting by manifest.
1714 silly tarball no local data for is-interactive@https://registry.npmjs.org/is-interactive/-/is-interactive-2.0.0.tgz. Extracting by manifest.
1715 silly tarball no local data for is-generator-function@https://registry.npmjs.org/is-generator-function/-/is-generator-function-1.1.2.tgz. Extracting by manifest.
1716 silly tarball no local data for is-in-ssh@https://registry.npmjs.org/is-in-ssh/-/is-in-ssh-1.0.0.tgz. Extracting by manifest.
1717 silly tarball no local data for is-glob@https://registry.npmjs.org/is-glob/-/is-glob-4.0.3.tgz. Extracting by manifest.
1718 silly tarball no local data for is-inside-container@https://registry.npmjs.org/is-inside-container/-/is-inside-container-1.0.0.tgz. Extracting by manifest.
1719 silly tarball no local data for is-extglob@https://registry.npmjs.org/is-extglob/-/is-extglob-2.1.1.tgz. Extracting by manifest.
1720 silly tarball no local data for is-finalizationregistry@https://registry.npmjs.org/is-finalizationregistry/-/is-finalizationregistry-1.1.1.tgz. Extracting by manifest.
1721 silly tarball no local data for is-docker@https://registry.npmjs.org/is-docker/-/is-docker-3.0.0.tgz. Extracting by manifest.
1722 silly tarball no local data for is-document.all@https://registry.npmjs.org/is-document.all/-/is-document.all-1.0.0.tgz. Extracting by manifest.
1723 silly tarball no local data for is-date-object@https://registry.npmjs.org/is-date-object/-/is-date-object-1.1.0.tgz. Extracting by manifest.
1724 silly tarball no local data for is-data-view@https://registry.npmjs.org/is-data-view/-/is-data-view-1.0.2.tgz. Extracting by manifest.
1725 silly tarball no local data for is-bun-module@https://registry.npmjs.org/is-bun-module/-/is-bun-module-2.0.0.tgz. Extracting by manifest.
1726 silly tarball no local data for is-callable@https://registry.npmjs.org/is-callable/-/is-callable-1.2.7.tgz. Extracting by manifest.
1727 silly tarball no local data for is-core-module@https://registry.npmjs.org/is-core-module/-/is-core-module-2.16.2.tgz. Extracting by manifest.
1728 silly tarball no local data for is-boolean-object@https://registry.npmjs.org/is-boolean-object/-/is-boolean-object-1.2.2.tgz. Extracting by manifest.
1729 silly tarball no local data for is-async-function@https://registry.npmjs.org/is-async-function/-/is-async-function-2.1.1.tgz. Extracting by manifest.
1730 silly tarball no local data for is-bigint@https://registry.npmjs.org/is-bigint/-/is-bigint-1.1.0.tgz. Extracting by manifest.
1731 silly tarball no local data for is-array-buffer@https://registry.npmjs.org/is-array-buffer/-/is-array-buffer-3.0.5.tgz. Extracting by manifest.
1732 silly tarball no local data for is-arrayish@https://registry.npmjs.org/is-arrayish/-/is-arrayish-0.2.1.tgz. Extracting by manifest.
1733 silly tarball no local data for ipaddr.js@https://registry.npmjs.org/ipaddr.js/-/ipaddr.js-1.9.1.tgz. Extracting by manifest.
1734 silly tarball no local data for internmap@https://registry.npmjs.org/internmap/-/internmap-2.0.3.tgz. Extracting by manifest.
1735 silly tarball no local data for ip-address@https://registry.npmjs.org/ip-address/-/ip-address-10.2.0.tgz. Extracting by manifest.
1736 silly tarball no local data for internal-slot@https://registry.npmjs.org/internal-slot/-/internal-slot-1.1.0.tgz. Extracting by manifest.
1737 silly tarball no local data for inherits@https://registry.npmjs.org/inherits/-/inherits-2.0.4.tgz. Extracting by manifest.
1738 silly tarball no local data for imurmurhash@https://registry.npmjs.org/imurmurhash/-/imurmurhash-0.1.4.tgz. Extracting by manifest.
1739 silly tarball no local data for import-fresh@https://registry.npmjs.org/import-fresh/-/import-fresh-3.3.1.tgz. Extracting by manifest.
1740 silly tarball no local data for immer@https://registry.npmjs.org/immer/-/immer-10.2.0.tgz. Extracting by manifest.
1741 silly tarball no local data for ignore@https://registry.npmjs.org/ignore/-/ignore-5.3.2.tgz. Extracting by manifest.
1742 silly tarball no local data for iconv-lite@https://registry.npmjs.org/iconv-lite/-/iconv-lite-0.7.3.tgz. Extracting by manifest.
1743 silly tarball no local data for iceberg-js@https://registry.npmjs.org/iceberg-js/-/iceberg-js-0.8.1.tgz. Extracting by manifest.
1744 silly tarball no local data for human-signals@https://registry.npmjs.org/human-signals/-/human-signals-8.0.1.tgz. Extracting by manifest.
1745 silly tarball no local data for http-errors@https://registry.npmjs.org/http-errors/-/http-errors-2.0.1.tgz. Extracting by manifest.
1746 silly tarball no local data for hono@https://registry.npmjs.org/hono/-/hono-4.12.31.tgz. Extracting by manifest.
1747 silly tarball no local data for hermes-parser@https://registry.npmjs.org/hermes-parser/-/hermes-parser-0.25.1.tgz. Extracting by manifest.
1748 silly tarball no local data for hermes-estree@https://registry.npmjs.org/hermes-estree/-/hermes-estree-0.25.1.tgz. Extracting by manifest.
1749 silly tarball no local data for hasown@https://registry.npmjs.org/hasown/-/hasown-2.0.4.tgz. Extracting by manifest.
1750 silly tarball no local data for has-tostringtag@https://registry.npmjs.org/has-tostringtag/-/has-tostringtag-1.0.2.tgz. Extracting by manifest.
1751 silly tarball no local data for has-symbols@https://registry.npmjs.org/has-symbols/-/has-symbols-1.1.0.tgz. Extracting by manifest.
1752 silly tarball no local data for has-proto@https://registry.npmjs.org/has-proto/-/has-proto-1.2.0.tgz. Extracting by manifest.
1753 silly tarball no local data for has-bigints@https://registry.npmjs.org/has-bigints/-/has-bigints-1.1.0.tgz. Extracting by manifest.
1754 silly tarball no local data for has-property-descriptors@https://registry.npmjs.org/has-property-descriptors/-/has-property-descriptors-1.0.2.tgz. Extracting by manifest.
1755 silly tarball no local data for has-flag@https://registry.npmjs.org/has-flag/-/has-flag-4.0.0.tgz. Extracting by manifest.
1756 silly tarball no local data for graceful-fs@https://registry.npmjs.org/graceful-fs/-/graceful-fs-4.2.11.tgz. Extracting by manifest.
1757 silly tarball no local data for gopd@https://registry.npmjs.org/gopd/-/gopd-1.2.0.tgz. Extracting by manifest.
1758 silly tarball no local data for globalthis@https://registry.npmjs.org/globalthis/-/globalthis-1.0.4.tgz. Extracting by manifest.
1759 silly tarball no local data for globals@https://registry.npmjs.org/globals/-/globals-14.0.0.tgz. Extracting by manifest.
1760 silly tarball no local data for get-tsconfig@https://registry.npmjs.org/get-tsconfig/-/get-tsconfig-4.14.0.tgz. Extracting by manifest.
1761 silly tarball no local data for glob-parent@https://registry.npmjs.org/glob-parent/-/glob-parent-6.0.2.tgz. Extracting by manifest.
1762 silly tarball no local data for get-symbol-description@https://registry.npmjs.org/get-symbol-description/-/get-symbol-description-1.1.0.tgz. Extracting by manifest.
1763 silly tarball no local data for get-stream@https://registry.npmjs.org/get-stream/-/get-stream-9.0.1.tgz. Extracting by manifest.
1764 silly tarball no local data for get-proto@https://registry.npmjs.org/get-proto/-/get-proto-1.0.1.tgz. Extracting by manifest.
1765 silly tarball no local data for get-intrinsic@https://registry.npmjs.org/get-intrinsic/-/get-intrinsic-1.3.0.tgz. Extracting by manifest.
1766 silly tarball no local data for get-own-enumerable-keys@https://registry.npmjs.org/get-own-enumerable-keys/-/get-own-enumerable-keys-1.0.0.tgz. Extracting by manifest.
1767 silly tarball no local data for get-east-asian-width@https://registry.npmjs.org/get-east-asian-width/-/get-east-asian-width-1.6.0.tgz. Extracting by manifest.
1768 silly tarball no local data for gensync@https://registry.npmjs.org/gensync/-/gensync-1.0.0-beta.2.tgz. Extracting by manifest.
1769 silly tarball no local data for generator-function@https://registry.npmjs.org/generator-function/-/generator-function-2.0.1.tgz. Extracting by manifest.
1770 silly tarball no local data for fuzzysort@https://registry.npmjs.org/fuzzysort/-/fuzzysort-3.1.0.tgz. Extracting by manifest.
1771 silly tarball no local data for functions-have-names@https://registry.npmjs.org/functions-have-names/-/functions-have-names-1.2.3.tgz. Extracting by manifest.
1772 silly tarball no local data for function.prototype.name@https://registry.npmjs.org/function.prototype.name/-/function.prototype.name-1.2.0.tgz. Extracting by manifest.
1773 silly tarball no local data for function-bind@https://registry.npmjs.org/function-bind/-/function-bind-1.1.2.tgz. Extracting by manifest.
1774 silly tarball no local data for fs-extra@https://registry.npmjs.org/fs-extra/-/fs-extra-11.3.6.tgz. Extracting by manifest.
1775 silly tarball no local data for fresh@https://registry.npmjs.org/fresh/-/fresh-2.0.0.tgz. Extracting by manifest.
1776 silly tarball no local data for framer-motion@https://registry.npmjs.org/framer-motion/-/framer-motion-12.42.2.tgz. Extracting by manifest.
1777 silly tarball no local data for for-each@https://registry.npmjs.org/for-each/-/for-each-0.3.5.tgz. Extracting by manifest.
1778 silly tarball no local data for flat-cache@https://registry.npmjs.org/flat-cache/-/flat-cache-4.0.1.tgz. Extracting by manifest.
1779 silly tarball no local data for forwarded@https://registry.npmjs.org/forwarded/-/forwarded-0.2.0.tgz. Extracting by manifest.
1780 silly tarball no local data for flatted@https://registry.npmjs.org/flatted/-/flatted-3.4.2.tgz. Extracting by manifest.
1781 silly tarball no local data for finalhandler@https://registry.npmjs.org/finalhandler/-/finalhandler-2.1.1.tgz. Extracting by manifest.
1782 silly tarball no local data for find-up@https://registry.npmjs.org/find-up/-/find-up-5.0.0.tgz. Extracting by manifest.
1783 silly tarball no local data for fill-range@https://registry.npmjs.org/fill-range/-/fill-range-7.1.1.tgz. Extracting by manifest.
1784 silly tarball no local data for file-entry-cache@https://registry.npmjs.org/file-entry-cache/-/file-entry-cache-8.0.0.tgz. Extracting by manifest.
1785 silly tarball no local data for figures@https://registry.npmjs.org/figures/-/figures-6.1.0.tgz. Extracting by manifest.
1786 silly tarball no local data for fast-uri@https://registry.npmjs.org/fast-uri/-/fast-uri-3.1.4.tgz. Extracting by manifest.
1787 silly tarball no local data for fast-levenshtein@https://registry.npmjs.org/fast-levenshtein/-/fast-levenshtein-2.0.6.tgz. Extracting by manifest.
1788 silly tarball no local data for fastq@https://registry.npmjs.org/fastq/-/fastq-1.20.1.tgz. Extracting by manifest.
1789 silly tarball no local data for fast-json-stable-stringify@https://registry.npmjs.org/fast-json-stable-stringify/-/fast-json-stable-stringify-2.1.0.tgz. Extracting by manifest.
1790 silly tarball no local data for fast-deep-equal@https://registry.npmjs.org/fast-deep-equal/-/fast-deep-equal-3.1.3.tgz. Extracting by manifest.
1791 silly tarball no local data for express-rate-limit@https://registry.npmjs.org/express-rate-limit/-/express-rate-limit-8.6.0.tgz. Extracting by manifest.
1792 silly tarball no local data for fast-glob@https://registry.npmjs.org/fast-glob/-/fast-glob-3.3.1.tgz. Extracting by manifest.
1793 silly tarball no local data for execa@https://registry.npmjs.org/execa/-/execa-9.6.1.tgz. Extracting by manifest.
1794 silly tarball no local data for express@https://registry.npmjs.org/express/-/express-5.2.1.tgz. Extracting by manifest.
1795 silly tarball no local data for expect-type@https://registry.npmjs.org/expect-type/-/expect-type-1.4.0.tgz. Extracting by manifest.
1796 silly tarball no local data for eventsource-parser@https://registry.npmjs.org/eventsource-parser/-/eventsource-parser-3.1.0.tgz. Extracting by manifest.
1797 silly tarball no local data for eventsource@https://registry.npmjs.org/eventsource/-/eventsource-3.0.7.tgz. Extracting by manifest.
1798 silly tarball no local data for esutils@https://registry.npmjs.org/esutils/-/esutils-2.0.3.tgz. Extracting by manifest.
1799 silly tarball no local data for estree-walker@https://registry.npmjs.org/estree-walker/-/estree-walker-3.0.3.tgz. Extracting by manifest.
1800 silly tarball no local data for eventemitter3@https://registry.npmjs.org/eventemitter3/-/eventemitter3-5.0.4.tgz. Extracting by manifest.
1801 silly tarball no local data for estraverse@https://registry.npmjs.org/estraverse/-/estraverse-5.3.0.tgz. Extracting by manifest.
1802 silly tarball no local data for etag@https://registry.npmjs.org/etag/-/etag-1.8.1.tgz. Extracting by manifest.
1803 silly tarball no local data for esrecurse@https://registry.npmjs.org/esrecurse/-/esrecurse-4.3.0.tgz. Extracting by manifest.
1804 silly tarball no local data for esquery@https://registry.npmjs.org/esquery/-/esquery-1.7.0.tgz. Extracting by manifest.
1805 silly tarball no local data for espree@https://registry.npmjs.org/espree/-/espree-10.4.0.tgz. Extracting by manifest.
1806 silly tarball no local data for eslint-visitor-keys@https://registry.npmjs.org/eslint-visitor-keys/-/eslint-visitor-keys-4.2.1.tgz. Extracting by manifest.
1807 silly tarball no local data for eslint-scope@https://registry.npmjs.org/eslint-scope/-/eslint-scope-8.4.0.tgz. Extracting by manifest.
1808 silly tarball no local data for eslint-plugin-react-hooks@https://registry.npmjs.org/eslint-plugin-react-hooks/-/eslint-plugin-react-hooks-7.1.1.tgz. Extracting by manifest.
1809 silly tarball no local data for eslint-plugin-jsx-a11y@https://registry.npmjs.org/eslint-plugin-jsx-a11y/-/eslint-plugin-jsx-a11y-6.10.2.tgz. Extracting by manifest.
1810 silly tarball no local data for eslint-plugin-react@https://registry.npmjs.org/eslint-plugin-react/-/eslint-plugin-react-7.37.5.tgz. Extracting by manifest.
1811 silly tarball no local data for eslint-plugin-import@https://registry.npmjs.org/eslint-plugin-import/-/eslint-plugin-import-2.32.0.tgz. Extracting by manifest.
1812 silly tarball no local data for eslint-import-resolver-typescript@https://registry.npmjs.org/eslint-import-resolver-typescript/-/eslint-import-resolver-typescript-3.10.1.tgz. Extracting by manifest.
1813 silly tarball no local data for eslint-module-utils@https://registry.npmjs.org/eslint-module-utils/-/eslint-module-utils-2.14.0.tgz. Extracting by manifest.
1814 silly tarball no local data for eslint-config-next@https://registry.npmjs.org/eslint-config-next/-/eslint-config-next-16.2.10.tgz. Extracting by manifest.
1815 silly tarball no local data for esprima@https://registry.npmjs.org/esprima/-/esprima-4.0.1.tgz. Extracting by manifest.
1816 silly tarball no local data for eslint@https://registry.npmjs.org/eslint/-/eslint-9.39.5.tgz. Extracting by manifest.
1817 silly tarball no local data for escape-string-regexp@https://registry.npmjs.org/escape-string-regexp/-/escape-string-regexp-4.0.0.tgz. Extracting by manifest.
1818 silly tarball no local data for eslint-import-resolver-node@https://registry.npmjs.org/eslint-import-resolver-node/-/eslint-import-resolver-node-0.3.10.tgz. Extracting by manifest.
1819 silly tarball no local data for esbuild@https://registry.npmjs.org/esbuild/-/esbuild-0.28.1.tgz. Extracting by manifest.
1820 silly tarball no local data for escape-html@https://registry.npmjs.org/escape-html/-/escape-html-1.0.3.tgz. Extracting by manifest.
1821 silly tarball no local data for es-toolkit@https://registry.npmjs.org/es-toolkit/-/es-toolkit-1.49.0.tgz. Extracting by manifest.
1822 silly tarball no local data for escalade@https://registry.npmjs.org/escalade/-/escalade-3.2.0.tgz. Extracting by manifest.
1823 silly tarball no local data for es-shim-unscopables@https://registry.npmjs.org/es-shim-unscopables/-/es-shim-unscopables-1.1.0.tgz. Extracting by manifest.
1824 silly tarball no local data for es-set-tostringtag@https://registry.npmjs.org/es-set-tostringtag/-/es-set-tostringtag-2.1.0.tgz. Extracting by manifest.
1825 silly tarball no local data for es-object-atoms@https://registry.npmjs.org/es-object-atoms/-/es-object-atoms-1.1.2.tgz. Extracting by manifest.
1826 silly tarball no local data for es-to-primitive@https://registry.npmjs.org/es-to-primitive/-/es-to-primitive-1.3.4.tgz. Extracting by manifest.
1827 silly tarball no local data for es-iterator-helpers@https://registry.npmjs.org/es-iterator-helpers/-/es-iterator-helpers-1.4.0.tgz. Extracting by manifest.
1828 silly tarball no local data for es-module-lexer@https://registry.npmjs.org/es-module-lexer/-/es-module-lexer-1.7.0.tgz. Extracting by manifest.
1829 silly tarball no local data for es-define-property@https://registry.npmjs.org/es-define-property/-/es-define-property-1.0.1.tgz. Extracting by manifest.
1830 silly tarball no local data for es-errors@https://registry.npmjs.org/es-errors/-/es-errors-1.3.0.tgz. Extracting by manifest.
1831 silly tarball no local data for es-abstract-get@https://registry.npmjs.org/es-abstract-get/-/es-abstract-get-1.0.0.tgz. Extracting by manifest.
1832 silly tarball no local data for error-ex@https://registry.npmjs.org/error-ex/-/error-ex-1.3.4.tgz. Extracting by manifest.
1833 silly tarball no local data for env-paths@https://registry.npmjs.org/env-paths/-/env-paths-2.2.1.tgz. Extracting by manifest.
1834 silly tarball no local data for es-abstract@https://registry.npmjs.org/es-abstract/-/es-abstract-1.24.2.tgz. Extracting by manifest.
1835 silly tarball no local data for enhanced-resolve@https://registry.npmjs.org/enhanced-resolve/-/enhanced-resolve-5.24.3.tgz. Extracting by manifest.
1836 silly tarball no local data for enquirer@https://registry.npmjs.org/enquirer/-/enquirer-2.4.1.tgz. Extracting by manifest.
1837 silly tarball no local data for encodeurl@https://registry.npmjs.org/encodeurl/-/encodeurl-2.0.0.tgz. Extracting by manifest.
1838 silly tarball no local data for emoji-regex@https://registry.npmjs.org/emoji-regex/-/emoji-regex-9.2.2.tgz. Extracting by manifest.
1839 silly tarball no local data for electron-to-chromium@https://registry.npmjs.org/electron-to-chromium/-/electron-to-chromium-1.5.394.tgz. Extracting by manifest.
1840 silly tarball no local data for ee-first@https://registry.npmjs.org/ee-first/-/ee-first-1.1.1.tgz. Extracting by manifest.
1841 silly tarball no local data for doctrine@https://registry.npmjs.org/doctrine/-/doctrine-2.1.0.tgz. Extracting by manifest.
1842 silly tarball no local data for dunder-proto@https://registry.npmjs.org/dunder-proto/-/dunder-proto-1.0.1.tgz. Extracting by manifest.
1843 silly tarball no local data for dot-prop@https://registry.npmjs.org/dot-prop/-/dot-prop-6.0.1.tgz. Extracting by manifest.
1844 silly tarball no local data for dotenv@https://registry.npmjs.org/dotenv/-/dotenv-17.4.2.tgz. Extracting by manifest.
1845 silly tarball no local data for detect-libc@https://registry.npmjs.org/detect-libc/-/detect-libc-2.1.2.tgz. Extracting by manifest.
1846 silly tarball no local data for depd@https://registry.npmjs.org/depd/-/depd-2.0.0.tgz. Extracting by manifest.
1847 silly tarball no local data for diff@https://registry.npmjs.org/diff/-/diff-8.0.4.tgz. Extracting by manifest.
1848 silly tarball no local data for define-lazy-prop@https://registry.npmjs.org/define-lazy-prop/-/define-lazy-prop-3.0.0.tgz. Extracting by manifest.
1849 silly tarball no local data for define-properties@https://registry.npmjs.org/define-properties/-/define-properties-1.2.1.tgz. Extracting by manifest.
1850 silly tarball no local data for deepmerge@https://registry.npmjs.org/deepmerge/-/deepmerge-4.3.1.tgz. Extracting by manifest.
1851 silly tarball no local data for define-data-property@https://registry.npmjs.org/define-data-property/-/define-data-property-1.1.4.tgz. Extracting by manifest.
1852 silly tarball no local data for default-browser-id@https://registry.npmjs.org/default-browser-id/-/default-browser-id-5.0.1.tgz. Extracting by manifest.
1853 silly tarball no local data for default-browser@https://registry.npmjs.org/default-browser/-/default-browser-5.5.0.tgz. Extracting by manifest.
1854 silly tarball no local data for deep-eql@https://registry.npmjs.org/deep-eql/-/deep-eql-5.0.2.tgz. Extracting by manifest.
1855 silly tarball no local data for decimal.js-light@https://registry.npmjs.org/decimal.js-light/-/decimal.js-light-2.5.1.tgz. Extracting by manifest.
1856 silly tarball no local data for debounce-fn@https://registry.npmjs.org/debounce-fn/-/debounce-fn-4.0.0.tgz. Extracting by manifest.
1857 silly tarball no local data for deep-is@https://registry.npmjs.org/deep-is/-/deep-is-0.1.4.tgz. Extracting by manifest.
1858 silly tarball no local data for dedent@https://registry.npmjs.org/dedent/-/dedent-1.7.2.tgz. Extracting by manifest.
1859 silly tarball no local data for debug@https://registry.npmjs.org/debug/-/debug-4.4.3.tgz. Extracting by manifest.
1860 silly tarball no local data for data-view-byte-offset@https://registry.npmjs.org/data-view-byte-offset/-/data-view-byte-offset-1.0.1.tgz. Extracting by manifest.
1861 silly tarball no local data for d3-timer@https://registry.npmjs.org/d3-timer/-/d3-timer-3.0.1.tgz. Extracting by manifest.
1862 silly tarball no local data for data-view-byte-length@https://registry.npmjs.org/data-view-byte-length/-/data-view-byte-length-1.0.2.tgz. Extracting by manifest.
1863 silly tarball no local data for damerau-levenshtein@https://registry.npmjs.org/damerau-levenshtein/-/damerau-levenshtein-1.0.8.tgz. Extracting by manifest.
1864 silly tarball no local data for data-view-buffer@https://registry.npmjs.org/data-view-buffer/-/data-view-buffer-1.0.2.tgz. Extracting by manifest.
1865 silly tarball no local data for d3-scale@https://registry.npmjs.org/d3-scale/-/d3-scale-4.0.2.tgz. Extracting by manifest.
1866 silly tarball no local data for d3-shape@https://registry.npmjs.org/d3-shape/-/d3-shape-3.2.0.tgz. Extracting by manifest.
1867 silly tarball no local data for d3-time-format@https://registry.npmjs.org/d3-time-format/-/d3-time-format-4.1.0.tgz. Extracting by manifest.
1868 silly tarball no local data for d3-path@https://registry.npmjs.org/d3-path/-/d3-path-3.1.0.tgz. Extracting by manifest.
1869 silly tarball no local data for d3-time@https://registry.npmjs.org/d3-time/-/d3-time-3.1.0.tgz. Extracting by manifest.
1870 silly tarball no local data for d3-interpolate@https://registry.npmjs.org/d3-interpolate/-/d3-interpolate-3.0.1.tgz. Extracting by manifest.
1871 silly tarball no local data for d3-color@https://registry.npmjs.org/d3-color/-/d3-color-3.1.0.tgz. Extracting by manifest.
1872 silly tarball no local data for d3-format@https://registry.npmjs.org/d3-format/-/d3-format-3.1.2.tgz. Extracting by manifest.
1873 silly tarball no local data for csstype@https://registry.npmjs.org/csstype/-/csstype-3.2.3.tgz. Extracting by manifest.
1874 silly tarball no local data for d3-ease@https://registry.npmjs.org/d3-ease/-/d3-ease-3.0.1.tgz. Extracting by manifest.
1875 silly tarball no local data for cssesc@https://registry.npmjs.org/cssesc/-/cssesc-3.0.0.tgz. Extracting by manifest.
1876 silly tarball no local data for d3-array@https://registry.npmjs.org/d3-array/-/d3-array-3.2.4.tgz. Extracting by manifest.
1877 silly tarball no local data for cross-spawn@https://registry.npmjs.org/cross-spawn/-/cross-spawn-7.0.6.tgz. Extracting by manifest.
1878 silly tarball no local data for cosmiconfig@https://registry.npmjs.org/cosmiconfig/-/cosmiconfig-9.0.2.tgz. Extracting by manifest.
1879 silly tarball no local data for cookie-signature@https://registry.npmjs.org/cookie-signature/-/cookie-signature-1.2.2.tgz. Extracting by manifest.
1880 silly tarball no local data for cors@https://registry.npmjs.org/cors/-/cors-2.8.6.tgz. Extracting by manifest.
1881 silly tarball no local data for cookie@https://registry.npmjs.org/cookie/-/cookie-0.7.2.tgz. Extracting by manifest.
1882 silly tarball no local data for content-disposition@https://registry.npmjs.org/content-disposition/-/content-disposition-1.1.0.tgz. Extracting by manifest.
1883 silly tarball no local data for convert-source-map@https://registry.npmjs.org/convert-source-map/-/convert-source-map-2.0.0.tgz. Extracting by manifest.
1884 silly tarball no local data for conf@https://registry.npmjs.org/conf/-/conf-10.2.0.tgz. Extracting by manifest.
1885 silly tarball no local data for content-type@https://registry.npmjs.org/content-type/-/content-type-1.0.5.tgz. Extracting by manifest.
1886 silly tarball no local data for color-name@https://registry.npmjs.org/color-name/-/color-name-1.1.4.tgz. Extracting by manifest.
1887 silly tarball no local data for concat-map@https://registry.npmjs.org/concat-map/-/concat-map-0.0.1.tgz. Extracting by manifest.
1888 silly tarball no local data for code-block-writer@https://registry.npmjs.org/code-block-writer/-/code-block-writer-13.0.3.tgz. Extracting by manifest.
1889 silly tarball no local data for color-convert@https://registry.npmjs.org/color-convert/-/color-convert-2.0.1.tgz. Extracting by manifest.
1890 silly tarball no local data for commander@https://registry.npmjs.org/commander/-/commander-14.0.3.tgz. Extracting by manifest.
1891 silly tarball no local data for client-only@https://registry.npmjs.org/client-only/-/client-only-0.0.1.tgz. Extracting by manifest.
1892 silly tarball no local data for cli-spinners@https://registry.npmjs.org/cli-spinners/-/cli-spinners-2.9.2.tgz. Extracting by manifest.
1893 silly tarball no local data for clsx@https://registry.npmjs.org/clsx/-/clsx-2.1.1.tgz. Extracting by manifest.
1894 silly tarball no local data for cli-cursor@https://registry.npmjs.org/cli-cursor/-/cli-cursor-5.0.0.tgz. Extracting by manifest.
1895 silly tarball no local data for class-variance-authority@https://registry.npmjs.org/class-variance-authority/-/class-variance-authority-0.7.1.tgz. Extracting by manifest.
1896 silly tarball no local data for check-error@https://registry.npmjs.org/check-error/-/check-error-2.1.3.tgz. Extracting by manifest.
1897 silly tarball no local data for chalk@https://registry.npmjs.org/chalk/-/chalk-4.1.2.tgz. Extracting by manifest.
1898 silly tarball no local data for chai@https://registry.npmjs.org/chai/-/chai-5.3.3.tgz. Extracting by manifest.
1899 silly tarball no local data for caniuse-lite@https://registry.npmjs.org/caniuse-lite/-/caniuse-lite-1.0.30001806.tgz. Extracting by manifest.
1900 silly tarball no local data for canvas-confetti@https://registry.npmjs.org/canvas-confetti/-/canvas-confetti-1.9.4.tgz. Extracting by manifest.
1901 silly tarball no local data for callsites@https://registry.npmjs.org/callsites/-/callsites-3.1.0.tgz. Extracting by manifest.
1902 silly tarball no local data for call-bind-apply-helpers@https://registry.npmjs.org/call-bind-apply-helpers/-/call-bind-apply-helpers-1.0.2.tgz. Extracting by manifest.
1903 silly tarball no local data for call-bound@https://registry.npmjs.org/call-bound/-/call-bound-1.0.4.tgz. Extracting by manifest.
1904 silly tarball no local data for cac@https://registry.npmjs.org/cac/-/cac-6.7.14.tgz. Extracting by manifest.
1905 silly tarball no local data for bytes@https://registry.npmjs.org/bytes/-/bytes-3.1.2.tgz. Extracting by manifest.
1906 silly tarball no local data for call-bind@https://registry.npmjs.org/call-bind/-/call-bind-1.0.9.tgz. Extracting by manifest.
1907 silly tarball no local data for bundle-name@https://registry.npmjs.org/bundle-name/-/bundle-name-4.1.0.tgz. Extracting by manifest.
1908 silly tarball no local data for browserslist@https://registry.npmjs.org/browserslist/-/browserslist-4.28.6.tgz. Extracting by manifest.
1909 silly tarball no local data for baseline-browser-mapping@https://registry.npmjs.org/baseline-browser-mapping/-/baseline-browser-mapping-2.10.44.tgz. Extracting by manifest.
1910 silly tarball no local data for braces@https://registry.npmjs.org/braces/-/braces-3.0.3.tgz. Extracting by manifest.
1911 silly tarball no local data for brace-expansion@https://registry.npmjs.org/brace-expansion/-/brace-expansion-1.1.16.tgz. Extracting by manifest.
1912 silly tarball no local data for body-parser@https://registry.npmjs.org/body-parser/-/body-parser-2.3.0.tgz. Extracting by manifest.
1913 silly tarball no local data for axobject-query@https://registry.npmjs.org/axobject-query/-/axobject-query-4.1.0.tgz. Extracting by manifest.
1914 silly tarball no local data for balanced-match@https://registry.npmjs.org/balanced-match/-/balanced-match-1.0.2.tgz. Extracting by manifest.
1915 silly tarball no local data for available-typed-arrays@https://registry.npmjs.org/available-typed-arrays/-/available-typed-arrays-1.0.7.tgz. Extracting by manifest.
1916 silly tarball no local data for axe-core@https://registry.npmjs.org/axe-core/-/axe-core-4.12.1.tgz. Extracting by manifest.
1917 silly tarball no local data for atomically@https://registry.npmjs.org/atomically/-/atomically-1.7.0.tgz. Extracting by manifest.
1918 silly tarball no local data for ast-types-flow@https://registry.npmjs.org/ast-types-flow/-/ast-types-flow-0.0.8.tgz. Extracting by manifest.
1919 silly tarball no local data for async-function@https://registry.npmjs.org/async-function/-/async-function-1.0.0.tgz. Extracting by manifest.
1920 silly tarball no local data for ast-types@https://registry.npmjs.org/ast-types/-/ast-types-0.16.1.tgz. Extracting by manifest.
1921 silly tarball no local data for arraybuffer.prototype.slice@https://registry.npmjs.org/arraybuffer.prototype.slice/-/arraybuffer.prototype.slice-1.0.4.tgz. Extracting by manifest.
1922 silly tarball no local data for assertion-error@https://registry.npmjs.org/assertion-error/-/assertion-error-2.0.1.tgz. Extracting by manifest.
1923 silly tarball no local data for array.prototype.tosorted@https://registry.npmjs.org/array.prototype.tosorted/-/array.prototype.tosorted-1.1.4.tgz. Extracting by manifest.
1924 silly tarball no local data for array.prototype.flat@https://registry.npmjs.org/array.prototype.flat/-/array.prototype.flat-1.3.3.tgz. Extracting by manifest.
1925 silly tarball no local data for array.prototype.findlastindex@https://registry.npmjs.org/array.prototype.findlastindex/-/array.prototype.findlastindex-1.2.6.tgz. Extracting by manifest.
1926 silly tarball no local data for array.prototype.flatmap@https://registry.npmjs.org/array.prototype.flatmap/-/array.prototype.flatmap-1.3.3.tgz. Extracting by manifest.
1927 silly tarball no local data for array-includes@https://registry.npmjs.org/array-includes/-/array-includes-3.1.9.tgz. Extracting by manifest.
1928 silly tarball no local data for array.prototype.findlast@https://registry.npmjs.org/array.prototype.findlast/-/array.prototype.findlast-1.2.5.tgz. Extracting by manifest.
1929 silly tarball no local data for aria-query@https://registry.npmjs.org/aria-query/-/aria-query-5.3.2.tgz. Extracting by manifest.
1930 silly tarball no local data for array-buffer-byte-length@https://registry.npmjs.org/array-buffer-byte-length/-/array-buffer-byte-length-1.0.2.tgz. Extracting by manifest.
1931 silly tarball no local data for ansi-regex@https://registry.npmjs.org/ansi-regex/-/ansi-regex-5.0.1.tgz. Extracting by manifest.
1932 silly tarball no local data for ansi-colors@https://registry.npmjs.org/ansi-colors/-/ansi-colors-4.1.3.tgz. Extracting by manifest.
1933 silly tarball no local data for ansi-styles@https://registry.npmjs.org/ansi-styles/-/ansi-styles-4.3.0.tgz. Extracting by manifest.
1934 silly tarball no local data for argparse@https://registry.npmjs.org/argparse/-/argparse-2.0.1.tgz. Extracting by manifest.
1935 silly tarball no local data for ajv-formats@https://registry.npmjs.org/ajv-formats/-/ajv-formats-3.0.1.tgz. Extracting by manifest.
1936 silly tarball no local data for ajv@https://registry.npmjs.org/ajv/-/ajv-6.15.0.tgz. Extracting by manifest.
1937 silly tarball no local data for typescript@https://registry.npmjs.org/typescript/-/typescript-5.9.3.tgz. Extracting by manifest.
1938 silly tarball no local data for vitest@https://registry.npmjs.org/vitest/-/vitest-3.2.7.tgz. Extracting by manifest.
1939 silly tarball no local data for accepts@https://registry.npmjs.org/accepts/-/accepts-2.0.0.tgz. Extracting by manifest.
1940 silly tarball no local data for acorn-jsx@https://registry.npmjs.org/acorn-jsx/-/acorn-jsx-5.3.2.tgz. Extracting by manifest.
1941 silly tarball no local data for acorn@https://registry.npmjs.org/acorn/-/acorn-8.17.0.tgz. Extracting by manifest.
1942 silly tarball no local data for typescript@https://registry.npmjs.org/typescript/-/typescript-5.9.3.tgz. Extracting by manifest.
1943 silly tarball no local data for picomatch@https://registry.npmjs.org/picomatch/-/picomatch-4.0.5.tgz. Extracting by manifest.
1944 silly tarball no local data for eslint-visitor-keys@https://registry.npmjs.org/eslint-visitor-keys/-/eslint-visitor-keys-5.0.1.tgz. Extracting by manifest.
1945 silly tarball no local data for ignore@https://registry.npmjs.org/ignore/-/ignore-7.0.6.tgz. Extracting by manifest.
1946 silly tarball no local data for semver@https://registry.npmjs.org/semver/-/semver-7.8.5.tgz. Extracting by manifest.
1947 silly tarball no local data for glob-parent@https://registry.npmjs.org/glob-parent/-/glob-parent-5.1.2.tgz. Extracting by manifest.
1948 silly tarball no local data for fast-glob@https://registry.npmjs.org/fast-glob/-/fast-glob-3.3.3.tgz. Extracting by manifest.
1949 silly tarball no local data for minimatch@https://registry.npmjs.org/minimatch/-/minimatch-10.2.5.tgz. Extracting by manifest.
1950 silly tarball no local data for minimatch@https://registry.npmjs.org/minimatch/-/minimatch-10.2.5.tgz. Extracting by manifest.
1951 silly tarball no local data for brace-expansion@https://registry.npmjs.org/brace-expansion/-/brace-expansion-5.0.7.tgz. Extracting by manifest.
1952 silly tarball no local data for balanced-match@https://registry.npmjs.org/balanced-match/-/balanced-match-4.0.4.tgz. Extracting by manifest.
1953 silly tarball no local data for immer@https://registry.npmjs.org/immer/-/immer-11.1.15.tgz. Extracting by manifest.
1954 silly tarball no local data for balanced-match@https://registry.npmjs.org/balanced-match/-/balanced-match-4.0.4.tgz. Extracting by manifest.
1955 silly tarball no local data for json-schema-traverse@https://registry.npmjs.org/json-schema-traverse/-/json-schema-traverse-1.0.0.tgz. Extracting by manifest.
1956 silly tarball no local data for ajv@https://registry.npmjs.org/ajv/-/ajv-8.20.0.tgz. Extracting by manifest.
1957 silly tarball no local data for eslint-visitor-keys@https://registry.npmjs.org/eslint-visitor-keys/-/eslint-visitor-keys-3.4.3.tgz. Extracting by manifest.
1958 silly tarball no local data for brace-expansion@https://registry.npmjs.org/brace-expansion/-/brace-expansion-5.0.7.tgz. Extracting by manifest.
1959 silly tarball no local data for which@https://registry.npmjs.org/which/-/which-4.0.0.tgz. Extracting by manifest.
1960 silly tarball no local data for strip-final-newline@https://registry.npmjs.org/strip-final-newline/-/strip-final-newline-2.0.0.tgz. Extracting by manifest.
1961 silly tarball no local data for signal-exit@https://registry.npmjs.org/signal-exit/-/signal-exit-3.0.7.tgz. Extracting by manifest.
1962 silly tarball no local data for is-stream@https://registry.npmjs.org/is-stream/-/is-stream-2.0.1.tgz. Extracting by manifest.
1963 silly tarball no local data for picomatch@https://registry.npmjs.org/picomatch/-/picomatch-4.0.5.tgz. Extracting by manifest.
1964 silly tarball no local data for npm-run-path@https://registry.npmjs.org/npm-run-path/-/npm-run-path-4.0.1.tgz. Extracting by manifest.
1965 silly tarball no local data for open@https://registry.npmjs.org/open/-/open-8.4.2.tgz. Extracting by manifest.
1966 silly tarball no local data for is-wsl@https://registry.npmjs.org/is-wsl/-/is-wsl-2.2.0.tgz. Extracting by manifest.
1967 silly tarball no local data for isexe@https://registry.npmjs.org/isexe/-/isexe-3.1.5.tgz. Extracting by manifest.
1968 silly tarball no local data for is-docker@https://registry.npmjs.org/is-docker/-/is-docker-2.2.1.tgz. Extracting by manifest.
1969 silly tarball no local data for get-stream@https://registry.npmjs.org/get-stream/-/get-stream-6.0.1.tgz. Extracting by manifest.
1970 silly tarball no local data for human-signals@https://registry.npmjs.org/human-signals/-/human-signals-2.1.0.tgz. Extracting by manifest.
1971 silly tarball no local data for execa@https://registry.npmjs.org/execa/-/execa-5.1.1.tgz. Extracting by manifest.
1972 silly tarball no local data for fdir@https://registry.npmjs.org/fdir/-/fdir-6.5.0.tgz. Extracting by manifest.
1973 silly tarball no local data for define-lazy-prop@https://registry.npmjs.org/define-lazy-prop/-/define-lazy-prop-2.0.0.tgz. Extracting by manifest.
1974 silly tarball no local data for @vitest/utils@https://registry.npmjs.org/@vitest/utils/-/utils-4.1.10.tgz. Extracting by manifest.
1975 silly tarball no local data for commander@https://registry.npmjs.org/commander/-/commander-11.1.0.tgz. Extracting by manifest.
1976 silly tarball no local data for @vitest/runner@https://registry.npmjs.org/@vitest/runner/-/runner-4.1.10.tgz. Extracting by manifest.
1977 silly tarball no local data for @vitest/spy@https://registry.npmjs.org/@vitest/spy/-/spy-4.1.10.tgz. Extracting by manifest.
1978 silly tarball no local data for @vitest/snapshot@https://registry.npmjs.org/@vitest/snapshot/-/snapshot-4.1.10.tgz. Extracting by manifest.
1979 silly tarball no local data for @vitest/expect@https://registry.npmjs.org/@vitest/expect/-/expect-4.1.10.tgz. Extracting by manifest.
1980 silly tarball no local data for @vitest/mocker@https://registry.npmjs.org/@vitest/mocker/-/mocker-4.1.10.tgz. Extracting by manifest.
1981 silly tarball no local data for @vitest/pretty-format@https://registry.npmjs.org/@vitest/pretty-format/-/pretty-format-4.1.10.tgz. Extracting by manifest.
1982 silly tarball no local data for tinyrainbow@https://registry.npmjs.org/tinyrainbow/-/tinyrainbow-3.1.0.tgz. Extracting by manifest.
1983 silly tarball no local data for picomatch@https://registry.npmjs.org/picomatch/-/picomatch-4.0.5.tgz. Extracting by manifest.
1984 silly tarball no local data for picomatch@https://registry.npmjs.org/picomatch/-/picomatch-4.0.5.tgz. Extracting by manifest.
1985 silly tarball no local data for tinyexec@https://registry.npmjs.org/tinyexec/-/tinyexec-1.2.4.tgz. Extracting by manifest.
1986 silly tarball no local data for chai@https://registry.npmjs.org/chai/-/chai-6.2.2.tgz. Extracting by manifest.
1987 silly tarball no local data for content-type@https://registry.npmjs.org/content-type/-/content-type-2.0.0.tgz. Extracting by manifest.
1988 silly tarball no local data for std-env@https://registry.npmjs.org/std-env/-/std-env-4.2.0.tgz. Extracting by manifest.
1989 silly tarball no local data for es-module-lexer@https://registry.npmjs.org/es-module-lexer/-/es-module-lexer-2.3.1.tgz. Extracting by manifest.
1990 silly tarball no local data for fdir@https://registry.npmjs.org/fdir/-/fdir-6.5.0.tgz. Extracting by manifest.
1991 silly tarball no local data for json5@https://registry.npmjs.org/json5/-/json5-1.0.2.tgz. Extracting by manifest.
1992 silly tarball no local data for js-tokens@https://registry.npmjs.org/js-tokens/-/js-tokens-9.0.1.tgz. Extracting by manifest.
1993 silly tarball no local data for is-obj@https://registry.npmjs.org/is-obj/-/is-obj-3.0.0.tgz. Extracting by manifest.
1994 silly tarball no local data for picomatch@https://registry.npmjs.org/picomatch/-/picomatch-4.0.5.tgz. Extracting by manifest.
1995 silly tarball no local data for fdir@https://registry.npmjs.org/fdir/-/fdir-6.5.0.tgz. Extracting by manifest.
1996 silly tarball no local data for semver@https://registry.npmjs.org/semver/-/semver-7.8.5.tgz. Extracting by manifest.
1997 silly tarball no local data for onetime@https://registry.npmjs.org/onetime/-/onetime-7.0.0.tgz. Extracting by manifest.
1998 silly tarball no local data for glob-parent@https://registry.npmjs.org/glob-parent/-/glob-parent-5.1.2.tgz. Extracting by manifest.
1999 silly tarball no local data for reselect@https://registry.npmjs.org/reselect/-/reselect-5.1.1.tgz. Extracting by manifest.
2000 silly tarball no local data for tsconfig-paths@https://registry.npmjs.org/tsconfig-paths/-/tsconfig-paths-4.2.0.tgz. Extracting by manifest.
2001 silly tarball no local data for kleur@https://registry.npmjs.org/kleur/-/kleur-3.0.3.tgz. Extracting by manifest.
2002 silly tarball no local data for zod@https://registry.npmjs.org/zod/-/zod-3.25.76.tgz. Extracting by manifest.
2003 silly tarball no local data for fast-glob@https://registry.npmjs.org/fast-glob/-/fast-glob-3.3.3.tgz. Extracting by manifest.
2004 silly tarball no local data for chalk@https://registry.npmjs.org/chalk/-/chalk-5.6.2.tgz. Extracting by manifest.
2005 silly tarball no local data for strip-ansi@https://registry.npmjs.org/strip-ansi/-/strip-ansi-7.2.0.tgz. Extracting by manifest.
2006 silly tarball no local data for p-locate@https://registry.npmjs.org/p-locate/-/p-locate-3.0.0.tgz. Extracting by manifest.
2007 silly tarball no local data for p-limit@https://registry.npmjs.org/p-limit/-/p-limit-2.3.0.tgz. Extracting by manifest.
2008 silly tarball no local data for path-exists@https://registry.npmjs.org/path-exists/-/path-exists-3.0.0.tgz. Extracting by manifest.
2009 silly tarball no local data for mimic-fn@https://registry.npmjs.org/mimic-fn/-/mimic-fn-2.1.0.tgz. Extracting by manifest.
2010 silly tarball no local data for find-up@https://registry.npmjs.org/find-up/-/find-up-3.0.0.tgz. Extracting by manifest.
2011 silly tarball no local data for path-key@https://registry.npmjs.org/path-key/-/path-key-4.0.0.tgz. Extracting by manifest.
2012 silly tarball no local data for locate-path@https://registry.npmjs.org/locate-path/-/locate-path-3.0.0.tgz. Extracting by manifest.
2013 silly tarball no local data for string-width@https://registry.npmjs.org/string-width/-/string-width-7.2.0.tgz. Extracting by manifest.
2014 silly tarball no local data for postcss@https://registry.npmjs.org/postcss/-/postcss-8.4.31.tgz. Extracting by manifest.
2015 silly tarball no local data for glob-parent@https://registry.npmjs.org/glob-parent/-/glob-parent-5.1.2.tgz. Extracting by manifest.
2016 silly tarball no local data for ansi-regex@https://registry.npmjs.org/ansi-regex/-/ansi-regex-6.2.2.tgz. Extracting by manifest.
2017 silly tarball no local data for semver@https://registry.npmjs.org/semver/-/semver-7.8.5.tgz. Extracting by manifest.
2018 silly tarball no local data for emoji-regex@https://registry.npmjs.org/emoji-regex/-/emoji-regex-10.6.0.tgz. Extracting by manifest.
2019 silly tarball no local data for chalk@https://registry.npmjs.org/chalk/-/chalk-5.6.2.tgz. Extracting by manifest.
2020 silly tarball no local data for debug@https://registry.npmjs.org/debug/-/debug-3.2.7.tgz. Extracting by manifest.
2021 silly tarball no local data for debug@https://registry.npmjs.org/debug/-/debug-3.2.7.tgz. Extracting by manifest.
2022 silly tarball no local data for debug@https://registry.npmjs.org/debug/-/debug-3.2.7.tgz. Extracting by manifest.
2023 silly tarball no local data for is-unicode-supported@https://registry.npmjs.org/is-unicode-supported/-/is-unicode-supported-1.3.0.tgz. Extracting by manifest.
2024 silly tarball no local data for globals@https://registry.npmjs.org/globals/-/globals-16.4.0.tgz. Extracting by manifest.
2025 silly tarball no local data for semver@https://registry.npmjs.org/semver/-/semver-7.8.5.tgz. Extracting by manifest.
2026 silly tarball no local data for json-schema-typed@https://registry.npmjs.org/json-schema-typed/-/json-schema-typed-7.0.3.tgz. Extracting by manifest.
2027 silly tarball no local data for content-type@https://registry.npmjs.org/content-type/-/content-type-2.0.0.tgz. Extracting by manifest.
2028 silly tarball no local data for ajv-formats@https://registry.npmjs.org/ajv-formats/-/ajv-formats-2.1.1.tgz. Extracting by manifest.
2029 silly tarball no local data for json-schema-traverse@https://registry.npmjs.org/json-schema-traverse/-/json-schema-traverse-1.0.0.tgz. Extracting by manifest.
2030 silly tarball no local data for json-schema-traverse@https://registry.npmjs.org/json-schema-traverse/-/json-schema-traverse-1.0.0.tgz. Extracting by manifest.
2031 silly tarball no local data for ajv@https://registry.npmjs.org/ajv/-/ajv-8.20.0.tgz. Extracting by manifest.
2032 silly tarball no local data for ajv@https://registry.npmjs.org/ajv/-/ajv-8.20.0.tgz. Extracting by manifest.
2033 http fetch POST 200 https://registry.npmjs.org/-/npm/v1/security/advisories/bulk 1077ms
2034 silly audit report {
2034 silly audit report   '@hono/node-server': [
2034 silly audit report     {
2034 silly audit report       id: 1124006,
2034 silly audit report       url: 'https://github.com/advisories/GHSA-frvp-7c67-39w9',
2034 silly audit report       title: 'Node.js Adapter for Hono: Path traversal in `serve-static` on Windows via encoded backslash (`%5C`)',
2034 silly audit report       severity: 'moderate',
2034 silly audit report       vulnerable_versions: '<2.0.5',
2034 silly audit report       cwe: [Array],
2034 silly audit report       cvss: [Object]
2034 silly audit report     }
2034 silly audit report   ],
2034 silly audit report   postcss: [
2034 silly audit report     {
2034 silly audit report       id: 1117015,
2034 silly audit report       url: 'https://github.com/advisories/GHSA-qx2v-qp2m-jg93',
2034 silly audit report       title: 'PostCSS has XSS via Unescaped </style> in its CSS Stringify Output',
2034 silly audit report       severity: 'moderate',
2034 silly audit report       vulnerable_versions: '<8.5.10',
2034 silly audit report       cwe: [Array],
2034 silly audit report       cvss: [Object]
2034 silly audit report     }
2034 silly audit report   ],
2034 silly audit report   sharp: [
2034 silly audit report     {
2034 silly audit report       id: 1124066,
2034 silly audit report       url: 'https://github.com/advisories/GHSA-f88m-g3jw-g9cj',
2034 silly audit report       title: 'sharp inherited vulnerabilities in libvips: CVE-2026-33327, CVE-2026-33328, CVE-2026-35590, CVE-2026-35591',
2034 silly audit report       severity: 'high',
2034 silly audit report       vulnerable_versions: '<0.35.0',
2034 silly audit report       cwe: [Array],
2034 silly audit report       cvss: [Object]
2034 silly audit report     }
2034 silly audit report   ]
2034 silly audit report }
2035 silly packumentCache corgi:https://registry.npmjs.org/@hono%2fnode-server cache-miss
2036 silly packumentCache corgi:https://registry.npmjs.org/postcss cache-miss
2037 silly packumentCache corgi:https://registry.npmjs.org/sharp cache-miss
2038 http fetch GET 200 https://registry.npmjs.org/@typescript-eslint/visitor-keys/-/visitor-keys-8.65.0.tgz 769ms (cache miss)
2039 http fetch GET 200 https://registry.npmjs.org/@typescript-eslint/parser/-/parser-8.65.0.tgz 780ms (cache miss)
2040 http fetch GET 200 https://registry.npmjs.org/@vitest/runner/-/runner-3.2.7.tgz 934ms (cache miss)
2041 http fetch GET 200 https://registry.npmjs.org/@typescript-eslint/types/-/types-8.65.0.tgz 946ms (cache miss)
2042 http fetch GET 200 https://registry.npmjs.org/@typescript-eslint/tsconfig-utils/-/tsconfig-utils-8.65.0.tgz 943ms (cache miss)
2043 http fetch GET 200 https://registry.npmjs.org/@types/ws/-/ws-8.18.1.tgz 948ms (cache miss)
2044 http fetch GET 200 https://registry.npmjs.org/@typescript-eslint/project-service/-/project-service-8.65.0.tgz 951ms (cache miss)
2045 http fetch GET 200 https://registry.npmjs.org/@types/json5/-/json5-0.0.29.tgz 952ms (cache miss)
2046 http fetch GET 200 https://registry.npmjs.org/@types/json-schema/-/json-schema-7.0.15.tgz 965ms (cache miss)
2047 http fetch GET 200 https://registry.npmjs.org/@types/validate-npm-package-name/-/validate-npm-package-name-4.0.2.tgz 971ms (cache miss)
2048 http fetch GET 200 https://registry.npmjs.org/@types/estree/-/estree-1.0.9.tgz 1026ms (cache miss)
2049 http fetch GET 200 https://registry.npmjs.org/@vitest/spy/-/spy-3.2.7.tgz 1077ms (cache miss)
2050 http fetch GET 200 https://registry.npmjs.org/@types/use-sync-external-store/-/use-sync-external-store-0.0.6.tgz 1078ms (cache miss)
2051 http fetch GET 200 https://registry.npmjs.org/@types/react-dom/-/react-dom-19.2.3.tgz 1078ms (cache miss)
2052 http fetch GET 200 https://registry.npmjs.org/@types/d3-time/-/d3-time-3.0.4.tgz 1101ms (cache miss)
2053 http fetch GET 200 https://registry.npmjs.org/@types/d3-ease/-/d3-ease-3.0.2.tgz 1114ms (cache miss)
2054 http fetch GET 200 https://registry.npmjs.org/@vitest/expect/-/expect-3.2.7.tgz 1159ms (cache miss)
2055 http fetch GET 200 https://registry.npmjs.org/@types/d3-interpolate/-/d3-interpolate-3.0.4.tgz 1167ms (cache miss)
2056 http fetch GET 200 https://registry.npmjs.org/@types/d3-color/-/d3-color-3.1.3.tgz 1179ms (cache miss)
2057 http fetch GET 200 https://registry.npmjs.org/@types/d3-timer/-/d3-timer-3.0.2.tgz 1181ms (cache miss)
2058 http fetch GET 200 https://registry.npmjs.org/@types/chai/-/chai-5.2.3.tgz 1187ms (cache miss)
2059 http fetch GET 200 https://registry.npmjs.org/@types/d3-scale/-/d3-scale-4.0.9.tgz 1199ms (cache miss)
2060 http fetch GET 200 https://registry.npmjs.org/@types/react/-/react-19.2.17.tgz 1213ms (cache miss)
2061 http fetch GET 200 https://registry.npmjs.org/@tailwindcss/oxide/-/oxide-4.3.3.tgz 1220ms (cache miss)
2062 http fetch GET 200 https://registry.npmjs.org/@unrs/resolver-binding-win32-x64-msvc/-/resolver-binding-win32-x64-msvc-1.12.2.tgz 1303ms (cache miss)
2063 http fetch GET 200 https://registry.npmjs.org/@vitest/snapshot/-/snapshot-3.2.7.tgz 1316ms (cache miss)
2064 http fetch GET 200 https://registry.npmjs.org/@types/d3-shape/-/d3-shape-3.1.8.tgz 1328ms (cache miss)
2065 http fetch GET 200 https://registry.npmjs.org/@standard-schema/utils/-/utils-0.3.0.tgz 1358ms (cache miss)
2066 http fetch GET 200 https://registry.npmjs.org/@types/deep-eql/-/deep-eql-4.0.2.tgz 1373ms (cache miss)
2067 http fetch GET 200 https://registry.npmjs.org/@types/d3-array/-/d3-array-3.2.2.tgz 1372ms (cache miss)
2068 http fetch GET 200 https://registry.npmjs.org/@vitest/utils/-/utils-3.2.7.tgz 1442ms (cache miss)
2069 http fetch GET 200 https://registry.npmjs.org/@vitest/pretty-format/-/pretty-format-3.2.7.tgz 1529ms (cache miss)
2070 http fetch GET 200 https://registry.npmjs.org/@typescript-eslint/type-utils/-/type-utils-8.65.0.tgz 1537ms (cache miss)
2071 http fetch GET 200 https://registry.npmjs.org/@tailwindcss/node/-/node-4.3.3.tgz 1617ms (cache miss)
2072 http fetch GET 200 https://registry.npmjs.org/@standard-schema/spec/-/spec-1.1.0.tgz 1861ms (cache miss)
2073 http fetch GET 200 https://registry.npmjs.org/@sindresorhus/merge-streams/-/merge-streams-4.0.0.tgz 1891ms (cache miss)
2074 http fetch GET 200 https://registry.npmjs.org/@rtsao/scc/-/scc-1.1.0.tgz 1928ms (cache miss)
2075 http fetch GET 200 https://registry.npmjs.org/@nolyfill/is-core-module/-/is-core-module-1.0.39.tgz 2083ms (cache miss)
2076 http fetch GET 200 https://registry.npmjs.org/@types/d3-path/-/d3-path-3.1.1.tgz 2147ms (cache miss)
2077 http fetch GET 200 https://registry.npmjs.org/@supabase/supabase-js/-/supabase-js-2.109.0.tgz 2383ms (cache miss)
2078 http fetch GET 200 https://registry.npmjs.org/@vitest/mocker/-/mocker-3.2.7.tgz 2459ms (cache miss)
2079 http fetch GET 200 https://registry.npmjs.org/@next/env/-/env-16.2.10.tgz 2452ms (cache miss)
2080 http fetch GET 200 https://registry.npmjs.org/@jridgewell/resolve-uri/-/resolve-uri-3.1.2.tgz 2453ms (cache miss)
2081 http fetch GET 200 https://registry.npmjs.org/@typescript-eslint/typescript-estree/-/typescript-estree-8.65.0.tgz 2542ms (cache miss)
2082 http fetch GET 200 https://registry.npmjs.org/@supabase/postgrest-js/-/postgrest-js-2.109.0.tgz 2526ms (cache miss)
2083 http fetch GET 200 https://registry.npmjs.org/@typescript-eslint/utils/-/utils-8.65.0.tgz 2551ms (cache miss)
2084 http fetch GET 200 https://registry.npmjs.org/@sec-ant/readable-stream/-/readable-stream-0.4.1.tgz 2540ms (cache miss)
2085 http fetch GET 200 https://registry.npmjs.org/@nodelib/fs.scandir/-/fs.scandir-2.1.5.tgz 2590ms (cache miss)
2086 http fetch GET 200 https://registry.npmjs.org/@nodelib/fs.walk/-/fs.walk-1.2.8.tgz 2617ms (cache miss)
2087 http fetch GET 200 https://registry.npmjs.org/@jridgewell/sourcemap-codec/-/sourcemap-codec-1.5.5.tgz 2637ms (cache miss)
2088 http fetch GET 200 https://registry.npmjs.org/@jridgewell/gen-mapping/-/gen-mapping-0.3.13.tgz 2728ms (cache miss)
2089 http fetch GET 200 https://registry.npmjs.org/@humanwhocodes/module-importer/-/module-importer-1.0.1.tgz 2727ms (cache miss)
2090 http fetch GET 200 https://registry.npmjs.org/@types/node/-/node-26.1.1.tgz 2765ms (cache miss)
2091 http fetch GET 200 https://registry.npmjs.org/@jridgewell/remapping/-/remapping-2.3.5.tgz 2896ms (cache miss)
2092 http fetch GET 200 https://registry.npmjs.org/@img/colour/-/colour-1.1.0.tgz 2922ms (cache miss)
2093 http fetch GET 200 https://registry.npmjs.org/@supabase/phoenix/-/phoenix-0.4.4.tgz 2961ms (cache miss)
2094 http fetch GET 200 https://registry.npmjs.org/@humanfs/node/-/node-0.16.8.tgz 2952ms (cache miss)
2095 http fetch GET 200 https://registry.npmjs.org/@humanfs/types/-/types-0.15.0.tgz 2952ms (cache miss)
2096 http fetch GET 200 https://registry.npmjs.org/@humanwhocodes/retry/-/retry-0.4.3.tgz 2971ms (cache miss)
2097 http fetch GET 200 https://registry.npmjs.org/@supabase/storage-js/-/storage-js-2.109.0.tgz 2991ms (cache miss)
2098 http fetch GET 200 https://registry.npmjs.org/@jridgewell/trace-mapping/-/trace-mapping-0.3.31.tgz 3037ms (cache miss)
2099 http fetch GET 200 https://registry.npmjs.org/@supabase/functions-js/-/functions-js-2.109.0.tgz 3050ms (cache miss)
2100 http fetch GET 200 https://registry.npmjs.org/@humanfs/core/-/core-0.19.2.tgz 3108ms (cache miss)
2101 http fetch GET 200 https://registry.npmjs.org/@floating-ui/react-dom/-/react-dom-2.1.9.tgz 3125ms (cache miss)
2102 http fetch GET 200 https://registry.npmjs.org/@hono/node-server/-/node-server-1.19.14.tgz 3374ms (cache miss)
2103 http fetch GET 200 https://registry.npmjs.org/@eslint-community/regexpp/-/regexpp-4.12.2.tgz 3439ms (cache miss)
2104 http fetch GET 200 https://registry.npmjs.org/@floating-ui/utils/-/utils-0.2.12.tgz 3449ms (cache miss)
2105 http fetch GET 200 https://registry.npmjs.org/@next/eslint-plugin-next/-/eslint-plugin-next-16.2.10.tgz 3461ms (cache miss)
2106 http fetch GET 200 https://registry.npmjs.org/@eslint/object-schema/-/object-schema-2.1.7.tgz 3488ms (cache miss)
2107 http fetch GET 200 https://registry.npmjs.org/@eslint/js/-/js-9.39.5.tgz 3630ms (cache miss)
2108 http fetch GET 200 https://registry.npmjs.org/@tailwindcss/postcss/-/postcss-4.3.3.tgz 3847ms (cache miss)
2109 http fetch GET 200 https://registry.npmjs.org/@supabase/realtime-js/-/realtime-js-2.109.0.tgz 3877ms (cache miss)
2110 http fetch GET 200 https://registry.npmjs.org/@eslint/plugin-kit/-/plugin-kit-0.4.1.tgz 3859ms (cache miss)
2111 http fetch GET 200 https://registry.npmjs.org/@floating-ui/core/-/core-1.8.0.tgz 3914ms (cache miss)
2112 http fetch GET 200 https://registry.npmjs.org/@rollup/rollup-win32-x64-msvc/-/rollup-win32-x64-msvc-4.62.2.tgz 3928ms (cache miss)
2113 http fetch GET 200 https://registry.npmjs.org/@eslint/core/-/core-0.17.0.tgz 3972ms (cache miss)
2114 http fetch GET 200 https://registry.npmjs.org/@eslint-community/eslint-utils/-/eslint-utils-4.9.1.tgz 4049ms (cache miss)
2115 http fetch GET 200 https://registry.npmjs.org/@eslint/config-array/-/config-array-0.21.2.tgz 4242ms (cache miss)
2116 http fetch GET 200 https://registry.npmjs.org/@dotenvx/primitives/-/primitives-0.8.0.tgz 4295ms (cache miss)
2117 http fetch GET 200 https://registry.npmjs.org/@eslint/eslintrc/-/eslintrc-3.3.6.tgz 4314ms (cache miss)
2118 http fetch GET 200 https://registry.npmjs.org/@floating-ui/dom/-/dom-1.8.0.tgz 4350ms (cache miss)
2119 http fetch GET 200 https://registry.npmjs.org/@babel/template/-/template-7.29.7.tgz 4388ms (cache miss)
2120 http fetch GET 200 https://registry.npmjs.org/@babel/preset-typescript/-/preset-typescript-7.29.7.tgz 4444ms (cache miss)
2121 http fetch GET 200 https://registry.npmjs.org/@supabase/auth-js/-/auth-js-2.109.0.tgz 4538ms (cache miss)
2122 http fetch GET 200 https://registry.npmjs.org/@typescript-eslint/scope-manager/-/scope-manager-8.65.0.tgz 4590ms (cache miss)
2123 http fetch GET 200 https://registry.npmjs.org/@swc/helpers/-/helpers-0.5.15.tgz 4684ms (cache miss)
2124 http fetch GET 200 https://registry.npmjs.org/@eslint/config-helpers/-/config-helpers-0.4.2.tgz 4831ms (cache miss)
2125 http fetch GET 200 https://registry.npmjs.org/@babel/plugin-syntax-typescript/-/plugin-syntax-typescript-7.29.7.tgz 4837ms (cache miss)
2126 http fetch GET 200 https://registry.npmjs.org/@babel/plugin-syntax-jsx/-/plugin-syntax-jsx-7.29.7.tgz 4855ms (cache miss)
2127 http fetch GET 200 https://registry.npmjs.org/@babel/helper-validator-option/-/helper-validator-option-7.29.7.tgz 4932ms (cache miss)
2128 http fetch GET 200 https://registry.npmjs.org/@babel/plugin-transform-modules-commonjs/-/plugin-transform-modules-commonjs-7.29.7.tgz 5000ms (cache miss)
2129 http fetch GET 200 https://registry.npmjs.org/@babel/helper-skip-transparent-expression-wrappers/-/helper-skip-transparent-expression-wrappers-7.29.7.tgz 5045ms (cache miss)
2130 http fetch GET 200 https://registry.npmjs.org/@tailwindcss/oxide-win32-x64-msvc/-/oxide-win32-x64-msvc-4.3.3.tgz 5149ms (cache miss)
2131 http fetch GET 200 https://registry.npmjs.org/@babel/traverse/-/traverse-7.29.7.tgz 5125ms (cache miss)
2132 http fetch GET 200 https://registry.npmjs.org/@babel/helper-string-parser/-/helper-string-parser-7.29.7.tgz 5128ms (cache miss)
2133 http fetch GET 200 https://registry.npmjs.org/@babel/helper-validator-identifier/-/helper-validator-identifier-7.29.7.tgz 5149ms (cache miss)
2134 http fetch GET 200 https://registry.npmjs.org/@babel/helper-replace-supers/-/helper-replace-supers-7.29.7.tgz 5180ms (cache miss)
2135 http fetch GET 200 https://registry.npmjs.org/@babel/helper-optimise-call-expression/-/helper-optimise-call-expression-7.29.7.tgz 5205ms (cache miss)
2136 http fetch GET 200 https://registry.npmjs.org/@babel/helper-member-expression-to-functions/-/helper-member-expression-to-functions-7.29.7.tgz 5232ms (cache miss)
2137 http fetch GET 200 https://registry.npmjs.org/@babel/helper-module-imports/-/helper-module-imports-7.29.7.tgz 5304ms (cache miss)
2138 http fetch GET 200 https://registry.npmjs.org/@babel/helper-plugin-utils/-/helper-plugin-utils-7.29.7.tgz 5321ms (cache miss)
2139 http fetch GET 200 https://registry.npmjs.org/@babel/helper-globals/-/helper-globals-7.29.7.tgz 5364ms (cache miss)
2140 http fetch GET 200 https://registry.npmjs.org/@rollup/rollup-win32-x64-gnu/-/rollup-win32-x64-gnu-4.62.2.tgz 5430ms (cache miss)
2141 http fetch GET 200 https://registry.npmjs.org/@babel/plugin-transform-typescript/-/plugin-transform-typescript-7.29.7.tgz 5412ms (cache miss)
2142 http fetch GET 200 https://registry.npmjs.org/@babel/helper-compilation-targets/-/helper-compilation-targets-7.29.7.tgz 5466ms (cache miss)
2143 http fetch GET 200 https://registry.npmjs.org/@babel/code-frame/-/code-frame-7.29.7.tgz 5486ms (cache miss)
2144 http fetch GET 200 https://registry.npmjs.org/@alloc/quick-lru/-/quick-lru-5.2.0.tgz 5524ms (cache miss)
2145 http fetch GET 200 https://registry.npmjs.org/@babel/compat-data/-/compat-data-7.29.7.tgz 5562ms (cache miss)
2146 http fetch GET 200 https://registry.npmjs.org/@babel/helper-module-transforms/-/helper-module-transforms-7.29.7.tgz 5571ms (cache miss)
2147 http fetch GET 200 https://registry.npmjs.org/yoctocolors/-/yoctocolors-2.1.2.tgz 5860ms (cache miss)
2148 http fetch GET 200 https://registry.npmjs.org/yocto-spinner/-/yocto-spinner-1.2.2.tgz 5880ms (cache miss)
2149 http fetch GET 200 https://registry.npmjs.org/@babel/helper-annotate-as-pure/-/helper-annotate-as-pure-7.29.7.tgz 5938ms (cache miss)
2150 http fetch GET 200 https://registry.npmjs.org/yallist/-/yallist-3.1.1.tgz 5962ms (cache miss)
2151 http fetch GET 200 https://registry.npmjs.org/wsl-utils/-/wsl-utils-0.3.1.tgz 5981ms (cache miss)
2152 http fetch GET 200 https://registry.npmjs.org/wrappy/-/wrappy-1.0.2.tgz 5982ms (cache miss)
2153 http fetch GET 200 https://registry.npmjs.org/@nodelib/fs.stat/-/fs.stat-2.0.5.tgz 5986ms (cache miss)
2154 http fetch GET 200 https://registry.npmjs.org/yocto-queue/-/yocto-queue-0.1.0.tgz 5994ms (cache miss)
2155 http fetch GET 200 https://registry.npmjs.org/why-is-node-running/-/why-is-node-running-2.3.0.tgz 6019ms (cache miss)
2156 http fetch GET 200 https://registry.npmjs.org/@babel/helper-create-class-features-plugin/-/helper-create-class-features-plugin-7.29.7.tgz 6036ms (cache miss)
2157 http fetch GET 200 https://registry.npmjs.org/which-collection/-/which-collection-1.0.2.tgz 6039ms (cache miss)
2158 http fetch GET 200 https://registry.npmjs.org/which-typed-array/-/which-typed-array-1.1.22.tgz 6048ms (cache miss)
2159 http fetch GET 200 https://registry.npmjs.org/which-builtin-type/-/which-builtin-type-1.2.1.tgz 6058ms (cache miss)
2160 http fetch GET 200 https://registry.npmjs.org/which/-/which-2.0.2.tgz 6085ms (cache miss)
2161 http fetch GET 200 https://registry.npmjs.org/zod-validation-error/-/zod-validation-error-4.0.2.tgz 6251ms (cache miss)
2162 http fetch GET 200 https://registry.npmjs.org/word-wrap/-/word-wrap-1.2.5.tgz 6303ms (cache miss)
2163 http fetch GET 200 https://registry.npmjs.org/ws/-/ws-8.21.1.tgz 6343ms (cache miss)
2164 http fetch GET 200 https://registry.npmjs.org/vary/-/vary-1.1.2.tgz 6379ms (cache miss)
2165 http fetch GET 200 https://registry.npmjs.org/use-sync-external-store/-/use-sync-external-store-1.6.0.tgz 6459ms (cache miss)
2166 http fetch GET 200 https://registry.npmjs.org/update-browserslist-db/-/update-browserslist-db-1.2.3.tgz 6481ms (cache miss)
2167 http fetch GET 200 https://registry.npmjs.org/unpipe/-/unpipe-1.0.0.tgz 6496ms (cache miss)
2168 http fetch GET 200 https://registry.npmjs.org/universalify/-/universalify-2.0.1.tgz 6524ms (cache miss)
2169 http fetch GET 200 https://registry.npmjs.org/unrs-resolver/-/unrs-resolver-1.12.2.tgz 6536ms (cache miss)
2170 http fetch GET 200 https://registry.npmjs.org/which-boxed-primitive/-/which-boxed-primitive-1.1.1.tgz 6567ms (cache miss)
2171 http fetch GET 200 https://registry.npmjs.org/util-deprecate/-/util-deprecate-1.0.2.tgz 6588ms (cache miss)
2172 http fetch GET 200 https://registry.npmjs.org/unbox-primitive/-/unbox-primitive-1.1.0.tgz 6592ms (cache miss)
2173 http fetch GET 200 https://registry.npmjs.org/unicorn-magic/-/unicorn-magic-0.3.0.tgz 6599ms (cache miss)
2174 http fetch GET 200 https://registry.npmjs.org/@babel/parser/-/parser-7.29.7.tgz 6652ms (cache miss)
2175 http fetch GET 200 https://registry.npmjs.org/typescript-eslint/-/typescript-eslint-8.65.0.tgz 6642ms (cache miss)
2176 http fetch GET 200 https://registry.npmjs.org/typed-array-length/-/typed-array-length-1.0.8.tgz 6682ms (cache miss)
2177 http fetch GET 200 https://registry.npmjs.org/typed-array-byte-offset/-/typed-array-byte-offset-1.0.4.tgz 6821ms (cache miss)
2178 http fetch GET 200 https://registry.npmjs.org/typed-array-byte-length/-/typed-array-byte-length-1.0.3.tgz 6823ms (cache miss)
2179 http fetch GET 200 https://registry.npmjs.org/typed-array-buffer/-/typed-array-buffer-1.0.3.tgz 6829ms (cache miss)
2180 http fetch GET 200 https://registry.npmjs.org/validate-npm-package-name/-/validate-npm-package-name-7.0.2.tgz 6847ms (cache miss)
2181 http fetch GET 200 https://registry.npmjs.org/type-check/-/type-check-0.4.0.tgz 6923ms (cache miss)
2182 http fetch GET 200 https://registry.npmjs.org/type-is/-/type-is-2.1.0.tgz 6934ms (cache miss)
2183 http fetch GET 200 https://registry.npmjs.org/tw-animate-css/-/tw-animate-css-1.4.0.tgz 6944ms (cache miss)
2184 http fetch GET 200 https://registry.npmjs.org/@babel/generator/-/generator-7.29.7.tgz 7051ms (cache miss)
2185 http fetch GET 200 https://registry.npmjs.org/@base-ui/utils/-/utils-0.3.1.tgz 7148ms (cache miss)
2186 http fetch GET 200 https://registry.npmjs.org/tinyrainbow/-/tinyrainbow-2.0.0.tgz 7186ms (cache miss)
2187 http fetch GET 200 https://registry.npmjs.org/vite-node/-/vite-node-3.2.4.tgz 7212ms (cache miss)
2188 http fetch GET 200 https://registry.npmjs.org/tslib/-/tslib-2.8.1.tgz 7199ms (cache miss)
2189 http fetch GET 200 https://registry.npmjs.org/toidentifier/-/toidentifier-1.0.1.tgz 7218ms (cache miss)
2190 http fetch GET 200 https://registry.npmjs.org/to-regex-range/-/to-regex-range-5.0.1.tgz 7238ms (cache miss)
2191 http fetch GET 200 https://registry.npmjs.org/tinyglobby/-/tinyglobby-0.2.17.tgz 7285ms (cache miss)
2192 http fetch GET 200 https://registry.npmjs.org/tinyexec/-/tinyexec-0.3.2.tgz 7347ms (cache miss)
2193 http fetch GET 200 https://registry.npmjs.org/tiny-invariant/-/tiny-invariant-1.3.3.tgz 7356ms (cache miss)
2194 http fetch GET 200 https://registry.npmjs.org/@ts-morph/common/-/common-0.27.0.tgz 7443ms (cache miss)
2195 http fetch GET 200 https://registry.npmjs.org/ts-api-utils/-/ts-api-utils-2.5.0.tgz 7378ms (cache miss)
2196 http fetch GET 200 https://registry.npmjs.org/tinybench/-/tinybench-2.9.0.tgz 7414ms (cache miss)
2197 http fetch GET 200 https://registry.npmjs.org/tinyspy/-/tinyspy-4.0.4.tgz 7530ms (cache miss)
2198 http fetch GET 200 https://registry.npmjs.org/strip-literal/-/strip-literal-3.1.0.tgz 7556ms (cache miss)
2199 http fetch GET 200 https://registry.npmjs.org/undici-types/-/undici-types-8.3.0.tgz 7577ms (cache miss)
2200 http fetch GET 200 https://registry.npmjs.org/tinypool/-/tinypool-1.1.1.tgz 7566ms (cache miss)
2201 http fetch GET 200 https://registry.npmjs.org/supports-color/-/supports-color-7.2.0.tgz 7572ms (cache miss)
2202 http fetch GET 200 https://registry.npmjs.org/tapable/-/tapable-2.3.3.tgz 7760ms (cache miss)
2203 http fetch GET 200 https://registry.npmjs.org/strip-final-newline/-/strip-final-newline-4.0.0.tgz 7811ms (cache miss)
2204 http fetch GET 200 https://registry.npmjs.org/strip-json-comments/-/strip-json-comments-3.1.1.tgz 7820ms (cache miss)
2205 http fetch GET 200 https://registry.npmjs.org/string.prototype.trimstart/-/string.prototype.trimstart-1.0.8.tgz 7824ms (cache miss)
2206 http fetch GET 200 https://registry.npmjs.org/supports-preserve-symlinks-flag/-/supports-preserve-symlinks-flag-1.0.0.tgz 7838ms (cache miss)
2207 http fetch GET 200 https://registry.npmjs.org/stringify-object/-/stringify-object-5.0.0.tgz 7888ms (cache miss)
2208 http fetch GET 200 https://registry.npmjs.org/ts-morph/-/ts-morph-26.0.0.tgz 7921ms (cache miss)
2209 http fetch GET 200 https://registry.npmjs.org/string.prototype.includes/-/string.prototype.includes-2.0.1.tgz 7915ms (cache miss)
2210 http fetch GET 200 https://registry.npmjs.org/string.prototype.matchall/-/string.prototype.matchall-4.0.12.tgz 7934ms (cache miss)
2211 http fetch GET 200 https://registry.npmjs.org/strip-ansi/-/strip-ansi-6.0.1.tgz 7938ms (cache miss)
2212 http fetch GET 200 https://registry.npmjs.org/stdin-discarder/-/stdin-discarder-0.2.2.tgz 7938ms (cache miss)
2213 http fetch GET 200 https://registry.npmjs.org/statuses/-/statuses-2.0.2.tgz 7981ms (cache miss)
2214 http fetch GET 200 https://registry.npmjs.org/stable-hash/-/stable-hash-0.0.5.tgz 8010ms (cache miss)
2215 http fetch GET 200 https://registry.npmjs.org/stackback/-/stackback-0.0.2.tgz 8022ms (cache miss)
2216 http fetch GET 200 https://registry.npmjs.org/sisteransi/-/sisteransi-1.0.5.tgz 8054ms (cache miss)
2217 http fetch GET 200 https://registry.npmjs.org/stop-iteration-iterator/-/stop-iteration-iterator-1.1.0.tgz 8066ms (cache miss)
2218 http fetch GET 200 https://registry.npmjs.org/siginfo/-/siginfo-2.0.0.tgz 8092ms (cache miss)
2219 http fetch GET 200 https://registry.npmjs.org/std-env/-/std-env-3.10.0.tgz 8122ms (cache miss)
2220 http fetch GET 200 https://registry.npmjs.org/side-channel-weakmap/-/side-channel-weakmap-1.0.2.tgz 8163ms (cache miss)
2221 http fetch GET 200 https://registry.npmjs.org/string.prototype.trim/-/string.prototype.trim-1.2.11.tgz 8184ms (cache miss)
2222 http fetch GET 200 https://registry.npmjs.org/strip-bom/-/strip-bom-3.0.0.tgz 8190ms (cache miss)
2223 http fetch GET 200 https://registry.npmjs.org/string.prototype.trimend/-/string.prototype.trimend-1.0.10.tgz 8318ms (cache miss)
2224 http fetch GET 200 https://registry.npmjs.org/side-channel-list/-/side-channel-list-1.0.1.tgz 8335ms (cache miss)
2225 http fetch GET 200 https://registry.npmjs.org/side-channel-map/-/side-channel-map-1.0.1.tgz 8339ms (cache miss)
2226 http fetch GET 200 https://registry.npmjs.org/side-channel/-/side-channel-1.1.1.tgz 8344ms (cache miss)
2227 http fetch GET 200 https://registry.npmjs.org/shebang-regex/-/shebang-regex-3.0.0.tgz 8351ms (cache miss)
2228 http fetch GET 200 https://registry.npmjs.org/shebang-command/-/shebang-command-2.0.0.tgz 8366ms (cache miss)
2229 http fetch GET 200 https://registry.npmjs.org/setprototypeof/-/setprototypeof-1.2.0.tgz 8387ms (cache miss)
2230 http fetch GET 200 https://registry.npmjs.org/set-proto/-/set-proto-1.0.0.tgz 8392ms (cache miss)
2231 http fetch GET 200 https://registry.npmjs.org/set-function-length/-/set-function-length-1.2.2.tgz 8402ms (cache miss)
2232 http fetch GET 200 https://registry.npmjs.org/set-function-name/-/set-function-name-2.0.2.tgz 8422ms (cache miss)
2233 http fetch GET 200 https://registry.npmjs.org/serve-static/-/serve-static-2.2.1.tgz 8435ms (cache miss)
2234 http fetch GET 200 https://registry.npmjs.org/sonner/-/sonner-2.0.7.tgz 8457ms (cache miss)
2235 http fetch GET 200 https://registry.npmjs.org/safe-push-apply/-/safe-push-apply-1.0.0.tgz 8518ms (cache miss)
2236 http fetch GET 200 https://registry.npmjs.org/systeminformation/-/systeminformation-5.33.0.tgz 8565ms (cache miss)
2237 http fetch GET 200 https://registry.npmjs.org/scheduler/-/scheduler-0.27.0.tgz 8554ms (cache miss)
2238 http fetch GET 200 https://registry.npmjs.org/send/-/send-1.2.1.tgz 8580ms (cache miss)
2239 http fetch GET 200 https://registry.npmjs.org/run-parallel/-/run-parallel-1.2.0.tgz 8615ms (cache miss)
2240 http fetch GET 200 https://registry.npmjs.org/safe-regex-test/-/safe-regex-test-1.1.0.tgz 8666ms (cache miss)
2241 http fetch GET 200 https://registry.npmjs.org/semver/-/semver-6.3.1.tgz 8670ms (cache miss)
2242 http fetch GET 200 https://registry.npmjs.org/safer-buffer/-/safer-buffer-2.1.2.tgz 8689ms (cache miss)
2243 http fetch GET 200 https://registry.npmjs.org/source-map-js/-/source-map-js-1.2.1.tgz 8710ms (cache miss)
2244 http fetch GET 200 https://registry.npmjs.org/router/-/router-2.2.0.tgz 8720ms (cache miss)
2245 http fetch GET 200 https://registry.npmjs.org/run-applescript/-/run-applescript-7.1.0.tgz 8751ms (cache miss)
2246 http fetch GET 200 https://registry.npmjs.org/safe-array-concat/-/safe-array-concat-1.1.4.tgz 8765ms (cache miss)
2247 http fetch GET 200 https://registry.npmjs.org/reusify/-/reusify-1.1.0.tgz 8774ms (cache miss)
2248 http fetch GET 200 https://registry.npmjs.org/resolve-pkg-maps/-/resolve-pkg-maps-1.0.0.tgz 8787ms (cache miss)
2249 http fetch GET 200 https://registry.npmjs.org/string.prototype.repeat/-/string.prototype.repeat-1.0.0.tgz 8795ms (cache miss)
2250 http fetch GET 200 https://registry.npmjs.org/require-from-string/-/require-from-string-2.0.2.tgz 8814ms (cache miss)
2251 http fetch GET 200 https://registry.npmjs.org/resolve-from/-/resolve-from-4.0.0.tgz 8815ms (cache miss)
2252 http fetch GET 200 https://registry.npmjs.org/tailwindcss/-/tailwindcss-4.3.3.tgz 8892ms (cache miss)
2253 http fetch GET 200 https://registry.npmjs.org/uri-js/-/uri-js-4.4.1.tgz 8934ms (cache miss)
2254 http fetch GET 200 https://registry.npmjs.org/source-map/-/source-map-0.6.1.tgz 9007ms (cache miss)
2255 http fetch GET 200 https://registry.npmjs.org/tailwind-merge/-/tailwind-merge-3.6.0.tgz 9039ms (cache miss)
2256 http fetch GET 200 https://registry.npmjs.org/styled-jsx/-/styled-jsx-5.1.6.tgz 9051ms (cache miss)
2257 http fetch GET 200 https://registry.npmjs.org/vite/-/vite-7.3.6.tgz 9086ms (cache miss)
2258 http fetch GET 200 https://registry.npmjs.org/tsx/-/tsx-4.23.1.tgz 9097ms (cache miss)
2259 http fetch GET 200 https://registry.npmjs.org/regexp.prototype.flags/-/regexp.prototype.flags-1.5.4.tgz 9234ms (cache miss)
2260 http fetch GET 200 https://registry.npmjs.org/restore-cursor/-/restore-cursor-5.1.0.tgz 9266ms (cache miss)
2261 http fetch GET 200 https://registry.npmjs.org/react-is/-/react-is-16.13.1.tgz 9298ms (cache miss)
2262 http fetch GET 200 https://registry.npmjs.org/redux-thunk/-/redux-thunk-3.1.0.tgz 9302ms (cache miss)
2263 http fetch GET 200 https://registry.npmjs.org/reflect.getprototypeof/-/reflect.getprototypeof-1.0.10.tgz 9405ms (cache miss)
2264 http fetch GET 200 https://registry.npmjs.org/signal-exit/-/signal-exit-4.1.0.tgz 9452ms (cache miss)
2265 http fetch GET 200 https://registry.npmjs.org/@babel/types/-/types-7.29.7.tgz 9553ms (cache miss)
2266 http fetch GET 200 https://registry.npmjs.org/range-parser/-/range-parser-1.3.0.tgz 9478ms (cache miss)
2267 http fetch GET 200 https://registry.npmjs.org/sharp/-/sharp-0.34.5.tgz 9499ms (cache miss)
2268 http fetch GET 200 https://registry.npmjs.org/raw-body/-/raw-body-3.0.2.tgz 9505ms (cache miss)
2269 http fetch GET 200 https://registry.npmjs.org/punycode/-/punycode-2.3.1.tgz 9587ms (cache miss)
2270 http fetch GET 200 https://registry.npmjs.org/queue-microtask/-/queue-microtask-1.2.3.tgz 9627ms (cache miss)
2271 http fetch GET 200 https://registry.npmjs.org/pretty-ms/-/pretty-ms-9.3.0.tgz 9787ms (cache miss)
2272 http fetch GET 200 https://registry.npmjs.org/@typescript-eslint/eslint-plugin/-/eslint-plugin-8.65.0.tgz 9918ms (cache miss)
2273 http fetch GET 200 https://registry.npmjs.org/tsconfig-paths/-/tsconfig-paths-3.15.0.tgz 9889ms (cache miss)
2274 http fetch GET 200 https://registry.npmjs.org/shadcn/-/shadcn-4.13.1.tgz 9906ms (cache miss)
2275 http fetch GET 200 https://registry.npmjs.org/powershell-utils/-/powershell-utils-0.1.0.tgz 9952ms (cache miss)
2276 http fetch GET 200 https://registry.npmjs.org/proxy-addr/-/proxy-addr-2.0.7.tgz 10016ms (cache miss)
2277 http fetch GET 200 https://registry.npmjs.org/reselect/-/reselect-5.2.0.tgz 10032ms (cache miss)
2278 http fetch GET 200 https://registry.npmjs.org/prop-types/-/prop-types-15.8.1.tgz 10022ms (cache miss)
2279 http fetch GET 200 https://registry.npmjs.org/possible-typed-array-names/-/possible-typed-array-names-1.1.0.tgz 10048ms (cache miss)
2280 http fetch GET 200 https://registry.npmjs.org/prelude-ls/-/prelude-ls-1.2.1.tgz 10125ms (cache miss)
2281 http fetch GET 200 https://registry.npmjs.org/redux/-/redux-5.0.1.tgz 10143ms (cache miss)
2282 http fetch GET 200 https://registry.npmjs.org/react/-/react-19.2.7.tgz 10143ms (cache miss)
2283 http fetch GET 200 https://registry.npmjs.org/recast/-/recast-0.23.12.tgz 10178ms (cache miss)
2284 http fetch GET 200 https://registry.npmjs.org/@babel/runtime/-/runtime-7.29.7.tgz 10269ms (cache miss)
2285 http fetch GET 200 https://registry.npmjs.org/qs/-/qs-6.15.3.tgz 10201ms (cache miss)
2286 http fetch GET 200 https://registry.npmjs.org/pathval/-/pathval-2.0.1.tgz 10255ms (cache miss)
2287 http fetch GET 200 https://registry.npmjs.org/pkce-challenge/-/pkce-challenge-5.0.1.tgz 10309ms (cache miss)
2288 http fetch GET 200 https://registry.npmjs.org/pkg-up/-/pkg-up-3.1.0.tgz 10315ms (cache miss)
2289 http fetch GET 200 https://registry.npmjs.org/picomatch/-/picomatch-2.3.2.tgz 10328ms (cache miss)
2290 http fetch GET 200 https://registry.npmjs.org/path-key/-/path-key-3.1.1.tgz 10359ms (cache miss)
2291 http fetch GET 200 https://registry.npmjs.org/picocolors/-/picocolors-1.1.1.tgz 10361ms (cache miss)
2292 http fetch GET 200 https://registry.npmjs.org/parse-json/-/parse-json-5.2.0.tgz 10408ms (cache miss)
2293 http fetch GET 200 https://registry.npmjs.org/path-parse/-/path-parse-1.0.7.tgz 10481ms (cache miss)
2294 http fetch GET 200 https://registry.npmjs.org/path-to-regexp/-/path-to-regexp-8.4.2.tgz 10512ms (cache miss)
2295 http fetch GET 200 https://registry.npmjs.org/parse-ms/-/parse-ms-4.0.0.tgz 10512ms (cache miss)
2296 http fetch GET 200 https://registry.npmjs.org/path-exists/-/path-exists-4.0.0.tgz 10515ms (cache miss)
2297 http fetch GET 200 https://registry.npmjs.org/rollup/-/rollup-4.62.2.tgz 10538ms (cache miss)
2298 http fetch GET 200 https://registry.npmjs.org/p-try/-/p-try-2.2.0.tgz 10555ms (cache miss)
2299 http fetch GET 200 https://registry.npmjs.org/parent-module/-/parent-module-1.0.1.tgz 10565ms (cache miss)
2300 http fetch GET 200 https://registry.npmjs.org/parseurl/-/parseurl-1.3.3.tgz 10584ms (cache miss)
2301 http fetch GET 200 https://registry.npmjs.org/p-locate/-/p-locate-5.0.0.tgz 10598ms (cache miss)
2302 http fetch GET 200 https://registry.npmjs.org/p-limit/-/p-limit-3.1.0.tgz 10613ms (cache miss)
2303 http fetch GET 200 https://registry.npmjs.org/@babel/core/-/core-7.29.7.tgz 10718ms (cache miss)
2304 http fetch GET 200 https://registry.npmjs.org/@dotenvx/dotenvx/-/dotenvx-1.75.1.tgz 10735ms (cache miss)
2305 http fetch GET 200 https://registry.npmjs.org/path-browserify/-/path-browserify-1.0.1.tgz 10674ms (cache miss)
2306 http fetch GET 200 https://registry.npmjs.org/ora/-/ora-8.2.0.tgz 10774ms (cache miss)
2307 http fetch GET 200 https://registry.npmjs.org/own-keys/-/own-keys-1.0.1.tgz 10967ms (cache miss)
2308 http fetch GET 200 https://registry.npmjs.org/optionator/-/optionator-0.9.4.tgz 10971ms (cache miss)
2309 http fetch GET 200 https://registry.npmjs.org/onetime/-/onetime-5.1.2.tgz 11003ms (cache miss)
2310 http fetch GET 200 https://registry.npmjs.org/object-treeify/-/object-treeify-1.1.33.tgz 11006ms (cache miss)
2311 http fetch GET 200 https://registry.npmjs.org/on-finished/-/on-finished-2.4.1.tgz 11012ms (cache miss)
2312 http fetch GET 200 https://registry.npmjs.org/object.values/-/object.values-1.2.1.tgz 11015ms (cache miss)
2313 http fetch GET 200 https://registry.npmjs.org/object.groupby/-/object.groupby-1.0.3.tgz 11015ms (cache miss)
2314 http fetch GET 200 https://registry.npmjs.org/once/-/once-1.4.0.tgz 11018ms (cache miss)
2315 http fetch GET 200 https://registry.npmjs.org/object.fromentries/-/object.fromentries-2.0.8.tgz 11028ms (cache miss)
2316 http fetch GET 200 https://registry.npmjs.org/open/-/open-11.0.0.tgz 11039ms (cache miss)
2317 http fetch GET 200 https://registry.npmjs.org/@reduxjs/toolkit/-/toolkit-2.12.0.tgz 11163ms (cache miss)
2318 http fetch GET 200 https://registry.npmjs.org/object-assign/-/object-assign-4.1.1.tgz 11051ms (cache miss)
2319 http fetch GET 200 https://registry.npmjs.org/zod-to-json-schema/-/zod-to-json-schema-3.25.2.tgz 11150ms (cache miss)
2320 http fetch GET 200 https://registry.npmjs.org/npm-run-path/-/npm-run-path-6.0.0.tgz 11071ms (cache miss)
2321 http fetch GET 200 https://registry.npmjs.org/node-exports-info/-/node-exports-info-1.6.2.tgz 11099ms (cache miss)
2322 http fetch GET 200 https://registry.npmjs.org/negotiator/-/negotiator-1.0.0.tgz 11113ms (cache miss)
2323 http fetch GET 200 https://registry.npmjs.org/obug/-/obug-2.1.4.tgz 11245ms (cache miss)
2324 http fetch GET 200 https://registry.npmjs.org/nanoid/-/nanoid-3.3.16.tgz 11248ms (cache miss)
2325 http fetch GET 200 https://registry.npmjs.org/postcss-selector-parser/-/postcss-selector-parser-7.1.4.tgz 11272ms (cache miss)
2326 http fetch GET 200 https://registry.npmjs.org/natural-compare/-/natural-compare-1.4.0.tgz 11303ms (cache miss)
2327 http fetch GET 200 https://registry.npmjs.org/object-keys/-/object-keys-1.1.1.tgz 11332ms (cache miss)
2328 http fetch GET 200 https://registry.npmjs.org/next-themes/-/next-themes-0.4.6.tgz 11346ms (cache miss)
2329 http fetch GET 200 https://registry.npmjs.org/ms/-/ms-2.1.3.tgz 11368ms (cache miss)
2330 http fetch GET 200 https://registry.npmjs.org/postcss/-/postcss-8.5.20.tgz 11394ms (cache miss)
2331 http fetch GET 200 https://registry.npmjs.org/minimatch/-/minimatch-3.1.5.tgz 11391ms (cache miss)
2332 http fetch GET 200 https://registry.npmjs.org/mimic-function/-/mimic-function-5.0.1.tgz 11408ms (cache miss)
2333 http fetch GET 200 https://registry.npmjs.org/pathe/-/pathe-2.0.3.tgz 11432ms (cache miss)
2334 http fetch GET 200 https://registry.npmjs.org/object.entries/-/object.entries-1.1.9.tgz 11436ms (cache miss)
2335 http fetch GET 200 https://registry.npmjs.org/mime-types/-/mime-types-3.0.2.tgz 11429ms (cache miss)
2336 http fetch GET 200 https://registry.npmjs.org/merge-stream/-/merge-stream-2.0.0.tgz 11434ms (cache miss)
2337 http fetch GET 200 https://registry.npmjs.org/math-intrinsics/-/math-intrinsics-1.1.0.tgz 11481ms (cache miss)
2338 http fetch GET 200 https://registry.npmjs.org/merge2/-/merge2-1.4.1.tgz 11503ms (cache miss)
2339 http fetch GET 200 https://registry.npmjs.org/object.assign/-/object.assign-4.1.7.tgz 11533ms (cache miss)
2340 http fetch GET 200 https://registry.npmjs.org/micromatch/-/micromatch-4.0.8.tgz 11529ms (cache miss)
2341 http fetch GET 200 https://registry.npmjs.org/merge-descriptors/-/merge-descriptors-2.0.0.tgz 11558ms (cache miss)
2342 http fetch GET 200 https://registry.npmjs.org/media-typer/-/media-typer-1.1.0.tgz 11599ms (cache miss)
2343 http fetch GET 200 https://registry.npmjs.org/prompts/-/prompts-2.4.2.tgz 11642ms (cache miss)
2344 http fetch GET 200 https://registry.npmjs.org/mime-db/-/mime-db-1.54.0.tgz 11620ms (cache miss)
2345 http fetch GET 200 https://registry.npmjs.org/minimist/-/minimist-1.2.8.tgz 11715ms (cache miss)
2346 http fetch GET 200 https://registry.npmjs.org/mimic-fn/-/mimic-fn-3.1.0.tgz 11711ms (cache miss)
2347 http fetch GET 200 https://registry.npmjs.org/loose-envify/-/loose-envify-1.4.0.tgz 11726ms (cache miss)
2348 http fetch GET 200 https://registry.npmjs.org/lru-cache/-/lru-cache-5.1.1.tgz 11729ms (cache miss)
2349 http fetch GET 200 https://registry.npmjs.org/napi-postinstall/-/napi-postinstall-0.3.4.tgz 11743ms (cache miss)
2350 http fetch GET 200 https://registry.npmjs.org/log-symbols/-/log-symbols-6.0.0.tgz 11756ms (cache miss)
2351 http fetch GET 200 https://registry.npmjs.org/locate-path/-/locate-path-6.0.0.tgz 11759ms (cache miss)
2352 http fetch GET 200 https://registry.npmjs.org/lines-and-columns/-/lines-and-columns-1.2.4.tgz 11806ms (cache miss)
2353 http fetch GET 200 https://registry.npmjs.org/object-inspect/-/object-inspect-1.13.4.tgz 11820ms (cache miss)
2354 http fetch GET 200 https://registry.npmjs.org/node-releases/-/node-releases-2.0.51.tgz 11831ms (cache miss)
2355 http fetch GET 200 https://registry.npmjs.org/lodash.merge/-/lodash.merge-4.6.2.tgz 11921ms (cache miss)
2356 http fetch GET 200 https://registry.npmjs.org/react-redux/-/react-redux-9.3.0.tgz 11975ms (cache miss)
2357 http fetch GET 200 https://registry.npmjs.org/resolve/-/resolve-2.0.0-next.7.tgz 11992ms (cache miss)
2358 http fetch GET 200 https://registry.npmjs.org/vitest/-/vitest-4.1.10.tgz 12054ms (cache miss)
2359 http fetch GET 200 https://registry.npmjs.org/levn/-/levn-0.4.1.tgz 12013ms (cache miss)
2360 http fetch GET 200 https://registry.npmjs.org/loupe/-/loupe-3.2.1.tgz 12143ms (cache miss)
2361 http fetch GET 200 https://registry.npmjs.org/language-tags/-/language-tags-1.0.9.tgz 12180ms (cache miss)
2362 http fetch GET 200 https://registry.npmjs.org/magic-string/-/magic-string-0.30.21.tgz 12212ms (cache miss)
2363 http fetch GET 200 https://registry.npmjs.org/@babel/helpers/-/helpers-7.29.7.tgz 12332ms (cache miss)
2364 http fetch GET 200 https://registry.npmjs.org/kleur/-/kleur-4.1.5.tgz 12217ms (cache miss)
2365 http fetch GET 200 https://registry.npmjs.org/motion-utils/-/motion-utils-12.39.0.tgz 12268ms (cache miss)
2366 http fetch GET 200 https://registry.npmjs.org/keyv/-/keyv-4.5.4.tgz 12463ms (cache miss)
2367 http fetch GET 200 https://registry.npmjs.org/lightningcss/-/lightningcss-1.32.0.tgz 12473ms (cache miss)
2368 http fetch GET 200 https://registry.npmjs.org/undici/-/undici-7.28.0.tgz 12640ms (cache miss)
2369 http fetch GET 200 https://registry.npmjs.org/json-schema-traverse/-/json-schema-traverse-0.4.1.tgz 12608ms (cache miss)
2370 http fetch GET 200 https://registry.npmjs.org/jsonfile/-/jsonfile-6.2.1.tgz 12719ms (cache miss)
2371 http fetch GET 200 https://registry.npmjs.org/json-stable-stringify-without-jsonify/-/json-stable-stringify-without-jsonify-1.0.1.tgz 12826ms (cache miss)
2372 http fetch GET 200 https://registry.npmjs.org/json-parse-even-better-errors/-/json-parse-even-better-errors-2.3.1.tgz 12924ms (cache miss)
2373 http fetch GET 200 https://registry.npmjs.org/json5/-/json5-2.2.3.tgz 13024ms (cache miss)
2374 http fetch GET 200 https://registry.npmjs.org/json-buffer/-/json-buffer-3.0.1.tgz 13035ms (cache miss)
2375 http fetch GET 200 https://registry.npmjs.org/jsx-ast-utils/-/jsx-ast-utils-3.3.5.tgz 13103ms (cache miss)
2376 http fetch GET 200 https://registry.npmjs.org/json-schema-typed/-/json-schema-typed-8.0.2.tgz 13125ms (cache miss)
2377 http fetch GET 200 https://registry.npmjs.org/jsesc/-/jsesc-3.1.0.tgz 13287ms (cache miss)
2378 http fetch GET 200 https://registry.npmjs.org/js-tokens/-/js-tokens-4.0.0.tgz 13413ms (cache miss)
2379 http fetch GET 200 https://registry.npmjs.org/victory-vendor/-/victory-vendor-37.3.6.tgz 13549ms (cache miss)
2380 http fetch GET 200 https://registry.npmjs.org/isexe/-/isexe-2.0.0.tgz 13530ms (cache miss)
2381 http fetch GET 200 https://registry.npmjs.org/language-subtag-registry/-/language-subtag-registry-0.3.23.tgz 13746ms (cache miss)
2382 http fetch GET 200 https://registry.npmjs.org/iterator.prototype/-/iterator.prototype-1.1.5.tgz 13827ms (cache miss)
2383 http fetch GET 200 https://registry.npmjs.org/isarray/-/isarray-2.0.5.tgz 14048ms (cache miss)
2384 http fetch GET 200 https://registry.npmjs.org/is-weakset/-/is-weakset-2.0.4.tgz 14064ms (cache miss)
2385 http fetch GET 200 https://registry.npmjs.org/is-wsl/-/is-wsl-3.1.1.tgz 14119ms (cache miss)
2386 http fetch GET 200 https://registry.npmjs.org/is-weakref/-/is-weakref-1.1.1.tgz 14200ms (cache miss)
2387 http fetch GET 200 https://registry.npmjs.org/is-weakmap/-/is-weakmap-2.0.2.tgz 14240ms (cache miss)
2388 http fetch GET 200 https://registry.npmjs.org/is-unicode-supported/-/is-unicode-supported-2.1.0.tgz 14324ms (cache miss)
2389 http fetch GET 200 https://registry.npmjs.org/is-symbol/-/is-symbol-1.1.1.tgz 14355ms (cache miss)
2390 http fetch GET 200 https://registry.npmjs.org/is-typed-array/-/is-typed-array-1.1.15.tgz 14367ms (cache miss)
2391 http fetch GET 200 https://registry.npmjs.org/is-stream/-/is-stream-4.0.1.tgz 14387ms (cache miss)
2392 http fetch GET 200 https://registry.npmjs.org/is-string/-/is-string-1.1.1.tgz 14457ms (cache miss)
2393 http fetch GET 200 https://registry.npmjs.org/is-regexp/-/is-regexp-3.1.0.tgz 14495ms (cache miss)
2394 http fetch GET 200 https://registry.npmjs.org/jose/-/jose-6.2.3.tgz 14526ms (cache miss)
2395 http fetch GET 200 https://registry.npmjs.org/is-regex/-/is-regex-1.2.1.tgz 14625ms (cache miss)
2396 http fetch GET 200 https://registry.npmjs.org/is-obj/-/is-obj-2.0.0.tgz 14658ms (cache miss)
2397 http fetch GET 200 https://registry.npmjs.org/is-set/-/is-set-2.0.3.tgz 14690ms (cache miss)
2398 http fetch GET 200 https://registry.npmjs.org/is-promise/-/is-promise-4.0.0.tgz 14712ms (cache miss)
2399 http fetch GET 200 https://registry.npmjs.org/is-shared-array-buffer/-/is-shared-array-buffer-1.0.4.tgz 14750ms (cache miss)
2400 http fetch GET 200 https://registry.npmjs.org/is-number/-/is-number-7.0.0.tgz 14762ms (cache miss)
2401 http fetch GET 200 https://registry.npmjs.org/is-plain-obj/-/is-plain-obj-4.1.0.tgz 14796ms (cache miss)
2402 http fetch GET 200 https://registry.npmjs.org/is-number-object/-/is-number-object-1.1.1.tgz 14803ms (cache miss)
2403 http fetch GET 200 https://registry.npmjs.org/is-interactive/-/is-interactive-2.0.0.tgz 14869ms (cache miss)
2404 http fetch GET 200 https://registry.npmjs.org/is-map/-/is-map-2.0.3.tgz 14909ms (cache miss)
2405 http fetch GET 200 https://registry.npmjs.org/is-in-ssh/-/is-in-ssh-1.0.0.tgz 15007ms (cache miss)
2406 http fetch GET 200 https://registry.npmjs.org/is-generator-function/-/is-generator-function-1.1.2.tgz 15011ms (cache miss)
2407 http fetch GET 200 https://registry.npmjs.org/is-glob/-/is-glob-4.0.3.tgz 15039ms (cache miss)
2408 http fetch GET 200 https://registry.npmjs.org/is-inside-container/-/is-inside-container-1.0.0.tgz 15067ms (cache miss)
2409 http fetch GET 200 https://registry.npmjs.org/is-extglob/-/is-extglob-2.1.1.tgz 15196ms (cache miss)
2410 http fetch GET 200 https://registry.npmjs.org/is-finalizationregistry/-/is-finalizationregistry-1.1.1.tgz 15201ms (cache miss)
2411 http fetch GET 200 https://registry.npmjs.org/is-negative-zero/-/is-negative-zero-2.0.3.tgz 15219ms (cache miss)
2412 http fetch GET 200 https://registry.npmjs.org/is-docker/-/is-docker-3.0.0.tgz 15226ms (cache miss)
2413 http fetch GET 200 https://registry.npmjs.org/is-document.all/-/is-document.all-1.0.0.tgz 15242ms (cache miss)
2414 http fetch GET 200 https://registry.npmjs.org/is-bun-module/-/is-bun-module-2.0.0.tgz 15321ms (cache miss)
2415 http fetch GET 200 https://registry.npmjs.org/is-data-view/-/is-data-view-1.0.2.tgz 15345ms (cache miss)
2416 http fetch GET 200 https://registry.npmjs.org/js-yaml/-/js-yaml-4.3.0.tgz 15381ms (cache miss)
2417 http fetch GET 200 https://registry.npmjs.org/is-callable/-/is-callable-1.2.7.tgz 15381ms (cache miss)
2418 http fetch GET 200 https://registry.npmjs.org/is-core-module/-/is-core-module-2.16.2.tgz 15474ms (cache miss)
2419 http fetch GET 200 https://registry.npmjs.org/is-date-object/-/is-date-object-1.1.0.tgz 15510ms (cache miss)
2420 http fetch GET 200 https://registry.npmjs.org/is-boolean-object/-/is-boolean-object-1.2.2.tgz 15520ms (cache miss)
2421 http fetch GET 200 https://registry.npmjs.org/is-async-function/-/is-async-function-2.1.1.tgz 15529ms (cache miss)
2422 http fetch GET 200 https://registry.npmjs.org/is-bigint/-/is-bigint-1.1.0.tgz 15536ms (cache miss)
2423 http fetch GET 200 https://registry.npmjs.org/@modelcontextprotocol/sdk/-/sdk-1.29.0.tgz 15744ms (cache miss)
2424 http fetch GET 200 https://registry.npmjs.org/internmap/-/internmap-2.0.3.tgz 15609ms (cache miss)
2425 http fetch GET 200 https://registry.npmjs.org/is-array-buffer/-/is-array-buffer-3.0.5.tgz 15612ms (cache miss)
2426 http fetch GET 200 https://registry.npmjs.org/is-arrayish/-/is-arrayish-0.2.1.tgz 15613ms (cache miss)
2427 http fetch GET 200 https://registry.npmjs.org/ipaddr.js/-/ipaddr.js-1.9.1.tgz 15665ms (cache miss)
2428 http fetch GET 200 https://registry.npmjs.org/jiti/-/jiti-2.7.0.tgz 15709ms (cache miss)
2429 http fetch GET 200 https://registry.npmjs.org/import-fresh/-/import-fresh-3.3.1.tgz 15734ms (cache miss)
2430 http fetch GET 200 https://registry.npmjs.org/inherits/-/inherits-2.0.4.tgz 15748ms (cache miss)
2431 http fetch GET 200 https://registry.npmjs.org/imurmurhash/-/imurmurhash-0.1.4.tgz 15755ms (cache miss)
2432 http fetch GET 200 https://registry.npmjs.org/internal-slot/-/internal-slot-1.1.0.tgz 15781ms (cache miss)
2433 http fetch GET 200 https://registry.npmjs.org/ignore/-/ignore-5.3.2.tgz 15919ms (cache miss)
2434 http fetch GET 200 https://registry.npmjs.org/human-signals/-/human-signals-8.0.1.tgz 15939ms (cache miss)
2435 http fetch GET 200 https://registry.npmjs.org/ip-address/-/ip-address-10.2.0.tgz 15963ms (cache miss)
2436 http fetch GET 200 https://registry.npmjs.org/http-errors/-/http-errors-2.0.1.tgz 15977ms (cache miss)
2437 http fetch GET 200 https://registry.npmjs.org/hermes-estree/-/hermes-estree-0.25.1.tgz 16343ms (cache miss)
2438 http fetch GET 200 https://registry.npmjs.org/hasown/-/hasown-2.0.4.tgz 16417ms (cache miss)
2439 http fetch GET 200 https://registry.npmjs.org/has-tostringtag/-/has-tostringtag-1.0.2.tgz 16520ms (cache miss)
2440 http fetch GET 200 https://registry.npmjs.org/iceberg-js/-/iceberg-js-0.8.1.tgz 16532ms (cache miss)
2441 http fetch GET 200 https://registry.npmjs.org/has-symbols/-/has-symbols-1.1.0.tgz 16709ms (cache miss)
2442 http fetch GET 200 https://registry.npmjs.org/has-proto/-/has-proto-1.2.0.tgz 16742ms (cache miss)
2443 http fetch GET 200 https://registry.npmjs.org/has-bigints/-/has-bigints-1.1.0.tgz 16826ms (cache miss)
2444 http fetch GET 200 https://registry.npmjs.org/zod/-/zod-4.4.3.tgz 16992ms (cache miss)
2445 http fetch GET 200 https://registry.npmjs.org/has-property-descriptors/-/has-property-descriptors-1.0.2.tgz 16873ms (cache miss)
2446 http fetch GET 200 https://registry.npmjs.org/has-flag/-/has-flag-4.0.0.tgz 16940ms (cache miss)
2447 http fetch GET 200 https://registry.npmjs.org/gopd/-/gopd-1.2.0.tgz 17059ms (cache miss)
2448 http fetch GET 200 https://registry.npmjs.org/globalthis/-/globalthis-1.0.4.tgz 17067ms (cache miss)
2449 http fetch GET 200 https://registry.npmjs.org/graceful-fs/-/graceful-fs-4.2.11.tgz 17166ms (cache miss)
2450 http fetch GET 200 https://registry.npmjs.org/glob-parent/-/glob-parent-6.0.2.tgz 17346ms (cache miss)
2451 http fetch GET 200 https://registry.npmjs.org/globals/-/globals-14.0.0.tgz 17356ms (cache miss)
2452 http fetch GET 200 https://registry.npmjs.org/get-tsconfig/-/get-tsconfig-4.14.0.tgz 17400ms (cache miss)
2453 http fetch GET 200 https://registry.npmjs.org/iconv-lite/-/iconv-lite-0.7.3.tgz 17416ms (cache miss)
2454 http fetch GET 200 https://registry.npmjs.org/get-proto/-/get-proto-1.0.1.tgz 17474ms (cache miss)
2455 http fetch GET 200 https://registry.npmjs.org/motion-dom/-/motion-dom-12.42.2.tgz 17562ms (cache miss)
2456 http fetch GET 200 https://registry.npmjs.org/get-intrinsic/-/get-intrinsic-1.3.0.tgz 17593ms (cache miss)
2457 http fetch GET 200 https://registry.npmjs.org/get-own-enumerable-keys/-/get-own-enumerable-keys-1.0.0.tgz 17624ms (cache miss)
2458 http fetch GET 200 https://registry.npmjs.org/get-stream/-/get-stream-9.0.1.tgz 17669ms (cache miss)
2459 http fetch GET 200 https://registry.npmjs.org/recharts/-/recharts-3.8.0.tgz 17768ms (cache miss)
2460 http fetch GET 200 https://registry.npmjs.org/get-east-asian-width/-/get-east-asian-width-1.6.0.tgz 17759ms (cache miss)
2461 http fetch GET 200 https://registry.npmjs.org/gensync/-/gensync-1.0.0-beta.2.tgz 17788ms (cache miss)
2462 http fetch GET 200 https://registry.npmjs.org/generator-function/-/generator-function-2.0.1.tgz 17864ms (cache miss)
2463 http fetch GET 200 https://registry.npmjs.org/immer/-/immer-10.2.0.tgz 17963ms (cache miss)
2464 http fetch GET 200 https://registry.npmjs.org/function-bind/-/function-bind-1.1.2.tgz 18014ms (cache miss)
2465 http fetch GET 200 https://registry.npmjs.org/functions-have-names/-/functions-have-names-1.2.3.tgz 18218ms (cache miss)
2466 http fetch GET 200 https://registry.npmjs.org/function.prototype.name/-/function.prototype.name-1.2.0.tgz 18270ms (cache miss)
2467 http fetch GET 200 https://registry.npmjs.org/for-each/-/for-each-0.3.5.tgz 18300ms (cache miss)
2468 http fetch GET 200 https://registry.npmjs.org/fs-extra/-/fs-extra-11.3.6.tgz 18311ms (cache miss)
2469 http fetch GET 200 https://registry.npmjs.org/fuzzysort/-/fuzzysort-3.1.0.tgz 18342ms (cache miss)
2470 http fetch GET 200 https://registry.npmjs.org/hermes-parser/-/hermes-parser-0.25.1.tgz 18385ms (cache miss)
2471 http fetch GET 200 https://registry.npmjs.org/forwarded/-/forwarded-0.2.0.tgz 18389ms (cache miss)
2472 http fetch GET 200 https://registry.npmjs.org/flat-cache/-/flat-cache-4.0.1.tgz 18479ms (cache miss)
2473 http fetch GET 200 https://registry.npmjs.org/finalhandler/-/finalhandler-2.1.1.tgz 18575ms (cache miss)
2474 http fetch GET 200 https://registry.npmjs.org/find-up/-/find-up-5.0.0.tgz 18582ms (cache miss)
2475 http fetch GET 200 https://registry.npmjs.org/get-symbol-description/-/get-symbol-description-1.1.0.tgz 18603ms (cache miss)
2476 http fetch GET 200 https://registry.npmjs.org/fill-range/-/fill-range-7.1.1.tgz 18605ms (cache miss)
2477 http fetch GET 200 https://registry.npmjs.org/file-entry-cache/-/file-entry-cache-8.0.0.tgz 18619ms (cache miss)
2478 http fetch GET 200 https://registry.npmjs.org/fresh/-/fresh-2.0.0.tgz 18653ms (cache miss)
2479 http fetch GET 200 https://registry.npmjs.org/fast-levenshtein/-/fast-levenshtein-2.0.6.tgz 18696ms (cache miss)
2480 http fetch GET 200 https://registry.npmjs.org/figures/-/figures-6.1.0.tgz 18769ms (cache miss)
2481 http fetch GET 200 https://registry.npmjs.org/flatted/-/flatted-3.4.2.tgz 18814ms (cache miss)
2482 http fetch GET 200 https://registry.npmjs.org/fastq/-/fastq-1.20.1.tgz 18845ms (cache miss)
2483 http fetch GET 200 https://registry.npmjs.org/fast-json-stable-stringify/-/fast-json-stable-stringify-2.1.0.tgz 18874ms (cache miss)
2484 http fetch GET 200 https://registry.npmjs.org/fast-deep-equal/-/fast-deep-equal-3.1.3.tgz 18908ms (cache miss)
2485 http fetch GET 200 https://registry.npmjs.org/@esbuild/win32-x64/-/win32-x64-0.28.1.tgz 19319ms (cache miss)
2486 http fetch GET 200 https://registry.npmjs.org/fast-uri/-/fast-uri-3.1.4.tgz 19250ms (cache miss)
2487 http fetch GET 200 https://registry.npmjs.org/fast-glob/-/fast-glob-3.3.1.tgz 19338ms (cache miss)
2488 http fetch GET 200 https://registry.npmjs.org/expect-type/-/expect-type-1.4.0.tgz 19343ms (cache miss)
2489 http fetch GET 200 https://registry.npmjs.org/eventsource/-/eventsource-3.0.7.tgz 19345ms (cache miss)
2490 http fetch GET 200 https://registry.npmjs.org/express-rate-limit/-/express-rate-limit-8.6.0.tgz 19371ms (cache miss)
2491 http fetch GET 200 https://registry.npmjs.org/express/-/express-5.2.1.tgz 19414ms (cache miss)
2492 http fetch GET 200 https://registry.npmjs.org/esutils/-/esutils-2.0.3.tgz 19427ms (cache miss)
2493 http fetch GET 200 https://registry.npmjs.org/estree-walker/-/estree-walker-3.0.3.tgz 19439ms (cache miss)
2494 http fetch GET 200 https://registry.npmjs.org/eventsource-parser/-/eventsource-parser-3.1.0.tgz 19474ms (cache miss)
2495 http fetch GET 200 https://registry.npmjs.org/etag/-/etag-1.8.1.tgz 19521ms (cache miss)
2496 http fetch GET 200 https://registry.npmjs.org/esrecurse/-/esrecurse-4.3.0.tgz 19537ms (cache miss)
2497 http fetch GET 200 https://registry.npmjs.org/estraverse/-/estraverse-5.3.0.tgz 19572ms (cache miss)
2498 http fetch GET 200 https://registry.npmjs.org/eventemitter3/-/eventemitter3-5.0.4.tgz 19606ms (cache miss)
2499 http fetch GET 200 https://registry.npmjs.org/eslint-visitor-keys/-/eslint-visitor-keys-4.2.1.tgz 19639ms (cache miss)
2500 http fetch GET 200 https://registry.npmjs.org/hono/-/hono-4.12.31.tgz 19714ms (cache miss)
2501 http fetch GET 200 https://registry.npmjs.org/execa/-/execa-9.6.1.tgz 19748ms (cache miss)
2502 http fetch GET 200 https://registry.npmjs.org/espree/-/espree-10.4.0.tgz 19741ms (cache miss)
2503 http fetch GET 200 https://registry.npmjs.org/eslint-scope/-/eslint-scope-8.4.0.tgz 19818ms (cache miss)
2504 http fetch GET 200 https://registry.npmjs.org/esquery/-/esquery-1.7.0.tgz 19992ms (cache miss)
2505 http fetch GET 200 https://registry.npmjs.org/eslint-import-resolver-typescript/-/eslint-import-resolver-typescript-3.10.1.tgz 20073ms (cache miss)
2506 http fetch GET 200 https://registry.npmjs.org/eslint-config-next/-/eslint-config-next-16.2.10.tgz 20189ms (cache miss)
2507 http fetch GET 200 https://registry.npmjs.org/eslint-module-utils/-/eslint-module-utils-2.14.0.tgz 20224ms (cache miss)
2508 http fetch GET 200 https://registry.npmjs.org/esprima/-/esprima-4.0.1.tgz 20484ms (cache miss)
2509 http fetch GET 200 https://registry.npmjs.org/escape-string-regexp/-/escape-string-regexp-4.0.0.tgz 20516ms (cache miss)
2510 http fetch GET 200 https://registry.npmjs.org/eslint-import-resolver-node/-/eslint-import-resolver-node-0.3.10.tgz 20587ms (cache miss)
2511 http fetch GET 200 https://registry.npmjs.org/escape-html/-/escape-html-1.0.3.tgz 20652ms (cache miss)
2512 http fetch GET 200 https://registry.npmjs.org/esbuild/-/esbuild-0.28.1.tgz 20729ms (cache miss)
2513 http fetch GET 200 https://registry.npmjs.org/escalade/-/escalade-3.2.0.tgz 20777ms (cache miss)
2514 http fetch GET 200 https://registry.npmjs.org/es-shim-unscopables/-/es-shim-unscopables-1.1.0.tgz 20854ms (cache miss)
2515 http fetch GET 200 https://registry.npmjs.org/es-set-tostringtag/-/es-set-tostringtag-2.1.0.tgz 21032ms (cache miss)
2516 http fetch GET 200 https://registry.npmjs.org/es-object-atoms/-/es-object-atoms-1.1.2.tgz 21114ms (cache miss)
2517 http fetch GET 200 https://registry.npmjs.org/es-to-primitive/-/es-to-primitive-1.3.4.tgz 21311ms (cache miss)
2518 http fetch GET 200 https://registry.npmjs.org/eslint-plugin-jsx-a11y/-/eslint-plugin-jsx-a11y-6.10.2.tgz 21576ms (cache miss)
2519 http fetch GET 200 https://registry.npmjs.org/es-define-property/-/es-define-property-1.0.1.tgz 21846ms (cache miss)
2520 http fetch GET 200 https://registry.npmjs.org/eslint-plugin-react/-/eslint-plugin-react-7.37.5.tgz 21925ms (cache miss)
2521 http fetch GET 200 https://registry.npmjs.org/es-errors/-/es-errors-1.3.0.tgz 21967ms (cache miss)
2522 http fetch GET 200 https://registry.npmjs.org/es-module-lexer/-/es-module-lexer-1.7.0.tgz 22019ms (cache miss)
2523 http fetch GET 200 https://registry.npmjs.org/error-ex/-/error-ex-1.3.4.tgz 22147ms (cache miss)
2524 http fetch GET 200 https://registry.npmjs.org/es-abstract-get/-/es-abstract-get-1.0.0.tgz 22160ms (cache miss)
2525 http fetch GET 200 https://registry.npmjs.org/env-paths/-/env-paths-2.2.1.tgz 22175ms (cache miss)
2526 http fetch GET 200 https://registry.npmjs.org/es-iterator-helpers/-/es-iterator-helpers-1.4.0.tgz 22186ms (cache miss)
2527 http fetch GET 200 https://registry.npmjs.org/encodeurl/-/encodeurl-2.0.0.tgz 22551ms (cache miss)
2528 http fetch GET 200 https://registry.npmjs.org/emoji-regex/-/emoji-regex-9.2.2.tgz 22608ms (cache miss)
2529 http fetch GET 200 https://registry.npmjs.org/enquirer/-/enquirer-2.4.1.tgz 22677ms (cache miss)
2530 http fetch GET 200 https://registry.npmjs.org/ee-first/-/ee-first-1.1.1.tgz 22705ms (cache miss)
2531 http fetch GET 200 https://registry.npmjs.org/eslint-plugin-import/-/eslint-plugin-import-2.32.0.tgz 22728ms (cache miss)
2532 http fetch GET 200 https://registry.npmjs.org/electron-to-chromium/-/electron-to-chromium-1.5.394.tgz 22790ms (cache miss)
2533 http fetch GET 200 https://registry.npmjs.org/dunder-proto/-/dunder-proto-1.0.1.tgz 22863ms (cache miss)
2534 http fetch GET 200 https://registry.npmjs.org/doctrine/-/doctrine-2.1.0.tgz 22916ms (cache miss)
2535 http fetch GET 200 https://registry.npmjs.org/dot-prop/-/dot-prop-6.0.1.tgz 22978ms (cache miss)
2536 http fetch GET 200 https://registry.npmjs.org/detect-libc/-/detect-libc-2.1.2.tgz 23028ms (cache miss)
2537 http fetch GET 200 https://registry.npmjs.org/depd/-/depd-2.0.0.tgz 23085ms (cache miss)
2538 http fetch GET 200 https://registry.npmjs.org/dotenv/-/dotenv-17.4.2.tgz 23110ms (cache miss)
2539 http fetch GET 200 https://registry.npmjs.org/define-lazy-prop/-/define-lazy-prop-3.0.0.tgz 23117ms (cache miss)
2540 http fetch GET 200 https://registry.npmjs.org/define-properties/-/define-properties-1.2.1.tgz 23134ms (cache miss)
2541 http fetch GET 200 https://registry.npmjs.org/default-browser-id/-/default-browser-id-5.0.1.tgz 23198ms (cache miss)
2542 http fetch GET 200 https://registry.npmjs.org/deepmerge/-/deepmerge-4.3.1.tgz 23201ms (cache miss)
2543 http fetch GET 200 https://registry.npmjs.org/enhanced-resolve/-/enhanced-resolve-5.24.3.tgz 23215ms (cache miss)
2544 http fetch GET 200 https://registry.npmjs.org/default-browser/-/default-browser-5.5.0.tgz 23227ms (cache miss)
2545 http fetch GET 200 https://registry.npmjs.org/debounce-fn/-/debounce-fn-4.0.0.tgz 23234ms (cache miss)
2546 http fetch GET 200 https://registry.npmjs.org/define-data-property/-/define-data-property-1.1.4.tgz 23248ms (cache miss)
2547 http fetch GET 200 https://registry.npmjs.org/deep-eql/-/deep-eql-5.0.2.tgz 23250ms (cache miss)
2548 http fetch GET 200 https://registry.npmjs.org/deep-is/-/deep-is-0.1.4.tgz 23275ms (cache miss)
2549 http fetch GET 200 https://registry.npmjs.org/dedent/-/dedent-1.7.2.tgz 23316ms (cache miss)
2550 http fetch GET 200 https://registry.npmjs.org/debug/-/debug-4.4.3.tgz 23317ms (cache miss)
2551 http fetch GET 200 https://registry.npmjs.org/d3-timer/-/d3-timer-3.0.1.tgz 23345ms (cache miss)
2552 http fetch GET 200 https://registry.npmjs.org/data-view-byte-offset/-/data-view-byte-offset-1.0.1.tgz 23349ms (cache miss)
2553 http fetch GET 200 https://registry.npmjs.org/damerau-levenshtein/-/damerau-levenshtein-1.0.8.tgz 23383ms (cache miss)
2554 http fetch GET 200 https://registry.npmjs.org/data-view-byte-length/-/data-view-byte-length-1.0.2.tgz 23397ms (cache miss)
2555 http fetch GET 200 https://registry.npmjs.org/data-view-buffer/-/data-view-buffer-1.0.2.tgz 23409ms (cache miss)
2556 http fetch GET 200 https://registry.npmjs.org/d3-path/-/d3-path-3.1.0.tgz 23634ms (cache miss)
2557 http fetch GET 200 https://registry.npmjs.org/decimal.js-light/-/decimal.js-light-2.5.1.tgz 23674ms (cache miss)
2558 http fetch GET 200 https://registry.npmjs.org/d3-color/-/d3-color-3.1.0.tgz 23737ms (cache miss)
2559 http fetch GET 200 https://registry.npmjs.org/d3-ease/-/d3-ease-3.0.1.tgz 23741ms (cache miss)
2560 http fetch GET 200 https://registry.npmjs.org/cssesc/-/cssesc-3.0.0.tgz 23742ms (cache miss)
2561 http fetch GET 200 https://registry.npmjs.org/d3-time/-/d3-time-3.1.0.tgz 23778ms (cache miss)
2562 http fetch GET 200 https://registry.npmjs.org/cross-spawn/-/cross-spawn-7.0.6.tgz 23782ms (cache miss)
2563 http fetch GET 200 https://registry.npmjs.org/cookie-signature/-/cookie-signature-1.2.2.tgz 23797ms (cache miss)
2564 http fetch GET 200 https://registry.npmjs.org/d3-scale/-/d3-scale-4.0.2.tgz 23827ms (cache miss)
2565 http fetch GET 200 https://registry.npmjs.org/cors/-/cors-2.8.6.tgz 23877ms (cache miss)
2566 http fetch GET 200 https://registry.npmjs.org/cookie/-/cookie-0.7.2.tgz 23885ms (cache miss)
2567 http fetch GET 200 https://registry.npmjs.org/d3-interpolate/-/d3-interpolate-3.0.1.tgz 23958ms (cache miss)
2568 http fetch GET 200 https://registry.npmjs.org/d3-time-format/-/d3-time-format-4.1.0.tgz 23991ms (cache miss)
2569 http fetch GET 200 https://registry.npmjs.org/cosmiconfig/-/cosmiconfig-9.0.2.tgz 23988ms (cache miss)
2570 http fetch GET 200 https://registry.npmjs.org/content-type/-/content-type-1.0.5.tgz 24056ms (cache miss)
2571 http fetch GET 200 https://registry.npmjs.org/conf/-/conf-10.2.0.tgz 24086ms (cache miss)
2572 http fetch GET 200 https://registry.npmjs.org/convert-source-map/-/convert-source-map-2.0.0.tgz 24088ms (cache miss)
2573 http fetch GET 200 https://registry.npmjs.org/eslint/-/eslint-9.39.5.tgz 24226ms (cache miss)
2574 http fetch GET 200 https://registry.npmjs.org/d3-format/-/d3-format-3.1.2.tgz 24223ms (cache miss)
2575 http fetch GET 200 https://registry.npmjs.org/d3-shape/-/d3-shape-3.2.0.tgz 24227ms (cache miss)
2576 http fetch GET 200 https://registry.npmjs.org/concat-map/-/concat-map-0.0.1.tgz 24234ms (cache miss)
2577 http fetch GET 200 https://registry.npmjs.org/color-name/-/color-name-1.1.4.tgz 24235ms (cache miss)
2578 http fetch GET 200 https://registry.npmjs.org/d3-array/-/d3-array-3.2.4.tgz 24277ms (cache miss)
2579 http fetch GET 200 https://registry.npmjs.org/color-convert/-/color-convert-2.0.1.tgz 24373ms (cache miss)
2580 http fetch GET 200 https://registry.npmjs.org/diff/-/diff-8.0.4.tgz 24479ms (cache miss)
2581 http fetch GET 200 https://registry.npmjs.org/client-only/-/client-only-0.0.1.tgz 24477ms (cache miss)
2582 http fetch GET 200 https://registry.npmjs.org/code-block-writer/-/code-block-writer-13.0.3.tgz 24521ms (cache miss)
2583 http fetch GET 200 https://registry.npmjs.org/csstype/-/csstype-3.2.3.tgz 24529ms (cache miss)
2584 http fetch GET 200 https://registry.npmjs.org/content-disposition/-/content-disposition-1.1.0.tgz 24622ms (cache miss)
2585 http fetch GET 200 https://registry.npmjs.org/cli-spinners/-/cli-spinners-2.9.2.tgz 24640ms (cache miss)
2586 http fetch GET 200 https://registry.npmjs.org/clsx/-/clsx-2.1.1.tgz 24721ms (cache miss)
2587 http fetch GET 200 https://registry.npmjs.org/commander/-/commander-14.0.3.tgz 24800ms (cache miss)
2588 http fetch GET 200 https://registry.npmjs.org/cli-cursor/-/cli-cursor-5.0.0.tgz 24852ms (cache miss)
2589 http fetch GET 200 https://registry.npmjs.org/class-variance-authority/-/class-variance-authority-0.7.1.tgz 24855ms (cache miss)
2590 http fetch GET 200 https://registry.npmjs.org/check-error/-/check-error-2.1.3.tgz 24907ms (cache miss)
2591 http fetch GET 200 https://registry.npmjs.org/chalk/-/chalk-4.1.2.tgz 24933ms (cache miss)
2592 http fetch GET 200 https://registry.npmjs.org/callsites/-/callsites-3.1.0.tgz 25072ms (cache miss)
2593 http fetch GET 200 https://registry.npmjs.org/call-bound/-/call-bound-1.0.4.tgz 25147ms (cache miss)
2594 http fetch GET 200 https://registry.npmjs.org/canvas-confetti/-/canvas-confetti-1.9.4.tgz 25304ms (cache miss)
2595 http fetch GET 200 https://registry.npmjs.org/call-bind-apply-helpers/-/call-bind-apply-helpers-1.0.2.tgz 25354ms (cache miss)
2596 http fetch GET 200 https://registry.npmjs.org/bytes/-/bytes-3.1.2.tgz 25356ms (cache miss)
2597 http fetch GET 200 https://registry.npmjs.org/cac/-/cac-6.7.14.tgz 25381ms (cache miss)
2598 http fetch GET 200 https://registry.npmjs.org/bundle-name/-/bundle-name-4.1.0.tgz 25442ms (cache miss)
2599 http fetch GET 200 https://registry.npmjs.org/call-bind/-/call-bind-1.0.9.tgz 25468ms (cache miss)
2600 http fetch GET 200 https://registry.npmjs.org/braces/-/braces-3.0.3.tgz 25575ms (cache miss)
2601 http fetch GET 200 https://registry.npmjs.org/body-parser/-/body-parser-2.3.0.tgz 25625ms (cache miss)
2602 http fetch GET 200 https://registry.npmjs.org/chai/-/chai-5.3.3.tgz 25631ms (cache miss)
2603 http fetch GET 200 https://registry.npmjs.org/balanced-match/-/balanced-match-1.0.2.tgz 25691ms (cache miss)
2604 http fetch GET 200 https://registry.npmjs.org/baseline-browser-mapping/-/baseline-browser-mapping-2.10.44.tgz 25768ms (cache miss)
2605 http fetch GET 200 https://registry.npmjs.org/available-typed-arrays/-/available-typed-arrays-1.0.7.tgz 25800ms (cache miss)
2606 http fetch GET 200 https://registry.npmjs.org/ast-types-flow/-/ast-types-flow-0.0.8.tgz 26018ms (cache miss)
2607 http fetch GET 200 https://registry.npmjs.org/async-function/-/async-function-1.0.0.tgz 26039ms (cache miss)
2608 http fetch GET 200 https://registry.npmjs.org/arraybuffer.prototype.slice/-/arraybuffer.prototype.slice-1.0.4.tgz 26105ms (cache miss)
2609 http fetch GET 200 https://registry.npmjs.org/brace-expansion/-/brace-expansion-1.1.16.tgz 26137ms (cache miss)
2610 http fetch GET 200 https://registry.npmjs.org/browserslist/-/browserslist-4.28.6.tgz 26141ms (cache miss)
2611 http fetch GET 200 https://registry.npmjs.org/atomically/-/atomically-1.7.0.tgz 26208ms (cache miss)
2612 http fetch GET 200 https://registry.npmjs.org/array.prototype.tosorted/-/array.prototype.tosorted-1.1.4.tgz 26362ms (cache miss)
2613 http fetch GET 200 https://registry.npmjs.org/array.prototype.flat/-/array.prototype.flat-1.3.3.tgz 26386ms (cache miss)
2614 http fetch GET 200 https://registry.npmjs.org/assertion-error/-/assertion-error-2.0.1.tgz 26453ms (cache miss)
2615 http fetch GET 200 https://registry.npmjs.org/array.prototype.findlastindex/-/array.prototype.findlastindex-1.2.6.tgz 26607ms (cache miss)
2616 http fetch GET 200 https://registry.npmjs.org/axobject-query/-/axobject-query-4.1.0.tgz 26620ms (cache miss)
2617 http fetch GET 200 https://registry.npmjs.org/array.prototype.flatmap/-/array.prototype.flatmap-1.3.3.tgz 26817ms (cache miss)
2618 http fetch GET 200 https://registry.npmjs.org/array-includes/-/array-includes-3.1.9.tgz 26888ms (cache miss)
2619 http fetch GET 200 https://registry.npmjs.org/array.prototype.findlast/-/array.prototype.findlast-1.2.5.tgz 27111ms (cache miss)
2620 http fetch GET 200 https://registry.npmjs.org/array-buffer-byte-length/-/array-buffer-byte-length-1.0.2.tgz 27138ms (cache miss)
2621 http fetch GET 200 https://registry.npmjs.org/ansi-colors/-/ansi-colors-4.1.3.tgz 27344ms (cache miss)
2622 http fetch GET 200 https://registry.npmjs.org/ansi-regex/-/ansi-regex-5.0.1.tgz 27387ms (cache miss)
2623 http fetch GET 200 https://registry.npmjs.org/lightningcss-win32-x64-msvc/-/lightningcss-win32-x64-msvc-1.32.0.tgz 27590ms (cache miss)
2624 http fetch GET 200 https://registry.npmjs.org/ansi-styles/-/ansi-styles-4.3.0.tgz 27463ms (cache miss)
2625 http fetch GET 200 https://registry.npmjs.org/ast-types/-/ast-types-0.16.1.tgz 27553ms (cache miss)
2626 http fetch GET 200 https://registry.npmjs.org/ajv-formats/-/ajv-formats-3.0.1.tgz 27639ms (cache miss)
2627 http fetch GET 200 https://registry.npmjs.org/typescript/-/typescript-6.0.3.tgz 28451ms (cache miss)
2628 http fetch GET 200 https://registry.npmjs.org/eslint-plugin-react-hooks/-/eslint-plugin-react-hooks-7.1.1.tgz 28327ms (cache miss)
2629 http fetch GET 200 https://registry.npmjs.org/accepts/-/accepts-2.0.0.tgz 28331ms (cache miss)
2630 http fetch GET 200 https://registry.npmjs.org/acorn-jsx/-/acorn-jsx-5.3.2.tgz 28368ms (cache miss)
2631 http fetch GET 200 https://registry.npmjs.org/picomatch/-/picomatch-4.0.5.tgz 28691ms (cache miss)
2632 http fetch GET 200 https://registry.npmjs.org/eslint-visitor-keys/-/eslint-visitor-keys-5.0.1.tgz 28735ms (cache miss)
2633 http fetch GET 200 https://registry.npmjs.org/ajv/-/ajv-6.15.0.tgz 28751ms (cache miss)
2634 http fetch GET 200 https://registry.npmjs.org/axe-core/-/axe-core-4.12.1.tgz 28766ms (cache miss)
2635 http fetch GET 200 https://registry.npmjs.org/glob-parent/-/glob-parent-5.1.2.tgz 28818ms (cache miss)
2636 http fetch GET 200 https://registry.npmjs.org/acorn/-/acorn-8.17.0.tgz 28843ms (cache miss)
2637 http fetch GET 200 https://registry.npmjs.org/ignore/-/ignore-7.0.6.tgz 28875ms (cache miss)
2638 http fetch GET 200 https://registry.npmjs.org/brace-expansion/-/brace-expansion-5.0.7.tgz 29312ms (cache miss)
2639 http fetch GET 200 https://registry.npmjs.org/semver/-/semver-7.8.5.tgz 29319ms (cache miss)
2640 http fetch GET 200 https://registry.npmjs.org/fast-glob/-/fast-glob-3.3.3.tgz 29337ms (cache miss)
2641 http fetch GET 200 https://registry.npmjs.org/balanced-match/-/balanced-match-4.0.4.tgz 29355ms (cache miss)
2642 http fetch GET 200 https://registry.npmjs.org/@base-ui/react/-/react-1.6.0.tgz 29629ms (cache miss)
2643 http fetch GET 200 https://registry.npmjs.org/balanced-match/-/balanced-match-4.0.4.tgz 29391ms (cache miss)
2644 http fetch GET 200 https://registry.npmjs.org/json-schema-traverse/-/json-schema-traverse-1.0.0.tgz 29395ms (cache miss)
2645 http fetch GET 200 https://registry.npmjs.org/brace-expansion/-/brace-expansion-5.0.7.tgz 29459ms (cache miss)
2646 http fetch GET 200 https://registry.npmjs.org/which/-/which-4.0.0.tgz 29503ms (cache miss)
2647 http fetch GET 200 https://registry.npmjs.org/eslint-visitor-keys/-/eslint-visitor-keys-3.4.3.tgz 29505ms (cache miss)
2648 http fetch GET 200 https://registry.npmjs.org/minimatch/-/minimatch-10.2.5.tgz 29513ms (cache miss)
2649 http fetch GET 200 https://registry.npmjs.org/minimatch/-/minimatch-10.2.5.tgz 29515ms (cache miss)
2650 http fetch GET 200 https://registry.npmjs.org/strip-final-newline/-/strip-final-newline-2.0.0.tgz 29599ms (cache miss)
2651 http fetch GET 200 https://registry.npmjs.org/signal-exit/-/signal-exit-3.0.7.tgz 29731ms (cache miss)
2652 http fetch GET 200 https://registry.npmjs.org/is-stream/-/is-stream-2.0.1.tgz 29806ms (cache miss)
2653 http fetch GET 200 https://registry.npmjs.org/npm-run-path/-/npm-run-path-4.0.1.tgz 29899ms (cache miss)
2654 http fetch GET 200 https://registry.npmjs.org/is-wsl/-/is-wsl-2.2.0.tgz 29974ms (cache miss)
2655 http fetch GET 200 https://registry.npmjs.org/vitest/-/vitest-3.2.7.tgz 30013ms (cache miss)
2656 http fetch GET 200 https://registry.npmjs.org/open/-/open-8.4.2.tgz 30037ms (cache miss)
2657 http fetch GET 200 https://registry.npmjs.org/get-stream/-/get-stream-6.0.1.tgz 30182ms (cache miss)
2658 http fetch GET 200 https://registry.npmjs.org/argparse/-/argparse-2.0.1.tgz 30258ms (cache miss)
2659 http fetch GET 200 https://registry.npmjs.org/isexe/-/isexe-3.1.5.tgz 30284ms (cache miss)
2660 http fetch GET 200 https://registry.npmjs.org/human-signals/-/human-signals-2.1.0.tgz 30386ms (cache miss)
2661 http fetch GET 200 https://registry.npmjs.org/caniuse-lite/-/caniuse-lite-1.0.30001806.tgz 30458ms (cache miss)
2662 http fetch GET 200 https://registry.npmjs.org/execa/-/execa-5.1.1.tgz 30483ms (cache miss)
2663 http fetch GET 200 https://registry.npmjs.org/define-lazy-prop/-/define-lazy-prop-2.0.0.tgz 30616ms (cache miss)
2664 http fetch GET 200 https://registry.npmjs.org/immer/-/immer-11.1.15.tgz 30637ms (cache miss)
2665 http fetch GET 200 https://registry.npmjs.org/aria-query/-/aria-query-5.3.2.tgz 30671ms (cache miss)
2666 http fetch GET 200 https://registry.npmjs.org/is-docker/-/is-docker-2.2.1.tgz 30691ms (cache miss)
2667 http fetch GET 200 https://registry.npmjs.org/fdir/-/fdir-6.5.0.tgz 30807ms (cache miss)
2668 http fetch GET 200 https://registry.npmjs.org/@vitest/spy/-/spy-4.1.10.tgz 30857ms (cache miss)
2669 http fetch GET 200 https://registry.npmjs.org/@vitest/utils/-/utils-4.1.10.tgz 30935ms (cache miss)
2670 http fetch GET 200 https://registry.npmjs.org/picomatch/-/picomatch-4.0.5.tgz 31026ms (cache miss)
2671 http fetch GET 200 https://registry.npmjs.org/commander/-/commander-11.1.0.tgz 31080ms (cache miss)
2672 http fetch GET 200 https://registry.npmjs.org/tinyrainbow/-/tinyrainbow-3.1.0.tgz 31152ms (cache miss)
2673 http fetch GET 200 https://registry.npmjs.org/@vitest/snapshot/-/snapshot-4.1.10.tgz 31232ms (cache miss)
2674 http fetch GET 200 https://registry.npmjs.org/tinyexec/-/tinyexec-1.2.4.tgz 31293ms (cache miss)
2675 http fetch GET 200 https://registry.npmjs.org/picomatch/-/picomatch-4.0.5.tgz 31344ms (cache miss)
2676 http fetch GET 200 https://registry.npmjs.org/@vitest/runner/-/runner-4.1.10.tgz 31400ms (cache miss)
2677 http fetch GET 200 https://registry.npmjs.org/std-env/-/std-env-4.2.0.tgz 31465ms (cache miss)
2678 http fetch GET 200 https://registry.npmjs.org/picomatch/-/picomatch-4.0.5.tgz 31491ms (cache miss)
2679 http fetch GET 200 https://registry.npmjs.org/chai/-/chai-6.2.2.tgz 31527ms (cache miss)
2680 http fetch GET 200 https://registry.npmjs.org/fdir/-/fdir-6.5.0.tgz 31542ms (cache miss)
2681 http fetch GET 200 https://registry.npmjs.org/content-type/-/content-type-2.0.0.tgz 31545ms (cache miss)
2682 http fetch GET 200 https://registry.npmjs.org/js-tokens/-/js-tokens-9.0.1.tgz 31589ms (cache miss)
2683 http fetch GET 200 https://registry.npmjs.org/is-obj/-/is-obj-3.0.0.tgz 31595ms (cache miss)
2684 http fetch GET 200 https://registry.npmjs.org/onetime/-/onetime-7.0.0.tgz 31658ms (cache miss)
2685 http fetch GET 200 https://registry.npmjs.org/glob-parent/-/glob-parent-5.1.2.tgz 31658ms (cache miss)
2686 http fetch GET 200 https://registry.npmjs.org/json5/-/json5-1.0.2.tgz 31696ms (cache miss)
2687 http fetch GET 200 https://registry.npmjs.org/@vitest/pretty-format/-/pretty-format-4.1.10.tgz 31704ms (cache miss)
2688 http fetch GET 200 https://registry.npmjs.org/@vitest/mocker/-/mocker-4.1.10.tgz 31711ms (cache miss)
2689 http fetch GET 200 https://registry.npmjs.org/fdir/-/fdir-6.5.0.tgz 31704ms (cache miss)
2690 http fetch GET 200 https://registry.npmjs.org/kleur/-/kleur-3.0.3.tgz 31706ms (cache miss)
2691 http fetch GET 200 https://registry.npmjs.org/es-module-lexer/-/es-module-lexer-2.3.1.tgz 31751ms (cache miss)
2692 http fetch GET 200 https://registry.npmjs.org/picomatch/-/picomatch-4.0.5.tgz 31751ms (cache miss)
2693 http fetch GET 200 https://registry.npmjs.org/p-locate/-/p-locate-3.0.0.tgz 31787ms (cache miss)
2694 http fetch GET 200 https://registry.npmjs.org/strip-ansi/-/strip-ansi-7.2.0.tgz 31803ms (cache miss)
2695 http fetch GET 200 https://registry.npmjs.org/path-exists/-/path-exists-3.0.0.tgz 31864ms (cache miss)
2696 http fetch GET 200 https://registry.npmjs.org/chalk/-/chalk-5.6.2.tgz 31897ms (cache miss)
2697 http fetch GET 200 https://registry.npmjs.org/p-limit/-/p-limit-2.3.0.tgz 31898ms (cache miss)
2698 http fetch GET 200 https://registry.npmjs.org/find-up/-/find-up-3.0.0.tgz 32006ms (cache miss)
2699 http fetch GET 200 https://registry.npmjs.org/mimic-fn/-/mimic-fn-2.1.0.tgz 32086ms (cache miss)
2700 http fetch GET 200 https://registry.npmjs.org/path-key/-/path-key-4.0.0.tgz 32087ms (cache miss)
2701 http fetch GET 200 https://registry.npmjs.org/locate-path/-/locate-path-3.0.0.tgz 32127ms (cache miss)
2702 http fetch GET 200 https://registry.npmjs.org/string-width/-/string-width-7.2.0.tgz 32149ms (cache miss)
2703 http fetch GET 200 https://registry.npmjs.org/semver/-/semver-7.8.5.tgz 32202ms (cache miss)
2704 http fetch GET 200 https://registry.npmjs.org/@vitest/expect/-/expect-4.1.10.tgz 32383ms (cache miss)
2705 http fetch GET 200 https://registry.npmjs.org/glob-parent/-/glob-parent-5.1.2.tgz 32411ms (cache miss)
2706 http fetch GET 200 https://registry.npmjs.org/emoji-regex/-/emoji-regex-10.6.0.tgz 32671ms (cache miss)
2707 http fetch GET 200 https://registry.npmjs.org/tsconfig-paths/-/tsconfig-paths-4.2.0.tgz 32697ms (cache miss)
2708 http fetch GET 200 https://registry.npmjs.org/debug/-/debug-3.2.7.tgz 32687ms (cache miss)
2709 http fetch GET 200 https://registry.npmjs.org/is-unicode-supported/-/is-unicode-supported-1.3.0.tgz 32733ms (cache miss)
2710 http fetch GET 200 https://registry.npmjs.org/reselect/-/reselect-5.1.1.tgz 32766ms (cache miss)
2711 http fetch GET 200 https://registry.npmjs.org/ansi-regex/-/ansi-regex-6.2.2.tgz 32768ms (cache miss)
2712 http fetch GET 200 https://registry.npmjs.org/chalk/-/chalk-5.6.2.tgz 32772ms (cache miss)
2713 http fetch GET 200 https://registry.npmjs.org/debug/-/debug-3.2.7.tgz 32810ms (cache miss)
2714 http fetch GET 200 https://registry.npmjs.org/semver/-/semver-7.8.5.tgz 32865ms (cache miss)
2715 http fetch GET 200 https://registry.npmjs.org/content-type/-/content-type-2.0.0.tgz 32930ms (cache miss)
2716 http fetch GET 200 https://registry.npmjs.org/json-schema-traverse/-/json-schema-traverse-1.0.0.tgz 32931ms (cache miss)
2717 http fetch GET 200 https://registry.npmjs.org/ajv-formats/-/ajv-formats-2.1.1.tgz 32962ms (cache miss)
2718 http fetch GET 200 https://registry.npmjs.org/postcss/-/postcss-8.4.31.tgz 33017ms (cache miss)
2719 http fetch GET 200 https://registry.npmjs.org/fast-glob/-/fast-glob-3.3.3.tgz 33050ms (cache miss)
2720 http fetch GET 200 https://registry.npmjs.org/json-schema-traverse/-/json-schema-traverse-1.0.0.tgz 33040ms (cache miss)
2721 http fetch GET 200 https://registry.npmjs.org/debug/-/debug-3.2.7.tgz 33114ms (cache miss)
2722 http fetch GET 200 https://registry.npmjs.org/json-schema-typed/-/json-schema-typed-7.0.3.tgz 33130ms (cache miss)
2723 http fetch GET 200 https://registry.npmjs.org/@hono%2fnode-server 32876ms (cache miss)
2724 silly packumentCache corgi:https://registry.npmjs.org/@hono%2fnode-server set size:undefined disposed:false
2725 http fetch GET 200 https://registry.npmjs.org/semver/-/semver-7.8.5.tgz 33211ms (cache miss)
2726 http fetch GET 200 https://registry.npmjs.org/globals/-/globals-16.4.0.tgz 33336ms (cache miss)
2727 http fetch GET 200 https://registry.npmjs.org/sharp 33250ms (cache miss)
2728 silly packumentCache corgi:https://registry.npmjs.org/sharp set size:undefined disposed:false
2729 http fetch GET 200 https://registry.npmjs.org/framer-motion/-/framer-motion-12.42.2.tgz 33696ms (cache miss)
2730 http fetch GET 200 https://registry.npmjs.org/postcss 33446ms (cache miss)
2731 silly packumentCache corgi:https://registry.npmjs.org/postcss set size:undefined disposed:false
2732 silly packumentCache corgi:https://registry.npmjs.org/@modelcontextprotocol%2fsdk cache-miss
2733 http fetch GET 200 https://registry.npmjs.org/@img/sharp-win32-x64/-/sharp-win32-x64-0.34.5.tgz 34106ms (cache miss)
2734 http fetch GET 200 https://registry.npmjs.org/@modelcontextprotocol%2fsdk 485ms (cache miss)
2735 silly packumentCache corgi:https://registry.npmjs.org/@modelcontextprotocol%2fsdk set size:undefined disposed:false
2736 silly packumentCache corgi:https://registry.npmjs.org/next cache-miss
2737 http fetch GET 200 https://registry.npmjs.org/ajv/-/ajv-8.20.0.tgz 34468ms (cache miss)
2738 http fetch GET 200 https://registry.npmjs.org/es-abstract/-/es-abstract-1.24.2.tgz 36656ms (cache miss)
2739 http fetch GET 200 https://registry.npmjs.org/ajv/-/ajv-8.20.0.tgz 36793ms (cache miss)
2740 http fetch GET 200 https://registry.npmjs.org/ajv/-/ajv-8.20.0.tgz 37200ms (cache miss)
2741 http fetch GET 200 https://registry.npmjs.org/zod/-/zod-3.25.76.tgz 37262ms (cache miss)
2742 http fetch GET 200 https://registry.npmjs.org/react-dom/-/react-dom-19.2.7.tgz 37929ms (cache miss)
2743 http fetch GET 200 https://registry.npmjs.org/typescript/-/typescript-5.9.3.tgz 38992ms (cache miss)
2744 http fetch GET 200 https://registry.npmjs.org/next 5561ms (cache miss)
2745 silly packumentCache corgi:https://registry.npmjs.org/next set size:undefined disposed:false
2746 silly packumentCache corgi:https://registry.npmjs.org/shadcn cache-miss
2747 http fetch GET 200 https://registry.npmjs.org/shadcn 300ms (cache miss)
2748 silly packumentCache corgi:https://registry.npmjs.org/shadcn set size:undefined disposed:false
2749 http fetch GET 200 https://registry.npmjs.org/typescript/-/typescript-5.9.3.tgz 42220ms (cache miss)
2750 http fetch GET 200 https://registry.npmjs.org/lucide-react/-/lucide-react-1.25.0.tgz 43671ms (cache miss)
2751 http fetch GET 200 https://registry.npmjs.org/es-toolkit/-/es-toolkit-1.49.0.tgz 44701ms (cache miss)
2752 http fetch GET 200 https://registry.npmjs.org/react-icons/-/react-icons-5.7.0.tgz 51484ms (cache miss)
2753 http fetch GET 200 https://registry.npmjs.org/@next/swc-win32-x64-msvc/-/swc-win32-x64-msvc-16.2.10.tgz 64333ms (cache miss)
2754 http fetch GET 200 https://registry.npmjs.org/next/-/next-16.2.10.tgz 73533ms (cache miss)
2755 info run sharp@0.34.5 install node_modules/sharp node install/check.js || npm run build
2756 info run sharp@0.34.5 install { code: 0, signal: null }
2757 info run esbuild@0.28.1 postinstall node_modules/esbuild node install.js
2758 info run unrs-resolver@1.12.2 postinstall node_modules/unrs-resolver node postinstall.js
2759 info run unrs-resolver@1.12.2 postinstall { code: 0, signal: null }
2760 info run esbuild@0.28.1 postinstall { code: 0, signal: null }
2761 silly CHANGE packages/domain/node_modules/vitest
2762 silly CHANGE packages/domain/node_modules/typescript
2763 silly CHANGE packages/domain/node_modules/picomatch
2764 silly CHANGE packages/theme/node_modules/typescript
2765 silly CHANGE node_modules/@vitest/utils
2766 silly CHANGE node_modules/@vitest/spy
2767 silly CHANGE node_modules/@vitest/snapshot
2768 silly CHANGE node_modules/@vitest/pretty-format
2769 silly CHANGE node_modules/@vitest/runner
2770 silly CHANGE node_modules/@vitest/mocker
2771 silly CHANGE node_modules/@vitest/expect
2772 silly CHANGE node_modules/@unrs/resolver-binding-win32-x64-msvc
2773 silly CHANGE node_modules/@typescript-eslint/visitor-keys
2774 silly CHANGE node_modules/@typescript-eslint/visitor-keys/node_modules/eslint-visitor-keys
2775 silly CHANGE node_modules/@typescript-eslint/utils
2776 silly CHANGE node_modules/@typescript-eslint/typescript-estree
2777 silly CHANGE node_modules/@typescript-eslint/typescript-estree/node_modules/semver
2778 silly CHANGE node_modules/@typescript-eslint/typescript-estree/node_modules/minimatch
2779 silly CHANGE node_modules/@typescript-eslint/typescript-estree/node_modules/brace-expansion
2780 silly CHANGE node_modules/@typescript-eslint/typescript-estree/node_modules/balanced-match
2781 silly CHANGE node_modules/@typescript-eslint/types
2782 silly CHANGE node_modules/@typescript-eslint/type-utils
2783 silly CHANGE node_modules/@typescript-eslint/scope-manager
2784 silly CHANGE node_modules/@typescript-eslint/tsconfig-utils
2785 silly CHANGE node_modules/@typescript-eslint/parser
2786 silly CHANGE node_modules/@typescript-eslint/project-service
2787 silly CHANGE node_modules/@typescript-eslint/eslint-plugin
2788 silly CHANGE node_modules/@typescript-eslint/eslint-plugin/node_modules/ignore
2789 silly CHANGE node_modules/@types/validate-npm-package-name
2790 silly CHANGE node_modules/@ts-morph/common
2791 silly CHANGE node_modules/@ts-morph/common/node_modules/glob-parent
2792 silly CHANGE node_modules/@ts-morph/common/node_modules/minimatch
2793 silly CHANGE node_modules/@ts-morph/common/node_modules/fast-glob
2794 silly CHANGE node_modules/@ts-morph/common/node_modules/balanced-match
2795 silly CHANGE node_modules/@ts-morph/common/node_modules/brace-expansion
2796 silly CHANGE node_modules/@types/use-sync-external-store
2797 silly CHANGE node_modules/@types/react-dom
2798 silly CHANGE node_modules/@types/ws
2799 silly CHANGE node_modules/@types/react
2800 silly CHANGE node_modules/@types/json-schema
2801 silly CHANGE node_modules/@types/json5
2802 silly CHANGE node_modules/@types/node
2803 silly CHANGE node_modules/@types/estree
2804 silly CHANGE node_modules/@types/d3-timer
2805 silly CHANGE node_modules/@types/d3-shape
2806 silly CHANGE node_modules/@types/d3-time
2807 silly CHANGE node_modules/@types/deep-eql
2808 silly CHANGE node_modules/@types/d3-scale
2809 silly CHANGE node_modules/@types/d3-ease
2810 silly CHANGE node_modules/@types/d3-path
2811 silly CHANGE node_modules/@types/d3-interpolate
2812 silly CHANGE node_modules/@types/d3-color
2813 silly CHANGE node_modules/@types/d3-array
2814 silly CHANGE node_modules/@types/chai
2815 silly CHANGE node_modules/@tailwindcss/postcss
2816 silly CHANGE node_modules/@tailwindcss/oxide-win32-x64-msvc
2817 silly CHANGE node_modules/@tailwindcss/oxide
2818 silly CHANGE node_modules/@tailwindcss/node
2819 silly CHANGE node_modules/@swc/helpers
2820 silly CHANGE node_modules/@supabase/supabase-js
2821 silly CHANGE node_modules/@supabase/storage-js
2822 silly CHANGE node_modules/@supabase/postgrest-js
2823 silly CHANGE node_modules/@supabase/realtime-js
2824 silly CHANGE node_modules/@supabase/functions-js
2825 silly CHANGE node_modules/@supabase/phoenix
2826 silly CHANGE node_modules/@supabase/auth-js
2827 silly CHANGE node_modules/@standard-schema/utils
2828 silly CHANGE node_modules/@standard-schema/spec
2829 silly CHANGE node_modules/@sec-ant/readable-stream
2830 silly CHANGE node_modules/@sindresorhus/merge-streams
2831 silly CHANGE node_modules/@rtsao/scc
2832 silly CHANGE node_modules/@rollup/rollup-win32-x64-msvc
2833 silly CHANGE node_modules/@rollup/rollup-win32-x64-gnu
2834 silly CHANGE node_modules/@reduxjs/toolkit
2835 silly CHANGE node_modules/@reduxjs/toolkit/node_modules/immer
2836 silly CHANGE node_modules/@nolyfill/is-core-module
2837 silly CHANGE node_modules/@nodelib/fs.stat
2838 silly CHANGE node_modules/@nodelib/fs.walk
2839 silly CHANGE node_modules/@nodelib/fs.scandir
2840 silly CHANGE node_modules/@modelcontextprotocol/sdk
2841 silly CHANGE node_modules/@modelcontextprotocol/sdk/node_modules/json-schema-traverse
2842 silly CHANGE node_modules/@modelcontextprotocol/sdk/node_modules/ajv
2843 silly CHANGE node_modules/@next/eslint-plugin-next
2844 silly CHANGE node_modules/@next/swc-win32-x64-msvc
2845 silly CHANGE node_modules/@next/env
2846 silly CHANGE node_modules/@jridgewell/trace-mapping
2847 silly CHANGE node_modules/@jridgewell/sourcemap-codec
2848 silly CHANGE node_modules/@jridgewell/resolve-uri
2849 silly CHANGE node_modules/@jridgewell/remapping
2850 silly CHANGE node_modules/@jridgewell/gen-mapping
2851 silly CHANGE node_modules/@img/sharp-win32-x64
2852 silly CHANGE node_modules/@img/colour
2853 silly CHANGE node_modules/@humanwhocodes/module-importer
2854 silly CHANGE node_modules/@humanwhocodes/retry
2855 silly CHANGE node_modules/@humanfs/types
2856 silly CHANGE node_modules/@humanfs/node
2857 silly CHANGE node_modules/@humanfs/core
2858 silly CHANGE node_modules/@hono/node-server
2859 silly CHANGE node_modules/@floating-ui/utils
2860 silly CHANGE node_modules/@floating-ui/dom
2861 silly CHANGE node_modules/@floating-ui/react-dom
2862 silly CHANGE node_modules/@floating-ui/core
2863 silly CHANGE node_modules/@eslint-community/regexpp
2864 silly CHANGE node_modules/@eslint-community/eslint-utils
2865 silly CHANGE node_modules/@eslint-community/eslint-utils/node_modules/eslint-visitor-keys
2866 silly CHANGE node_modules/@eslint/object-schema
2867 silly CHANGE node_modules/@eslint/js
2868 silly CHANGE node_modules/@eslint/plugin-kit
2869 silly CHANGE node_modules/@eslint/eslintrc
2870 silly CHANGE node_modules/@eslint/core
2871 silly CHANGE node_modules/@eslint/config-helpers
2872 silly CHANGE node_modules/@eslint/config-array
2873 silly CHANGE node_modules/@esbuild/win32-x64
2874 silly CHANGE node_modules/@dotenvx/primitives
2875 silly CHANGE node_modules/@dotenvx/dotenvx
2876 silly CHANGE node_modules/@dotenvx/dotenvx/node_modules/strip-final-newline
2877 silly CHANGE node_modules/@dotenvx/dotenvx/node_modules/which
2878 silly CHANGE node_modules/@dotenvx/dotenvx/node_modules/signal-exit
2879 silly CHANGE node_modules/@dotenvx/dotenvx/node_modules/picomatch
2880 silly CHANGE node_modules/@dotenvx/dotenvx/node_modules/is-stream
2881 silly CHANGE node_modules/@dotenvx/dotenvx/node_modules/open
2882 silly CHANGE node_modules/@dotenvx/dotenvx/node_modules/npm-run-path
2883 silly CHANGE node_modules/@dotenvx/dotenvx/node_modules/is-wsl
2884 silly CHANGE node_modules/@dotenvx/dotenvx/node_modules/isexe
2885 silly CHANGE node_modules/@dotenvx/dotenvx/node_modules/is-docker
2886 silly CHANGE node_modules/@dotenvx/dotenvx/node_modules/get-stream
2887 silly CHANGE node_modules/@dotenvx/dotenvx/node_modules/human-signals
2888 silly CHANGE node_modules/@dotenvx/dotenvx/node_modules/execa
2889 silly CHANGE node_modules/@dotenvx/dotenvx/node_modules/fdir
2890 silly CHANGE node_modules/@dotenvx/dotenvx/node_modules/define-lazy-prop
2891 silly CHANGE node_modules/@dotenvx/dotenvx/node_modules/commander
2892 silly CHANGE node_modules/@base-ui/utils
2893 silly CHANGE node_modules/@base-ui/react
2894 silly CHANGE node_modules/@babel/template
2895 silly CHANGE node_modules/@babel/types
2896 silly CHANGE node_modules/@babel/runtime
2897 silly CHANGE node_modules/@babel/traverse
2898 silly CHANGE node_modules/@babel/preset-typescript
2899 silly CHANGE node_modules/@babel/plugin-transform-typescript
2900 silly CHANGE node_modules/@babel/plugin-transform-modules-commonjs
2901 silly CHANGE node_modules/@babel/plugin-syntax-typescript
2902 silly CHANGE node_modules/@babel/plugin-syntax-jsx
2903 silly CHANGE node_modules/@babel/parser
2904 silly CHANGE node_modules/@babel/helpers
2905 silly CHANGE node_modules/@babel/helper-validator-option
2906 silly CHANGE node_modules/@babel/helper-validator-identifier
2907 silly CHANGE node_modules/@babel/helper-string-parser
2908 silly CHANGE node_modules/@babel/helper-skip-transparent-expression-wrappers
2909 silly CHANGE node_modules/@babel/helper-replace-supers
2910 silly CHANGE node_modules/@babel/helper-plugin-utils
2911 silly CHANGE node_modules/@babel/helper-optimise-call-expression
2912 silly CHANGE node_modules/@babel/helper-module-transforms
2913 silly CHANGE node_modules/@babel/helper-member-expression-to-functions
2914 silly CHANGE node_modules/@babel/helper-module-imports
2915 silly CHANGE node_modules/@babel/helper-globals
2916 silly CHANGE node_modules/@babel/generator
2917 silly CHANGE node_modules/@babel/helper-create-class-features-plugin
2918 silly CHANGE node_modules/@babel/helper-annotate-as-pure
2919 silly CHANGE node_modules/@babel/helper-compilation-targets
2920 silly CHANGE node_modules/@babel/core
2921 silly CHANGE node_modules/@babel/compat-data
2922 silly CHANGE node_modules/@babel/code-frame
2923 silly CHANGE node_modules/@alloc/quick-lru
2924 silly CHANGE node_modules/zod-validation-error
2925 silly CHANGE node_modules/zod-to-json-schema
2926 silly CHANGE node_modules/zod
2927 silly CHANGE node_modules/yoctocolors
2928 silly CHANGE node_modules/yocto-spinner
2929 silly CHANGE node_modules/yocto-queue
2930 silly CHANGE node_modules/yallist
2931 silly CHANGE node_modules/wsl-utils
2932 silly CHANGE node_modules/ws
2933 silly CHANGE node_modules/wrappy
2934 silly CHANGE node_modules/word-wrap
2935 silly CHANGE node_modules/why-is-node-running
2936 silly CHANGE node_modules/which-typed-array
2937 silly CHANGE node_modules/which-collection
2938 silly CHANGE node_modules/which-builtin-type
2939 silly CHANGE node_modules/which-boxed-primitive
2940 silly CHANGE node_modules/which
2941 silly CHANGE node_modules/vitest
2942 silly CHANGE node_modules/vitest/node_modules/@vitest/runner
2943 silly CHANGE node_modules/vitest/node_modules/@vitest/utils
2944 silly CHANGE node_modules/vitest/node_modules/@vitest/spy
2945 silly CHANGE node_modules/vitest/node_modules/@vitest/snapshot
2946 silly CHANGE node_modules/vitest/node_modules/@vitest/pretty-format
2947 silly CHANGE node_modules/vitest/node_modules/@vitest/expect
2948 silly CHANGE node_modules/vitest/node_modules/@vitest/mocker
2949 silly CHANGE node_modules/vitest/node_modules/tinyexec
2950 silly CHANGE node_modules/vitest/node_modules/tinyrainbow
2951 silly CHANGE node_modules/vitest/node_modules/picomatch
2952 silly CHANGE node_modules/vitest/node_modules/std-env
2953 silly CHANGE node_modules/vitest/node_modules/chai
2954 silly CHANGE node_modules/vitest/node_modules/es-module-lexer
2955 silly CHANGE node_modules/vite-node
2956 silly CHANGE node_modules/vite
2957 silly CHANGE node_modules/vite/node_modules/picomatch
2958 silly CHANGE node_modules/vite/node_modules/fdir
2959 silly CHANGE node_modules/victory-vendor
2960 silly CHANGE node_modules/vary
2961 silly CHANGE node_modules/validate-npm-package-name
2962 silly CHANGE node_modules/util-deprecate
2963 silly CHANGE node_modules/use-sync-external-store
2964 silly CHANGE node_modules/uri-js
2965 silly CHANGE node_modules/update-browserslist-db
2966 silly CHANGE node_modules/unrs-resolver
2967 silly CHANGE node_modules/unpipe
2968 silly CHANGE node_modules/universalify
2969 silly CHANGE node_modules/unicorn-magic
2970 silly CHANGE node_modules/undici-types
2971 silly CHANGE node_modules/undici
2972 silly CHANGE node_modules/unbox-primitive
2973 silly CHANGE node_modules/typescript-eslint
2974 silly CHANGE node_modules/typescript
2975 silly CHANGE node_modules/typed-array-length
2976 silly CHANGE node_modules/typed-array-byte-offset
2977 silly CHANGE node_modules/typed-array-byte-length
2978 silly CHANGE node_modules/typed-array-buffer
2979 silly CHANGE node_modules/type-is
2980 silly CHANGE node_modules/type-is/node_modules/content-type
2981 silly CHANGE node_modules/type-check
2982 silly CHANGE node_modules/tw-animate-css
2983 silly CHANGE node_modules/tsx
2984 silly CHANGE node_modules/tslib
2985 silly CHANGE node_modules/tsconfig-paths
2986 silly CHANGE node_modules/tsconfig-paths/node_modules/json5
2987 silly CHANGE node_modules/ts-morph
2988 silly CHANGE node_modules/ts-api-utils
2989 silly CHANGE node_modules/toidentifier
2990 silly CHANGE node_modules/to-regex-range
2991 silly CHANGE node_modules/tinyspy
2992 silly CHANGE node_modules/tinyrainbow
2993 silly CHANGE node_modules/tinypool
2994 silly CHANGE node_modules/tinyglobby
2995 silly CHANGE node_modules/tinyglobby/node_modules/picomatch
2996 silly CHANGE node_modules/tinyglobby/node_modules/fdir
2997 silly CHANGE node_modules/tinyexec
2998 silly CHANGE node_modules/tinybench
2999 silly CHANGE node_modules/tapable
3000 silly CHANGE node_modules/tiny-invariant
3001 silly CHANGE node_modules/tailwindcss
3002 silly CHANGE node_modules/tailwind-merge
3003 silly CHANGE node_modules/systeminformation
3004 silly CHANGE node_modules/supports-preserve-symlinks-flag
3005 silly CHANGE node_modules/supports-color
3006 silly CHANGE node_modules/styled-jsx
3007 silly CHANGE node_modules/strip-literal
3008 silly CHANGE node_modules/strip-literal/node_modules/js-tokens
3009 silly CHANGE node_modules/strip-json-comments
3010 silly CHANGE node_modules/strip-final-newline
3011 silly CHANGE node_modules/string.prototype.trimstart
3012 silly CHANGE node_modules/strip-bom
3013 silly CHANGE node_modules/string.prototype.trimend
3014 silly CHANGE node_modules/strip-ansi
3015 silly CHANGE node_modules/stringify-object
3016 silly CHANGE node_modules/stringify-object/node_modules/is-obj
3017 silly CHANGE node_modules/string.prototype.repeat
3018 silly CHANGE node_modules/string.prototype.trim
3019 silly CHANGE node_modules/string.prototype.matchall
3020 silly CHANGE node_modules/string.prototype.includes
3021 silly CHANGE node_modules/stop-iteration-iterator
3022 silly CHANGE node_modules/stdin-discarder
3023 silly CHANGE node_modules/statuses
3024 silly CHANGE node_modules/stackback
3025 silly CHANGE node_modules/std-env
3026 silly CHANGE node_modules/source-map-js
3027 silly CHANGE node_modules/stable-hash
3028 silly CHANGE node_modules/source-map
3029 silly CHANGE node_modules/sonner
3030 silly CHANGE node_modules/sisteransi
3031 silly CHANGE node_modules/signal-exit
3032 silly CHANGE node_modules/siginfo
3033 silly CHANGE node_modules/side-channel-weakmap
3034 silly CHANGE node_modules/side-channel-map
3035 silly CHANGE node_modules/side-channel-list
3036 silly CHANGE node_modules/shebang-regex
3037 silly CHANGE node_modules/side-channel
3038 silly CHANGE node_modules/sharp
3039 silly CHANGE node_modules/sharp/node_modules/semver
3040 silly CHANGE node_modules/shebang-command
3041 silly CHANGE node_modules/shadcn
3042 silly CHANGE node_modules/shadcn/node_modules/tsconfig-paths
3043 silly CHANGE node_modules/shadcn/node_modules/glob-parent
3044 silly CHANGE node_modules/shadcn/node_modules/zod
3045 silly CHANGE node_modules/shadcn/node_modules/fast-glob
3046 silly CHANGE node_modules/setprototypeof
3047 silly CHANGE node_modules/set-proto
3048 silly CHANGE node_modules/set-function-name
3049 silly CHANGE node_modules/set-function-length
3050 silly CHANGE node_modules/serve-static
3051 silly CHANGE node_modules/send
3052 silly CHANGE node_modules/semver
3053 silly CHANGE node_modules/scheduler
3054 silly CHANGE node_modules/safe-push-apply
3055 silly CHANGE node_modules/safer-buffer
3056 silly CHANGE node_modules/run-parallel
3057 silly CHANGE node_modules/safe-regex-test
3058 silly CHANGE node_modules/safe-array-concat
3059 silly CHANGE node_modules/router
3060 silly CHANGE node_modules/run-applescript
3061 silly CHANGE node_modules/reusify
3062 silly CHANGE node_modules/rollup
3063 silly CHANGE node_modules/restore-cursor
3064 silly CHANGE node_modules/restore-cursor/node_modules/onetime
3065 silly CHANGE node_modules/resolve-pkg-maps
3066 silly CHANGE node_modules/reselect
3067 silly CHANGE node_modules/resolve
3068 silly CHANGE node_modules/resolve-from
3069 silly CHANGE node_modules/regexp.prototype.flags
3070 silly CHANGE node_modules/require-from-string
3071 silly CHANGE node_modules/reflect.getprototypeof
3072 silly CHANGE node_modules/redux
3073 silly CHANGE node_modules/redux-thunk
3074 silly CHANGE node_modules/recast
3075 silly CHANGE node_modules/react-redux
3076 silly CHANGE node_modules/recharts
3077 silly CHANGE node_modules/recharts/node_modules/reselect
3078 silly CHANGE node_modules/react-is
3079 silly CHANGE node_modules/react-icons
3080 silly CHANGE node_modules/react-dom
3081 silly CHANGE node_modules/react
3082 silly CHANGE node_modules/range-parser
3083 silly CHANGE node_modules/raw-body
3084 silly CHANGE node_modules/queue-microtask
3085 silly CHANGE node_modules/punycode
3086 silly CHANGE node_modules/qs
3087 silly CHANGE node_modules/prompts
3088 silly CHANGE node_modules/prompts/node_modules/kleur
3089 silly CHANGE node_modules/prop-types
3090 silly CHANGE node_modules/proxy-addr
3091 silly CHANGE node_modules/pretty-ms
3092 silly CHANGE node_modules/prelude-ls
3093 silly CHANGE node_modules/powershell-utils
3094 silly CHANGE node_modules/postcss-selector-parser
3095 silly CHANGE node_modules/postcss
3096 silly CHANGE node_modules/possible-typed-array-names
3097 silly CHANGE node_modules/pkce-challenge
3098 silly CHANGE node_modules/picomatch
3099 silly CHANGE node_modules/pkg-up
3100 silly CHANGE node_modules/pkg-up/node_modules/p-limit
3101 silly CHANGE node_modules/pkg-up/node_modules/p-locate
3102 silly CHANGE node_modules/pkg-up/node_modules/find-up
3103 silly CHANGE node_modules/pkg-up/node_modules/path-exists
3104 silly CHANGE node_modules/pkg-up/node_modules/locate-path
3105 silly CHANGE node_modules/pathval
3106 silly CHANGE node_modules/picocolors
3107 silly CHANGE node_modules/path-to-regexp
3108 silly CHANGE node_modules/path-parse
3109 silly CHANGE node_modules/path-key
3110 silly CHANGE node_modules/pathe
3111 silly CHANGE node_modules/path-exists
3112 silly CHANGE node_modules/path-browserify
3113 silly CHANGE node_modules/parse-json
3114 silly CHANGE node_modules/parse-ms
3115 silly CHANGE node_modules/parseurl
3116 silly CHANGE node_modules/p-try
3117 silly CHANGE node_modules/parent-module
3118 silly CHANGE node_modules/p-locate
3119 silly CHANGE node_modules/p-limit
3120 silly CHANGE node_modules/own-keys
3121 silly CHANGE node_modules/ora
3122 silly CHANGE node_modules/ora/node_modules/chalk
3123 silly CHANGE node_modules/ora/node_modules/strip-ansi
3124 silly CHANGE node_modules/ora/node_modules/ansi-regex
3125 silly CHANGE node_modules/ora/node_modules/string-width
3126 silly CHANGE node_modules/ora/node_modules/emoji-regex
3127 silly CHANGE node_modules/open
3128 silly CHANGE node_modules/onetime
3129 silly CHANGE node_modules/onetime/node_modules/mimic-fn
3130 silly CHANGE node_modules/optionator
3131 silly CHANGE node_modules/once
3132 silly CHANGE node_modules/on-finished
3133 silly CHANGE node_modules/object.values
3134 silly CHANGE node_modules/obug
3135 silly CHANGE node_modules/object.fromentries
3136 silly CHANGE node_modules/object.groupby
3137 silly CHANGE node_modules/object-treeify
3138 silly CHANGE node_modules/object.entries
3139 silly CHANGE node_modules/object.assign
3140 silly CHANGE node_modules/object-keys
3141 silly CHANGE node_modules/object-assign
3142 silly CHANGE node_modules/object-inspect
3143 silly CHANGE node_modules/npm-run-path
3144 silly CHANGE node_modules/npm-run-path/node_modules/path-key
3145 silly CHANGE node_modules/node-exports-info
3146 silly CHANGE node_modules/node-releases
3147 silly CHANGE node_modules/next
3148 silly CHANGE node_modules/next/node_modules/postcss
3149 silly CHANGE node_modules/negotiator
3150 silly CHANGE node_modules/next-themes
3151 silly CHANGE node_modules/natural-compare
3152 silly CHANGE node_modules/napi-postinstall
3153 silly CHANGE node_modules/nanoid
3154 silly CHANGE node_modules/motion-utils
3155 silly CHANGE node_modules/ms
3156 silly CHANGE node_modules/motion-dom
3157 silly CHANGE node_modules/minimist
3158 silly CHANGE node_modules/minimatch
3159 silly CHANGE node_modules/mimic-function
3160 silly CHANGE node_modules/mimic-fn
3161 silly CHANGE node_modules/mime-types
3162 silly CHANGE node_modules/mime-db
3163 silly CHANGE node_modules/micromatch
3164 silly CHANGE node_modules/merge2
3165 silly CHANGE node_modules/merge-stream
3166 silly CHANGE node_modules/merge-descriptors
3167 silly CHANGE node_modules/media-typer
3168 silly CHANGE node_modules/magic-string
3169 silly CHANGE node_modules/math-intrinsics
3170 silly CHANGE node_modules/lucide-react
3171 silly CHANGE node_modules/lru-cache
3172 silly CHANGE node_modules/loupe
3173 silly CHANGE node_modules/loose-envify
3174 silly CHANGE node_modules/lodash.merge
3175 silly CHANGE node_modules/log-symbols
3176 silly CHANGE node_modules/log-symbols/node_modules/is-unicode-supported
3177 silly CHANGE node_modules/log-symbols/node_modules/chalk
3178 silly CHANGE node_modules/locate-path
3179 silly CHANGE node_modules/lines-and-columns
3180 silly CHANGE node_modules/lightningcss
3181 silly CHANGE node_modules/lightningcss-win32-x64-msvc
3182 silly CHANGE node_modules/levn
3183 silly CHANGE node_modules/language-subtag-registry
3184 silly CHANGE node_modules/language-tags
3185 silly CHANGE node_modules/kleur
3186 silly CHANGE node_modules/jsx-ast-utils
3187 silly CHANGE node_modules/keyv
3188 silly CHANGE node_modules/jsonfile
3189 silly CHANGE node_modules/json-stable-stringify-without-jsonify
3190 silly CHANGE node_modules/json5
3191 silly CHANGE node_modules/json-schema-typed
3192 silly CHANGE node_modules/json-schema-traverse
3193 silly CHANGE node_modules/json-parse-even-better-errors
3194 silly CHANGE node_modules/json-buffer
3195 silly CHANGE node_modules/jsesc
3196 silly CHANGE node_modules/js-yaml
3197 silly CHANGE node_modules/js-tokens
3198 silly CHANGE node_modules/jose
3199 silly CHANGE node_modules/jiti
3200 silly CHANGE node_modules/iterator.prototype
3201 silly CHANGE node_modules/isexe
3202 silly CHANGE node_modules/isarray
3203 silly CHANGE node_modules/is-weakset
3204 silly CHANGE node_modules/is-wsl
3205 silly CHANGE node_modules/is-weakref
3206 silly CHANGE node_modules/is-weakmap
3207 silly CHANGE node_modules/is-unicode-supported
3208 silly CHANGE node_modules/is-typed-array
3209 silly CHANGE node_modules/is-symbol
3210 silly CHANGE node_modules/is-string
3211 silly CHANGE node_modules/is-stream
3212 silly CHANGE node_modules/is-shared-array-buffer
3213 silly CHANGE node_modules/is-set
3214 silly CHANGE node_modules/is-regexp
3215 silly CHANGE node_modules/is-regex
3216 silly CHANGE node_modules/is-promise
3217 silly CHANGE node_modules/is-plain-obj
3218 silly CHANGE node_modules/is-obj
3219 silly CHANGE node_modules/is-number-object
3220 silly CHANGE node_modules/is-number
3221 silly CHANGE node_modules/is-negative-zero
3222 silly CHANGE node_modules/is-interactive
3223 silly CHANGE node_modules/is-map
3224 silly CHANGE node_modules/is-inside-container
3225 silly CHANGE node_modules/is-in-ssh
3226 silly CHANGE node_modules/is-glob
3227 silly CHANGE node_modules/is-generator-function
3228 silly CHANGE node_modules/is-finalizationregistry
3229 silly CHANGE node_modules/is-extglob
3230 silly CHANGE node_modules/is-document.all
3231 silly CHANGE node_modules/is-docker
3232 silly CHANGE node_modules/is-date-object
3233 silly CHANGE node_modules/is-data-view
3234 silly CHANGE node_modules/is-core-module
3235 silly CHANGE node_modules/is-callable
3236 silly CHANGE node_modules/is-bun-module
3237 silly CHANGE node_modules/is-bun-module/node_modules/semver
3238 silly CHANGE node_modules/is-boolean-object
3239 silly CHANGE node_modules/is-bigint
3240 silly CHANGE node_modules/is-async-function
3241 silly CHANGE node_modules/is-arrayish
3242 silly CHANGE node_modules/is-array-buffer
3243 silly CHANGE node_modules/ipaddr.js
3244 silly CHANGE node_modules/ip-address
3245 silly CHANGE node_modules/internmap
3246 silly CHANGE node_modules/internal-slot
3247 silly CHANGE node_modules/inherits
3248 silly CHANGE node_modules/imurmurhash
3249 silly CHANGE node_modules/import-fresh
3250 silly CHANGE node_modules/immer
3251 silly CHANGE node_modules/ignore
3252 silly CHANGE node_modules/iconv-lite
3253 silly CHANGE node_modules/iceberg-js
3254 silly CHANGE node_modules/human-signals
3255 silly CHANGE node_modules/http-errors
3256 silly CHANGE node_modules/hono
3257 silly CHANGE node_modules/hermes-parser
3258 silly CHANGE node_modules/hermes-estree
3259 silly CHANGE node_modules/has-tostringtag
3260 silly CHANGE node_modules/hasown
3261 silly CHANGE node_modules/has-symbols
3262 silly CHANGE node_modules/has-proto
3263 silly CHANGE node_modules/has-property-descriptors
3264 silly CHANGE node_modules/has-bigints
3265 silly CHANGE node_modules/has-flag
3266 silly CHANGE node_modules/graceful-fs
3267 silly CHANGE node_modules/gopd
3268 silly CHANGE node_modules/globalthis
3269 silly CHANGE node_modules/globals
3270 silly CHANGE node_modules/get-tsconfig
3271 silly CHANGE node_modules/glob-parent
3272 silly CHANGE node_modules/get-symbol-description
3273 silly CHANGE node_modules/get-stream
3274 silly CHANGE node_modules/get-proto
3275 silly CHANGE node_modules/get-own-enumerable-keys
3276 silly CHANGE node_modules/get-intrinsic
3277 silly CHANGE node_modules/get-east-asian-width
3278 silly CHANGE node_modules/gensync
3279 silly CHANGE node_modules/generator-function
3280 silly CHANGE node_modules/fuzzysort
3281 silly CHANGE node_modules/functions-have-names
3282 silly CHANGE node_modules/function.prototype.name
3283 silly CHANGE node_modules/function-bind
3284 silly CHANGE node_modules/fs-extra
3285 silly CHANGE node_modules/fresh
3286 silly CHANGE node_modules/framer-motion
3287 silly CHANGE node_modules/forwarded
3288 silly CHANGE node_modules/for-each
3289 silly CHANGE node_modules/flatted
3290 silly CHANGE node_modules/flat-cache
3291 silly CHANGE node_modules/finalhandler
3292 silly CHANGE node_modules/find-up
3293 silly CHANGE node_modules/fill-range
3294 silly CHANGE node_modules/file-entry-cache
3295 silly CHANGE node_modules/figures
3296 silly CHANGE node_modules/fastq
3297 silly CHANGE node_modules/fast-uri
3298 silly CHANGE node_modules/fast-levenshtein
3299 silly CHANGE node_modules/fast-glob
3300 silly CHANGE node_modules/fast-glob/node_modules/glob-parent
3301 silly CHANGE node_modules/fast-json-stable-stringify
3302 silly CHANGE node_modules/fast-deep-equal
3303 silly CHANGE node_modules/express-rate-limit
3304 silly CHANGE node_modules/express
3305 silly CHANGE node_modules/execa
3306 silly CHANGE node_modules/expect-type
3307 silly CHANGE node_modules/eventsource-parser
3308 silly CHANGE node_modules/eventsource
3309 silly CHANGE node_modules/eventemitter3
3310 silly CHANGE node_modules/esutils
3311 silly CHANGE node_modules/etag
3312 silly CHANGE node_modules/estree-walker
3313 silly CHANGE node_modules/estraverse
3314 silly CHANGE node_modules/esrecurse
3315 silly CHANGE node_modules/esquery
3316 silly CHANGE node_modules/esprima
3317 silly CHANGE node_modules/espree
3318 silly CHANGE node_modules/eslint-visitor-keys
3319 silly CHANGE node_modules/eslint-scope
3320 silly CHANGE node_modules/eslint-plugin-react-hooks
3321 silly CHANGE node_modules/eslint-plugin-jsx-a11y
3322 silly CHANGE node_modules/eslint-plugin-react
3323 silly CHANGE node_modules/eslint-plugin-import
3324 silly CHANGE node_modules/eslint-plugin-import/node_modules/debug
3325 silly CHANGE node_modules/eslint-module-utils
3326 silly CHANGE node_modules/eslint-module-utils/node_modules/debug
3327 silly CHANGE node_modules/eslint-import-resolver-typescript
3328 silly CHANGE node_modules/eslint-import-resolver-node
3329 silly CHANGE node_modules/eslint-import-resolver-node/node_modules/debug
3330 silly CHANGE node_modules/eslint-config-next
3331 silly CHANGE node_modules/eslint-config-next/node_modules/globals
3332 silly CHANGE node_modules/eslint
3333 silly CHANGE node_modules/escape-string-regexp
3334 silly CHANGE node_modules/escape-html
3335 silly CHANGE node_modules/escalade
3336 silly CHANGE node_modules/esbuild
3337 silly CHANGE node_modules/es-toolkit
3338 silly CHANGE node_modules/es-to-primitive
3339 silly CHANGE node_modules/es-shim-unscopables
3340 silly CHANGE node_modules/es-set-tostringtag
3341 silly CHANGE node_modules/es-object-atoms
3342 silly CHANGE node_modules/es-module-lexer
3343 silly CHANGE node_modules/es-iterator-helpers
3344 silly CHANGE node_modules/es-define-property
3345 silly CHANGE node_modules/es-errors
3346 silly CHANGE node_modules/es-abstract-get
3347 silly CHANGE node_modules/error-ex
3348 silly CHANGE node_modules/es-abstract
3349 silly CHANGE node_modules/env-paths
3350 silly CHANGE node_modules/enquirer
3351 silly CHANGE node_modules/enhanced-resolve
3352 silly CHANGE node_modules/encodeurl
3353 silly CHANGE node_modules/emoji-regex
3354 silly CHANGE node_modules/electron-to-chromium
3355 silly CHANGE node_modules/ee-first
3356 silly CHANGE node_modules/dotenv
3357 silly CHANGE node_modules/dunder-proto
3358 silly CHANGE node_modules/dot-prop
3359 silly CHANGE node_modules/doctrine
3360 silly CHANGE node_modules/diff
3361 silly CHANGE node_modules/detect-libc
3362 silly CHANGE node_modules/depd
3363 silly CHANGE node_modules/define-lazy-prop
3364 silly CHANGE node_modules/define-properties
3365 silly CHANGE node_modules/define-data-property
3366 silly CHANGE node_modules/default-browser
3367 silly CHANGE node_modules/default-browser-id
3368 silly CHANGE node_modules/deepmerge
3369 silly CHANGE node_modules/deep-eql
3370 silly CHANGE node_modules/deep-is
3371 silly CHANGE node_modules/decimal.js-light
3372 silly CHANGE node_modules/dedent
3373 silly CHANGE node_modules/debug
3374 silly CHANGE node_modules/debounce-fn
3375 silly CHANGE node_modules/data-view-byte-offset
3376 silly CHANGE node_modules/d3-timer
3377 silly CHANGE node_modules/data-view-byte-length
3378 silly CHANGE node_modules/data-view-buffer
3379 silly CHANGE node_modules/damerau-levenshtein
3380 silly CHANGE node_modules/d3-time-format
3381 silly CHANGE node_modules/d3-time
3382 silly CHANGE node_modules/d3-shape
3383 silly CHANGE node_modules/d3-scale
3384 silly CHANGE node_modules/d3-path
3385 silly CHANGE node_modules/d3-interpolate
3386 silly CHANGE node_modules/d3-format
3387 silly CHANGE node_modules/d3-color
3388 silly CHANGE node_modules/d3-ease
3389 silly CHANGE node_modules/d3-array
3390 silly CHANGE node_modules/csstype
3391 silly CHANGE node_modules/cssesc
3392 silly CHANGE node_modules/cross-spawn
3393 silly CHANGE node_modules/cosmiconfig
3394 silly CHANGE node_modules/cookie-signature
3395 silly CHANGE node_modules/cors
3396 silly CHANGE node_modules/cookie
3397 silly CHANGE node_modules/convert-source-map
3398 silly CHANGE node_modules/content-type
3399 silly CHANGE node_modules/content-disposition
3400 silly CHANGE node_modules/conf
3401 silly CHANGE node_modules/conf/node_modules/semver
3402 silly CHANGE node_modules/conf/node_modules/json-schema-typed
3403 silly CHANGE node_modules/conf/node_modules/ajv-formats
3404 silly CHANGE node_modules/conf/node_modules/json-schema-traverse
3405 silly CHANGE node_modules/conf/node_modules/ajv
3406 silly CHANGE node_modules/color-name
3407 silly CHANGE node_modules/concat-map
3408 silly CHANGE node_modules/color-convert
3409 silly CHANGE node_modules/commander
3410 silly CHANGE node_modules/code-block-writer
3411 silly CHANGE node_modules/clsx
3412 silly CHANGE node_modules/client-only
3413 silly CHANGE node_modules/cli-spinners
3414 silly CHANGE node_modules/cli-cursor
3415 silly CHANGE node_modules/class-variance-authority
3416 silly CHANGE node_modules/check-error
3417 silly CHANGE node_modules/chalk
3418 silly CHANGE node_modules/chai
3419 silly CHANGE node_modules/canvas-confetti
3420 silly CHANGE node_modules/caniuse-lite
3421 silly CHANGE node_modules/callsites
3422 silly CHANGE node_modules/call-bind-apply-helpers
3423 silly CHANGE node_modules/call-bound
3424 silly CHANGE node_modules/cac
3425 silly CHANGE node_modules/bytes
3426 silly CHANGE node_modules/call-bind
3427 silly CHANGE node_modules/bundle-name
3428 silly CHANGE node_modules/browserslist
3429 silly CHANGE node_modules/braces
3430 silly CHANGE node_modules/body-parser
3431 silly CHANGE node_modules/body-parser/node_modules/content-type
3432 silly CHANGE node_modules/baseline-browser-mapping
3433 silly CHANGE node_modules/brace-expansion
3434 silly CHANGE node_modules/axobject-query
3435 silly CHANGE node_modules/balanced-match
3436 silly CHANGE node_modules/available-typed-arrays
3437 silly CHANGE node_modules/axe-core
3438 silly CHANGE node_modules/atomically
3439 silly CHANGE node_modules/async-function
3440 silly CHANGE node_modules/ast-types-flow
3441 silly CHANGE node_modules/ast-types
3442 silly CHANGE node_modules/assertion-error
3443 silly CHANGE node_modules/arraybuffer.prototype.slice
3444 silly CHANGE node_modules/array.prototype.tosorted
3445 silly CHANGE node_modules/array.prototype.findlastindex
3446 silly CHANGE node_modules/array.prototype.flatmap
3447 silly CHANGE node_modules/array.prototype.flat
3448 silly CHANGE node_modules/array.prototype.findlast
3449 silly CHANGE node_modules/array-includes
3450 silly CHANGE node_modules/aria-query
3451 silly CHANGE node_modules/ansi-regex
3452 silly CHANGE node_modules/array-buffer-byte-length
3453 silly CHANGE node_modules/argparse
3454 silly CHANGE node_modules/ansi-styles
3455 silly CHANGE node_modules/ansi-colors
3456 silly CHANGE node_modules/ajv-formats
3457 silly CHANGE node_modules/ajv-formats/node_modules/json-schema-traverse
3458 silly CHANGE node_modules/ajv-formats/node_modules/ajv
3459 silly CHANGE node_modules/ajv
3460 silly CHANGE node_modules/acorn-jsx
3461 silly CHANGE node_modules/accepts
3462 silly CHANGE node_modules/acorn
3463 verbose cwd C:\Users\patri\Desktop\Website\SPTC\next
3464 verbose os Windows_NT 10.0.26200
3465 verbose node v24.16.0
3466 verbose npm  v11.13.0
3467 verbose exit 0
3468 info ok
